Nº,Código,Centros (actualizado a 30/01/2024),Domicilio,Localidad,Provincia,Cpostal,Teléfono
1,04000018,C.E.I.P. JOAQUÍN TENA SICILIA (04000018),"Paseo San Segundo, 7",Abla,Almería,4510,950359901
2,04501032,S.E.P. ABLA (04501032),"Avda. Santos Mártires, s/n",Abla,Almería,4510,950359522
3,04000021,C.E.I.P. ANTONIO RELAÑO (04000021),"C/ Balsillas, 36",Abrucena,Almería,4520,950359902
4,04602079,C.E.I.P. ABDERA (04602079),"Cañ. de los Gallos, s/n",Adra,Almería,4770,950579887
5,04000092,C.E.I.P. MARE NOSTRUM (04000092),"C/ Estero, s/n",Adra,Almería,4770,950579579
6,04005399,C.E.I.P. PEDRO MENA (04005399),"C/ Academia, 2",Adra,Almería,4770,950579849
7,04000080,C.E.I.P. SAN FERNANDO (04000080),"C/ Tarrasa, 20",Adra,Almería,4770,950579877
8,04000079,C.E.I.P. SAN NICOLÁS (04000079),"C/ Zacatín, 39",Adra,Almería,4770,950579833
9,04500234,C.E.PER. MEDITERRÁNEO (04500234),"C/ Marisma, 6",Adra,Almería,4770,950579500
10,04000110,I.E.S. ABDERA (04000110),"C/ Marisma, 6",Adra,Almería,4770,950400711
11,04000134,I.E.S. GAVIOTA (04000134),"C/ Estero, 4",Adra,Almería,4770,950579614
12,04700430,I.E.S. VIRGEN DEL MAR (04700430),"C/ Trigo, 30",Adra,Almería,4770,950579800
13,04005594,C.E.I.P. ARCO IRIS (04005594),"C/ Celindo, 68",Aguadulce,Almería,4720,950156506
14,04601646,C.E.I.P. BLAS INFANTE (04601646),"C/ Jairán, 1",Aguadulce,Almería,4720,950156887
15,04602158,C.E.I.P. FRANCISCO SÁIZ SANZ (04602158),"C/ Sonora, 76",Aguadulce,Almería,4720,950156957
16,04004383,C.E.I.P. TORREQUEBRADA (04004383),"C/ Costa Brava, s/n. Torrequebrada",Aguadulce,Almería,4721,950156626
17,04003706,C.E.I.P. TRINIDAD MARTÍNEZ (04003706),"C/ Arizona, 29",Aguadulce,Almería,4720,950156756
18,04006410,C.E.I.P. VIRGILIO VALDIVIA (04006410),"C/ Gran Canaria, s/n",Aguadulce,Almería,4720,671599958
19,04700260,I.E.S. AGUADULCE (04700260),"C/ Alhambra, 11",Aguadulce,Almería,4720,950156742
20,04700673,I.E.S. CARLOS III (04700673),"Ctra. de los Motores, s/n. Bda. La",Aguadulce,Almería,4720,950156811
21,04006045,I.E.S. MAR MEDITERRÁNEO (04006045),"C/ Parcela 4-Sector 4º, junto a Pal",Aguadulce,Almería,4720,950156963
22,04601981,C.P.R. FILABRES (04601981),"C/ Almería, 28",Albánchez,Almería,4857,950639579
23,04501123,S.E.P. EL MANANTIAL (ALBANCHEZ-LÍJAR) (04501123),"C/ Real, 1. Edificio Cámara Agraria",Albánchez,Almería,4857,950122001
24,04008686,C.P.R. AZAHAR (04008686),"C/ Ruedos del Pueblo, s/n",Alboloduy,Almería,4531,950156848
25,04000213,C.E.I.P. VELÁZQUEZ (04000213),"C/ Buenavista, s/n",Albox,Almería,4800,950639913
26,04000225,C.E.I.P. VIRGEN DEL SALIENTE (04000225),"Pago Aljara, s/n",Albox,Almería,4800,950639544
27,04700201,C.E.M. EMILIA PEÑA (04700201),"C/ Rosario, 27",Albox,Almería,4800,950639551
28,04500908,C.E.PER. BLAS INFANTE (04500908),"C/ Monterroel, nº 33",Albox,Almería,4800,950639638
29,04601993,C.P.R. MEDIO ALMANZORA II (04601993),"C/ Pago Aljara, s/n",Albox,Almería,4800,950639912
30,04001904,E.M.M. D.BARTOLOMÉ MARÍN LÓPEZ (04001904),"C/ Buenavista, s/n",Albox,Almería,4800,950120908
31,04000250,I.E.S. CARDENAL CISNEROS (04000250),"Avda. de América, s/n",Albox,Almería,4800,950639900
32,04005284,I.E.S. MARTÍN GARCÍA RAMOS (04005284),"Ctra. de la Estación, 8",Albox,Almería,4800,697951168
33,04602092,C.P.R. ALCOLEA-FONDÓN (04602092),"C/ Río de Alcolea, 1",Alcolea,Almería,4480,950515542
34,04500180,S.E.P. SAN SEBASTIÁN (04500180),"C/ Carretera, 21",Alcolea,Almería,4480,950608135
35,04000365,C.E.I.P. JUAN XXIII (04000365),"C/ Calvario, 1",Alhabia,Almería,4567,950156857
36,04000377,C.E.I.P. INMACULADA CONCEPCIÓN (04000377),"C/ Alcalde Juan Martínez Rodríguez,",Alhama de Almería,Almería,4400,950156859
37,04700259,I.E.S. CERRO MILANO (04700259),"Ctra. Gador-Laujar, s/n",Alhama de Almería,Almería,4400,950156736
38,04500039,S.E.P. ALHAMA DE ALMERÍA (04500039),"Plaza Inmaculada, s/n",Alhama de Almería,Almería,4400,950156670
39,04602109,C.E.I.P. ALICÚN-HUÉCIJA (04602109),Ctra. de Alicún a Huécija,Alicún,Almería,4409,950156898
40,04001291,C.E.E.E. C.APOYO.I.SORDOS ROSA RELAÑO (04001291),"C/ Carrera Limoneros, 15",Almería,Almería,4080,950156547
41,04000985,C.E.E.E. PROVINCIAL PRINCESA SOFÍA (04000985),"C/ Pablo Neruda, 5",Almería,Almería,4009,950156545
42,04005673,C.E.I.P. ADELA DÍAZ (04005673),"C/ Padre Méndez, s/n",Almería,Almería,4006,950156206
43,04601567,C.E.I.P. ALFREDO MOLINA MARTÍN (04601567),"C/ Fernando de Rojas, 4",Almería,Almería,4008,950156272
44,04001072,C.E.I.P. ÁNGEL SUQUÍA (04001072),"C/ Sierra de Bacares, 1",Almería,Almería,4009,950156142
45,04001229,C.E.I.P. AVE MARÍA DEL DIEZMO (04001229),"Otros Carrera del Mami, 110",Almería,Almería,4009,950156166
46,04000924,C.E.I.P. AVE MARÍA DEL QUEMADERO (04000924),"C/ Barranco Bolas, 7",Almería,Almería,4008,950156132
47,04005235,C.E.I.P. COLONIA ARACELI (04005235),"C/ Virgen de las Angustias, 2",Almería,Almería,4009,950156201
48,04001308,C.E.I.P. EL PUCHE (04001308),"Avda. Mare Nostrum, 56",Almería,Almería,4009,950156175
49,04000857,C.E.I.P. EUROPA JOSÉ RAMOS SANTANDER (04000857),"Avda. Madre María Aznar, 272",Almería,Almería,4009,950156697
50,04000997,C.E.I.P. FRANCISCO DE GOYA (04000997),"Cmo. de la Cruz de Caravaca, 222",Almería,Almería,4008,671535578
51,04000973,C.E.I.P. FREINET (04000973),"Ctra. de Ronda, 100",Almería,Almería,4006,950156136
52,04000791,C.E.I.P. GINER DE LOS RÍOS (04000791),"C/ Cervantes, 4",Almería,Almería,4003,950156115
53,04006446,C.E.I.P. GINÉS MORATA (04006446),"C/ Sahara, 137",Almería,Almería,4009,950153325
54,04004954,C.E.I.P. INDALO (04004954),"C/ Granada, 249",Almería,Almería,4008,950156195
55,04000808,C.E.I.P. INÉS RELAÑO (04000808),"C/ General Luque, 31",Almería,Almería,4002,950156119
56,04005697,C.E.I.P. JOSEFINA BARO SOLER (04005697),"Avda. Mare Nostrum, s/n",Almería,Almería,4009,950156642
57,04000729,C.E.I.P. JUAN RAMÓN JIMÉNEZ (04000729),"C/ Alfarerías, 43",Almería,Almería,4008,950156109
58,04000811,C.E.I.P. LA CHANCA (04000811),"Avda. del Mar, s/n",Almería,Almería,4002,950156120
59,04000870,C.E.I.P. LOPE DE VEGA (04000870),"C/ Chile, 42",Almería,Almería,4007,950156924
60,04000900,C.E.I.P. LOS ALMENDROS (04000900),"Brr. Los Almendros, s/n",Almería,Almería,4009,950156130
61,04001281,C.E.I.P. LOS MILLARES (04001281),"Finca Santa Isabel, s/n",Almería,Almería,4008,950156173
62,04001266,C.E.I.P. LUIS SIRET (04001266),"Avda. Santa Isabel, 29",Almería,Almería,4005,950156168
63,04005041,C.E.I.P. MADRE DE LA LUZ (04005041),"C/ Calzada de Castro, 3",Almería,Almería,4006,950156550
64,04005326,C.E.I.P. MAR MEDITERRÁNEO (04005326),"C/ Jóse Morales Abad, 9",Almería,Almería,4007,950156203
65,04006100,C.E.I.P. NUEVA ALMERÍA (04006100),"C/ Camino de Jaul, esquina Fernando",Almería,Almería,4007,950156679
66,04602134,C.E.I.P. RAFAEL ALBERTI (04602134),"C/ Marina, s/n",Almería,Almería,4007,950156208
67,04000948,C.E.I.P. SAN FERNANDO (04000948),"C/ Rodrigo Vivas Miras, 28",Almería,Almería,4007,950156134
68,04000730,C.E.I.P. SAN GABRIEL (04000730),"C/ Villa de Artes, 13",Almería,Almería,4006,950156113
69,04004671,C.E.I.P. SAN LUIS (04004671),"C/ De los Colegios, 12",Almería,Almería,4009,950156178
70,04000821,C.E.I.P. SAN VALENTÍN (04000821),"C/ Burgos, 45",Almería,Almería,4007,950156124
71,04004747,C.E.I.P. SANTA ISABEL (04004747),"Cmo. la Molineta, 2",Almería,Almería,4008,950156184
72,04000833,C.E.I.P. VIRGEN DEL LORETO (04000833),"C/ José María Artero, 12",Almería,Almería,4007,950156127
73,04000717,C.E.I.P. VIRGEN DEL MAR (04000717),"C/ Granada, 177",Almería,Almería,4008,950156107
74,04500660,C.E.PER. BARRIO ALTO (04500660),"Plaza Béjar, 19",Almería,Almería,4005,647756718
75,04500763,C.E.PER. LA CHANCA (04500763),Avda. del Mar s/n,Almería,Almería,4002,950156636
76,04500751,C.E.PER. QUINIENTAS VIVIENDAS (04500751),C/ Gijón nº1,Almería,Almería,4007,950156581
77,04500775,C.E.PER. RETAMAR (04500775),"Ctra. de los Úbeda, s/n",Almería,Almería,4071,950153102
78,04005053,C.E.PR. PADRE MÉNDEZ (04005053),"Avda. Padre Méndez, 29",Almería,Almería,4006,950156197
79,04006239,C.P.D. KINA JIMÉNEZ (04006239),Avda. Maestro Gaspar Vivas- Esquin,Almería,Almería,4001,671531014
80,04001205,C.P.I.F.P. ALMERAYA (04001205),"Paseo de la Caridad, 125",Almería,Almería,4008,950156552
81,04600022,C.P.M. REAL CONSERVATORIO PROFESIONAL DE MÚSICA JULIÁN ARCAS (04600022),"C/ Padre Méndez, s/n",Almería,Almería,4006,950156248
82,04001242,E.A.S.D. CARLOS PÉREZ SIQUIER (04001242),"Plaza Pablo Cazard, 1",Almería,Almería,4001,950156158
83,04601580,E.I. MAESTRO PADILLA (04601580),"C/ Grecia, 1",Almería,Almería,4009,950156543
84,04001230,E.I. MAR DE ALBORÁN (04001230),"Avda. Padre Méndez, s/n",Almería,Almería,4006,950156542
85,04700181,E.O.I. ALMERÍA (04700181),"Paseo de la Caridad, 125- Finca San",Almería,Almería,4008,950156266
86,04004620,I.E.S. AL-ÁNDALUS (04004620),"Paseo de la Caridad, 125. Finca San",Almería,Almería,4008,950156936
87,04005958,I.E.S. ALBAIDA (04005958),"Ctra. de Níjar, s/n. Bda. Los Molin",Almería,Almería,4009,950156290
88,04004802,I.E.S. ALBORÁN - MANUEL CÁLIZ (04004802),"Avda. Padre Méndez, 30",Almería,Almería,4006,950156559
89,04001163,I.E.S. ALHADRA (04001163),"C/ de los Colegios, 7",Almería,Almería,4009,950156930
90,04000699,I.E.S. ALHAMILLA (04000699),"Avda. Federico García Lorca, 130",Almería,Almería,4005,950156100
91,04700442,I.E.S. AZCONA (04700442),"C/ Policia José Rueda Alcaraz, 1",Almería,Almería,4006,950156222
92,04700156,I.E.S. BAHÍA DE ALMERÍA (04700156),"C/ Luis Vives, s/n",Almería,Almería,4006,950156275
93,04001151,I.E.S. CELIA VIÑAS (04001151),"C/ Javier Sanz, 15",Almería,Almería,4004,950156151
94,04700466,I.E.S. CRUZ DE CARAVACA (04700466),"C/ La Molineta, s/n",Almería,Almería,4008,950156644
95,04004814,I.E.S. EL ARGAR (04004814),"Paseo de la Caridad, 125",Almería,Almería,4008,950156189
96,04700326,I.E.S. GALILEO (04700326),"Avda. del Mar, 8",Almería,Almería,4007,671530946
97,04001187,I.E.S. LOS ÁNGELES (04001187),"C/ Maestría, 2",Almería,Almería,4008,671530970
98,04700454,I.E.S. MAESTRO PADILLA (04700454),"Avda. del Mediterráneo, 53",Almería,Almería,4007,950156226
99,04001141,I.E.S. NICOLÁS SALMERÓN ALONSO (04001141),"C/ Celia Viñas, s/n",Almería,Almería,4007,950156149
100,04700511,I.E.S. RÍO ANDARAX (04700511),"Avda. Mare Nostrum, s/n",Almería,Almería,4009,950156241
101,04700651,I.P.E.P. ALMERÍA (04700651),"Paseo de la Caridad, 125. Finca San",Almería,Almería,4008,950156163
102,04500581,S.E.P. ALCAZABA (04500581),"C/ Cervantes, 4",Almería,Almería,4003,950153302
103,04501093,S.E.P. ALMARIYA (04501093),"C/ Sierra Bacares, 1 C.P. Ángel Suq",Almería,Almería,4009,671593042
104,04501135,S.E.P. AZORÍN (04501135),"C/ Arcipreste de Hita, 26",Almería,Almería,4006,950153109
105,04500672,S.E.P. EL PUCHE (04500672),"Avda. Marenostrum, 1",Almería,Almería,4009,950156520
106,04500696,S.E.P. FUENTECICA (04500696),"C/ Fernando de Rojas, 4 C.P. Alfred",Almería,Almería,4008,950156638
107,04500726,S.E.P. INFANTA LEONOR-LOS ALMENDROS (04500726),"Brr. Los Almendros, s/n. C.P. Los A",Almería,Almería,4009,671599994
108,04500659,S.E.P. LOS MOLINOS (04500659),"C/ Carrera del Mamí, n.º 110",Almería,Almería,4009,950228781
109,04500684,S.E.P. QUEMADERO (04500684),"C/ Largo Caballero, 41, Bajo",Almería,Almería,4008,950156629
110,04501101,S.E.P. SAN LUIS-TORRECÁRDENAS (04501101),Ctra. de Ronda 216. I.E.S Alhamilla,Almería,Almería,4009,950156621
111,04007517,C.E.I.P. ALMERIMAR (04007517),"C/ La Sal, esquina c/ Mascarón",Almerimar,Almería,4711,950034008
112,04010942,C.E.I.P. BAHÍA DE ALMERIMAR (04010942),"C/ Sal, esquina C/ Mascarón",Almerimar,Almería,4711,682193914
113,04001448,C.E.I.P. EL ARGAR (04001448),"C/ Blas Infante, 15",Antas,Almería,4628,950451552
114,04000766,I.E.S. AZAHAR (04000766),"C/ Juan Carlos I, s/n",Antas,Almería,4628,950451949
115,04500465,S.E.P. FUENTE VERMEJA (04500465),"C/ Aire, s/n",Antas,Almería,4628,950451677
116,04001485,C.E.I.P. NTRA. SRA. DE LA ASUNCIÓN (04001485),"C/ La Torre, s/n",Arboleas,Almería,4660,950639916
117,04601968,C.P.R. ALTO ALMANZORA (04601968),"Otros Plazoleta de los Pinos, 1",Armuña de Almanzora,Almería,4888,950429907
118,04001771,C.E.I.P. BUENAVISTA (04001771),"C/ El Llano, 4",Balanegra,Almería,4713,950579886
119,04002192,C.E.I.P. MIGUEL SERVET (04002192),"C/ Góngora, 103",Balerma,Almería,4712,950579941
120,04700533,I.E.S. MAR AZUL (04700533),"Ctra. de Guardias Viejas, s/n",Balerma,Almería,4712,950579694
121,04602161,C.P.R. ALPUJARRA ALTA (04602161),"C/ Granada, s/n",Bayárcal,Almería,4479,950515550
122,04602195,C.E.I.P. EL PUNTAL (04602195),C/ Solana s/n,Bédar,Almería,4288,950451936
123,04001709,C.E.I.P. PADRE MANJÓN (04001709),"Plaza Manuel Zamora Cruz, s/n",Benahadux,Almería,4410,950156500
124,04700545,I.E.S. AURANTIA (04700545),Ctra. Nacional 340,Benahadux,Almería,4410,950156990
125,04004723,C.E.I.P. CELIA VIÑAS (04004723),"Ctra. Benejí, 5",Berja,Almería,4760,950579846
126,04001795,C.E.I.P. SAN TESIFÓN (04001795),"Ctra. de Turón, s/n",Berja,Almería,4760,950579904
127,04001783,C.E.PR. ANDRÉS MANJÓN (04001783),"Paseo de Cervantes, 11",Berja,Almería,4760,950579835
128,04004541,E.I. BARAJAS (04004541),"C/ Moaja, 1",Berja,Almería,4760,950579537
129,04001825,I.E.S. SIERRA DE GÁDOR (04001825),"C/ Ramón y Cajal, 1",Berja,Almería,4760,950579548
130,04008315,I.E.S. VILLAVIEJA (04008315),"Avda. del Estudiante, s/n",Berja,Almería,4760,950579672
131,04501081,S.E.P. ENGARPE (04501081),"C/ Carolinas, 17",Berja,Almería,4760,950579691
132,04003238,C.E.I.P. CONCORDIA (04003238),"C/ Itálica, s/n",Campohermoso,Almería,4110,600140444
133,04601798,C.E.I.P. LA LIBERTAD (04601798),"C/ Motorista, 12",Campohermoso,Almería,4110,950368908
134,04700132,I.E.S. CAMPOS DE NÍJAR (04700132),"C/ Camino del Calvo, 43",Campohermoso,Almería,4110,950368915
135,04001886,C.E.I.P. SANTA CRUZ (04001886),"C/ Suspiro, 32",Canjáyar,Almería,4450,950515903
136,04005533,I.E.S. VALLE DE ANDARAX (04005533),"C/ Olivares, s/n",Canjáyar,Almería,4450,950515905
137,04500179,S.E.P. CANJÁYAR (04500179),"C/ Animas, 3",Canjáyar,Almería,4450,950515514
138,04001916,C.E.I.P. CERRO CASTILLO (04001916),"Avda. de España, 1",Cantoria,Almería,4850,950639918
139,04001931,I.E.S. VALLE DEL ALMANZORA (04001931),"Avda. España, 33",Cantoria,Almería,4850,950639924
140,04500933,S.E.P. EL CANTAR DEL RÍO (04500933),"Avda. Almanzora, s/n.",Cantoria,Almería,4850,950639624
141,04005338,C.E.I.P. FEDERICO GARCÍA LORCA (04005338),"C/ Goya, 2",Carboneras,Almería,4140,950451687
142,04601610,C.E.I.P. SAN ANTONIO DE PADUA (04601610),"Cmo. del Carril, 13",Carboneras,Almería,4140,950451691
143,04001965,C.E.I.P. SIMÓN FUENTES (04001965),"Avda. Joan Manuel Serrat, 149",Carboneras,Almería,4140,950451671
144,04700053,I.E.S. JUAN GOYTISOLO (04700053),"C/ Joan Manuel Serrat, s/n",Carboneras,Almería,4140,950451773
145,04501068,S.E.P. ARTURO PÉREZ REVERTE (04501068),Cmo. Carril s/n. FORO CENTRO ABIE,RCTarboneras,Almería,4140,950451713
146,04002179,C.E.I.P. JERÓNIMA RECHE (04002179),"C/ Aurora, 1",Chirivel,Almería,4825,950419923
147,04500118,S.E.P. CHIRIVEL (04500118),C/ Mariano s/n,Chirivel,Almería,4825,950419543
148,04005211,C.E.I.P. LA CANAL (04005211),"Ctra. de la Canal, s/n",Congo-Canal,Almería,4738,950156794
149,04003718,C.E.I.P. LLANOS DE MARÍN (04003718),"C/ Cortijos de Marín, s/n",Cortijada de Marín,Almería,4740,950156761
150,04002027,C.E.I.P. ÁLVAREZ SOTOMAYOR (04002027),"C/ Hermanos Machado, 30",Cuevas del Almanzora,Almería,4610,950451703
151,04005557,C.E.I.P. ENCARNACIÓN ASENSIO GRANADOS (04005557),"C/ Hermanos Machado, s/n",Cuevas del Almanzora,Almería,4610,950451716
152,04002039,C.E.I.P. NTRA. SRA. DEL CARMEN (04002039),"C/ Rulador, 2",Cuevas del Almanzora,Almería,4610,950451608
153,04500453,C.E.PER. DOLORES BERNAL MARTÍNEZ (04500453),"Plaza Plaza de Abastos, s/n, bajo",Cuevas del Almanzora,Almería,4610,950451635
154,04700211,C.P.M. MIGUEL CAPARRÓS BELMONTE (04700211),"C/ Doctor Emilio Gimeno, s/n",Cuevas del Almanzora,Almería,4610,950451576
155,04010450,E.M.M. CUEVAS DEL ALMANZORA (04010450),"C/ El convento, s/n ""Convento San F",Cuevas del Almanzora,Almería,4610,617440008
156,04002052,I.E.S. JAROSO (04002052),"Avda. Carlos Herrera, 25",Cuevas del Almanzora,Almería,4610,950451705
157,04002234,C.E.I.P. LUIS VIVES (04002234),"C/ Padre Rubio, 42",Dalías,Almería,4750,950579942
158,04700557,I.E.S. CIUDAD DE DALÍAS (04700557),"Avda. de las Alpujarras, 254",Dalías,Almería,4750,950579808
159,04500283,S.E.P. AL-HUDRY (04500283),"C/ Casino, 18",Dalías,Almería,4750,626466792
160,04001321,C.E.I.P. SAN BERNARDO (04001321),"Ctra. de Níjar, s/n",El Alquián,Almería,4130,950156534
161,04005612,C.E.I.P. SAN VICENTE (04005612),"Brr. San Vicente, 32",El Alquián,Almería,4130,950156537
162,04700521,I.E.S. EL ALQUIÁN (04700521),"Ctra. de Níjar, s/n",El Alquián,Almería,4130,950156984
163,04001345,C.E.I.P. VIRGEN DEL MAR (04001345),"Plaza de la Iglesia, s/n",El Cabo de Gata,Almería,4150,950156370
164,04602018,C.P.R. SAN MIGUEL (04602018),"Plaza Virgen de Fátima, 6",El Convoy,Almería,4640,950451565
165,04002261,C.E.I.P. DIEGO VELÁZQUEZ (04002261),"Avda. Príncipes de España, 13",El Ejido,Almería,4700,950579950
166,04002283,C.E.I.P. JOSÉ SALAZAR (04002283),"C/ Venezuela, 1. Aptdo. correos 10",El Ejido,Almería,4700,950579553
167,04006151,C.E.I.P. LAIMÚN (04006151),"Paseo de las Mimosas, 54",El Ejido,Almería,4700,950156798
168,04002271,C.E.I.P. LOMA DE SANTO DOMINGO (04002271),"C/ Alonso Ojeda, 19",El Ejido,Almería,4700,950579814
169,04002258,C.E.I.P. SANTIAGO RAMÓN Y CAJAL (04002258),"C/ Príncipes de España, 15",El Ejido,Almería,4700,697951521
170,04005430,C.E.I.P. TERESA DE JESÚS (04005430),"C/ Chopin, 11",El Ejido,Almería,4700,950579830
171,04005818,C.E.I.P. TIERNO GALVÁN (04005818),"C/ Pío Baroja,100",El Ejido,Almería,4700,950156917
172,04500520,C.E.PER. PABLO FREIRE (04500520),"C/ Zorrilla, 49",El Ejido,Almería,4700,950484816
173,04601622,C.E.PR. CIAVIEJA (04601622),"C/ Octavio Augusto, 22",El Ejido,Almería,4700,950156922
174,04700193,C.P.M. EL EJIDO (04700193),"C/ África, nº 1",El Ejido,Almería,4700,950579724
175,04005351,E.I. GABRIELA MISTRAL (04005351),"C/ Octavio Augusto, 11",El Ejido,Almería,4700,950579716
176,04005715,E.I. GLORIA FUERTES (04005715),"C/ París, 13. Bda. Santo Domingo",El Ejido,Almería,4700,950156521
177,04005341,E.I. PUNTA SABINAR (04005341),"C/ Huelva, 104. Apdo. correos 237",El Ejido,Almería,4700,697950361
178,04700314,E.O.I. EL EJIDO (04700314),"Avda. Príncipes de España, 17",El Ejido,Almería,4700,950156270
179,04700272,I.E.S. FUENTE NUEVA (04700272),"Avda. Príncipes de España, 115",El Ejido,Almería,4700,950579927
180,04006689,I.E.S. LUZ DEL MAR (04006689),"Avda. de la Luz, s/n",El Ejido,Almería,4700,950101036
181,04004826,I.E.S. MURGI (04004826),"Avda. Príncipes de España, 17",El Ejido,Almería,4700,950579920
182,04700481,I.E.S. PABLO RUIZ PICASSO (04700481),"C/ Loma de la Mezquita, 170",El Ejido,Almería,4700,950156820
183,04002313,I.E.S. SANTO DOMINGO (04002313),"Avda. Oasis, 135",El Ejido,Almería,4700,950579820
184,04601890,E.I. LLANO DE DON ANTONIO (04601890),"C/ El Llano de Don Antonio, s/n",El Llano de Don Antonio,Almería,4149,950451976
185,04003755,C.E.I.P. FRANCISCO VILLAESPESA (04003755),"C/ Escuelas, s/n",El Parador de las Hortichuelas,Almería,4720,950156765
186,04000331,I.E.S. EL PARADOR (04000331),"C/ Eduardo Fajardo, 50",El Parador de las Hortichuelas,Almería,4721,950156850
187,04004632,C.E.I.P. FUENTESANTILLA (04004632),"C/ Grupo Escolar, 17",El Puente del Río,Almería,4779,950579844
188,04601555,C.E.I.P. PROFESOR TIERNO GALVÁN (04601555),"C/ Alondra, s/n. Bda. San Francisco",El Saltador,Almería,4694,950451931
189,04602171,C.E.I.P. PONIENTE (04602171),"C/ Écija, 5",El Solanillo,Almería,4743,950156971
190,04003366,C.P.R. HISTORIADOR PADRE TAPIA (04003366),"Ronda de El Viso, bajo",El Viso,Almería,4113,950368513
191,04009642,C.P.R. NUEVO (04009642),C/ Carretera s/n,Felix,Almería,null,950156539
192,04002507,C.E.I.P. RAFAELA FERNÁNDEZ (04002507),"C/ Oceanía, 12",Fines,Almería,4869,950639907
193,04500881,S.E.P. EL OLIVAR (04500881),"C/ Jardines, 1",Fines,Almería,4869,950639630
194,04002519,C.E.I.P. SAN SEBASTIÁN (04002519),"C/ Pedro Tena, 1",Fiñana,Almería,4500,950359527
195,04002532,I.E.S. SIERRA NEVADA (04002532),"Avda. Juan Aparicio, 3",Fiñana,Almería,4500,950359515
196,04501044,S.E.P. FIÑANA-ABRUCENA (04501044),C/ Pedro de Tena. C.P. General Sali,Fiñana,Almería,4500,null
197,04500155,S.E.P. VIRGEN DE LAS ANGUSTIAS(FONDÓN-BENECID) (04500155),"C/ La Fuente, 2",Fondón,Almería,4460,950515515
198,04002593,C.E.I.P. SOLEDAD ALONSO DRYSDALE (04002593),"C/ La Paz, 11",Gádor,Almería,4560,950156708
199,04700569,I.E.S. GÁDOR-FRANCISCO JAVIER ROMÁN (04700569),"C/ La Peseta, 2",Gádor,Almería,4560,950156827
200,04500040,S.E.P. GÁDOR (04500040),"C/ La Paz, 9",Gádor,Almería,4560,950156660
201,04602110,C.E.I.P. EX MARI ORTA (04602110),"Avda. Vista Alegre, s/n",Garrucha,Almería,4630,950451901
202,04002611,C.E.I.P. HISPANIDAD (04002611),"C/ Mayor, 220",Garrucha,Almería,4630,950451548
203,04001497,I.E.S. MEDITERRÁNEO (04001497),"Ctra. AL-153, Km 1¿5",Garrucha,Almería,4630,950451681
204,04500507,S.E.P. ATALAYA (04500507),"C/ Subida de la Marina, 1",Garrucha,Almería,4630,950451695
205,04002635,C.E.I.P. ANTONIA ARTIGAS (04002635),"C/ Sebastián Pérez, 168",Gérgal,Almería,4550,950359543
206,04501019,S.E.P. GÉRGAL (04501019),"Plaza Nueva, 5. Biblioteca Municipa",Gérgal,Almería,4550,950353103
207,04005090,C.E.I.P. NTRA. SRA. DEL ROSARIO (04005090),"C/ Cuesta Marquina, 33",Guazamara,Almería,4647,950451790
208,04002660,C.E.I.P. BUENAVISTA (04002660),"C/ Cervantes, 13",Huércal de Almería,Almería,4230,950156712
209,04009371,C.E.I.P. CLARA CAMPOAMOR (04009371),"C/ Sierra de Cazorla, s/n",Huércal de Almería,Almería,4230,950153003
210,04006173,C.E.I.P. LA JARILLA (04006173),"C/ Río Duero, 1 B",Huércal de Almería,Almería,4230,950156914
211,04005582,C.E.I.P. VEINTIOCHO DE FEBRERO (04005582),Avda. 28 de Febrero. Finca Casa Alt,Huércal de Almería,Almería,4230,950156503
212,04700570,I.E.S. CARMEN DE BURGOS (04700570),"C/ Maestra Doña Paquita, 2",Huércal de Almería,Almería,4230,950156838
213,04500799,S.E.P. HUÉRCAL DE ALMERÍA (04500799),"C/ Tierno Galván, 30",Huércal de Almería,Almería,4230,950156604
214,04010954,S.E.S.O. DEL I.E.S. CARMEN DE BURGOS (04010954),"C/ Paseo de Generalife, nº 32",Huércal de Almería,Almería,4230,696883770
215,04005120,C.E.I.P. PRÍNCIPE FELIPE (04005120),"C/ Arco, 98",Huércal-Overa,Almería,4600,950451963
216,04002684,C.E.I.P. SAN JOSÉ DE CALASANZ (04002684),"Paseo Alameda, 10",Huércal-Overa,Almería,4600,950451912
217,04002696,C.E.I.P. VIRGEN DEL RÍO (04002696),"Avda. Guillermo Reyna, s/n",Huércal-Overa,Almería,4600,950451618
218,04601971,C.P.R. ESTANCIAS (04601971),"C/ Fresno, s/n. Bda. de San Isidro",Huércal-Overa,Almería,4600,950451934
219,04006203,E.O.I. HUÉRCAL-OVERA (04006203),"Avda. Guillermo Reina, 35",Huércal-Overa,Almería,4600,950451726
220,04005363,I.E.S. AL-BUJAIRA (04005363),"Avda. Guillermo Reyna, 37",Huércal-Overa,Almería,4600,950451920
221,04002714,I.E.S. CURA VALERA (04002714),"Avda. Guillermo Reyna, 35",Huércal-Overa,Almería,4600,950451905
222,04500428,S.E.P. PAULO FREIRE (04500428),"C/ Segura, s/n",Huércal-Overa,Almería,4600,950451633
223,04602043,C.P.R. VALLE DE ANDARAX (04602043),"C/ San Sebastián, s/n",Instinción,Almería,4430,950156960
224,04004474,C.E.I.P. LA ALFOQUIA (04004474),"C/ Albaida, 2",La Alfoquia,Almería,4661,950639500
225,04602080,C.E.I.P. ALBORAIDA (04602080),"C/ La Rambla, 15",La Alquería,Almería,4779,677982664
226,04004498,C.E.I.P. FERRER GUARDIA (04004498),Otros DS El Charco.Llanos de la Cañ,La Cañada de San Urbano,Almería,4120,950156620
227,04001357,C.E.I.P. SAN INDALECIO (04001357),"Cmo. Playa, 17",La Cañada de San Urbano,Almería,4120,950156428
228,04700107,I.E.S. SOL DE PORTOCARRERO (04700107),"Ctra. de Níjar, Km 7",La Cañada de San Urbano,Almería,4120,950156950
229,04501111,S.E.P. ALKAYASÍ (04501111),"C/ Luis Abad Carretero, 9",La Cañada de San Urbano,Almería,4120,950153107
230,04001382,C.E.I.P. MAESTRO RODRÍGUEZ ESPINOSA (04001382),"C/ Real, 2",La Cueva de los Medinas,Almería,4160,950010117
231,04601865,C.E.I.P. FEDERICO GARCÍA LORCA (04601865),"C/ Federico García Lorca, s/n",La Fuente,Almería,4647,950451570
232,04601695,C.E.I.P. BLAS INFANTE (04601695),"Cmo. de los Metaleros, s/n",La Gangosa,Almería,4738,950156893
233,04005223,C.E.I.P. NTRA. SRA. DE LA MERCED (04005223),"Avda. Guadalquivir, 75",La Gangosa,Almería,4738,950156797
234,04006161,C.E.I.P. SAINT SYLVAIN D'ANJOU (04006161),"Avda. Pintor Ginés Parra, s/n",La Gangosa,Almería,4738,950156843
235,04700624,I.E.S. VILLA DE VÍCAR (04700624),Avda. Pintor Cristóbal González Sot,La Gangosa,Almería,4738,950156992
236,04005442,C.E.I.P. ÁNGEL FRIGOLA (04005442),"C/ Rosaleda,19",La Mojonera,Almería,4745,950156915
237,04002489,C.E.I.P. SAN PEDRO APÓSTOL (04002489),"C/ Profesor Tierno Galván, s/n",La Mojonera,Almería,4745,950156706
238,04602213,C.E.I.P. 10 DE ABRIL (04602213),"C/ Epifanio Lupión, s/n",La Mojonera,Almería,4745,950156973
239,04700363,I.E.S. LA MOJONERA (04700363),"Cmo. Cuesta Blanca, s/n",La Mojonera,Almería,4745,950156969
240,04500337,S.E.P. NUESTRA SEÑORA DE LA FUENSANTA(LA MOJONERA-VISO) (04500337),"C/ del Sol, 4",La Mojonera,Almería,4745,950156329
241,04601634,C.E.I.P. LA VENTA DEL VISO (04601634),"C/ Diego de Velázquez, 39",La Venta del Viso,Almería,4746,950156885
242,04601701,C.E.I.P. FEDERICO GARCÍA LORCA (04601701),"Avda. Federico García Lorca, 110",Las Cabañuelas,Almería,4738,950156895
243,04004851,C.E.I.P. NUEVA ANDALUCÍA (04004851),"Tvsía. Carretera, 1",Las Cuatro Higueras,Almería,4779,950579882
244,04008421,C.E.I.P. GABRIEL CARA (04008421),"C/ Cerro Muriano, 1",Las Marinas,Almería,4740,697953847
245,04003721,C.E.I.P. LAS MARINAS (04003721),"C/ Bartolomé de las Casas, 1",Las Marinas,Almería,4740,950156762
246,04000341,I.E.S. LAS MARINAS (04000341),"C/ Coimbra, 1",Las Marinas,Almería,4740,671530647
247,04011594,S.E.S.O. DEL I.E.S. LAS MARINAS (04011594),"C/ Cerro Muriano, Nº1",Las Marinas,Almería,4740,648950801
248,04006185,C.E.I.P. MIRASIERRA (04006185),C/ Sector SUS-4-ND,Las Norias,Almería,4716,950156845
249,04002350,C.E.PR. SAN IGNACIO DE LOYOLA (04002350),"C/ San Ignacio, 20",Las Norias,Almería,4716,950579580
250,04601907,E.I. SOL DE PORTOCARRERO (04601907),"Brr. Santa Cristina,s/n",Las Norias,Almería,4716,950579722
251,04700478,I.E.S. FRANCISCO MONTOYA (04700478),"C/ Maleno,15",Las Norias,Almería,4716,950156815
252,04002957,C.E.I.P. NTRA. SRA. DE LA SALUD (04002957),"Ctra. de Granada, 77",Laujar de Andarax,Almería,4470,950515523
253,04700582,I.E.S. EMILIO MANZANO (04700582),"Ctra. Laujar Orgiva, km.1",Laujar de Andarax,Almería,4470,950515525
254,04500143,S.E.P. SAN VICENTE (04500143),"C/ Villaespesa, 63",Laujar de Andarax,Almería,4470,950515518
255,04602328,C.E.I.P. FÉLIX RODRÍGUEZ DE LA FUENTE (04602328),"C/ Mar Rojo, s/n",Llanos de Vícar,Almería,4738,950156754
256,04002601,C.E.I.P. JUAN XXIII (04002601),"Avda. Juan XXIII, s/n",Los Gallardos,Almería,4280,950451910
257,04500519,S.E.P. CLARA CAMPOAMOR (04500519),"C/ Molino, 1",Los Gallardos,Almería,4280,950398788
258,04002982,C.E.I.P. SAN SEBASTIÁN (04002982),"C/ Ermita, 1",Lubrín,Almería,4271,950451500
259,04602031,C.P.R. ALHFIL (04602031),"Ctra. Bilbao, 3",Lucainena de las Torres,Almería,4210,950368596
260,04500994,S.E.P. SANTA INÉS (04500994),"Plaza del Pueblo, 1 Bajo",Lúcar,Almería,4887,950429570
261,04003111,C.E.I.P. LAS CANTERAS (04003111),"C/ La Viña, 1-Bis",Macael,Almería,4867,950639549
262,04003123,C.E.I.P. NTRA. SRA. DEL ROSARIO (04003123),"Avda. Andalucía, 2",Macael,Almería,4867,950639952
263,04700302,E.O.I. COMARCA DEL MÁRMOL (04700302),"Avda. de Andalucía, 106",Macael,Almería,4867,950128122
264,04003135,I.E.S. JUAN RUBIO ORTIZ (04003135),"Avda. de Andalucía, 10",Macael,Almería,4867,950639570
265,04500878,S.E.P. ANTONIO MARTÍNEZ MORENO (04500878),"C/ Juan Jiménez, 12",Macael,Almería,4867,950639634
266,04003159,C.E.I.P. NTRA. SRA. DE LA CABEZA (04003159),"C/ Mártires de Turón, s/n",María,Almería,4838,950419547
267,04500091,S.E.P. SIERRA DE MARÍA (04500091),"C/ Virgen de la Cabeza, s/n",María,Almería,4838,950419565
268,04002349,C.E.I.P. SOLYMAR (04002349),"C/ Ibiza, 28",Matagorda,Almería,4715,950579829
269,04003160,C.E.I.P. BARTOLOMÉ FLORES (04003160),"Cmo. Fuensanta, s/n",Mojácar,Almería,4638,950451938
270,04700090,I.E.S. REY ALABEZ (04700090),"C/ Albardinar, s/n",Mojácar,Almería,4638,950451578
271,04500490,S.E.P. MURGIS AKRA (04500490),"Tvsía. Mojacar-Turre, s/n",Mojácar,Almería,4638,687989954
272,04602183,C.P.R. TRES VILLAS-NACIMIENTO (04602183),"C/ Duque, s/n",Nacimiento,Almería,4540,950359600
273,04501020,S.E.P. NACIMIENTO-TRES VILLAS (04501020),"C/ La Flor, s/n",Nacimiento,Almería,4540,950350506
274,04003275,C.E.I.P. LA ATALAYA (04003275),"C/ Zona Escolar, s/n",Níjar,Almería,4100,950156716
275,04010784,E.M.M. NÍJAR (04010784),"C/ Real de las Eras, s/n. Centro de",Níjar,Almería,null,618218382
276,04700594,I.E.S. VILLA DE NÍJAR (04700594),"C/ Salitrillo, s/n",Níjar,Almería,4100,950156842
277,04500209,S.E.P. OHANES (04500209),"C/ Maestro Luis Cortés, 2",Ohanes,Almería,4459,null
278,04003421,C.E.I.P. ANTONIO RELAÑO (04003421),"C/ Ramón y Cajal, 35",Olula del Río,Almería,4860,950639548
279,04003433,C.E.I.P. TRINA RULL (04003433),"Avda. Vereda de Olula, 12",Olula del Río,Almería,4860,950639928
280,04700284,C.E.M. OLULA DEL RÍO (04700284),"C/ Ventura Rodríguez, 5",Olula del Río,Almería,4860,950639575
281,04003457,I.E.S. ROSA NAVARRO (04003457),"Avda. de Portugal, s/n",Olula del Río,Almería,4860,950639605
282,04500866,S.E.P. ÁNGELES LÓPEZ (04500866),"C/ Almería, s/n",Olula del Río,Almería,4860,950639620
283,04003470,C.E.I.P. SAN GREGORIO (04003470),"C/ Calvario, 2",Oria,Almería,4810,950639682
284,04500131,S.E.P. EL CAÑICO DE ORIA (04500131),"Avda. Andalucía, s/n. C.P. San Greg",Oria,Almería,4810,671593054
285,04002118,C.E.I.P. ALARCÓN FERNÁNDEZ DE ARELLANO (04002118),"Avda. Andalucía, 7",Palomares,Almería,4617,950451568
286,04005119,C.E.I.P. PUNTA ENTINAS (04005119),"Brr. de los Carpinteros, s/n",Pampanico,Almería,4715,950579711
287,04500192,S.E.P. ALPUJARRA ALTA(PATERNA DEL RÍO-BAYÁRCAL) (04500192),"C/ Iglesia, 21",Paterna del Río,Almería,4479,950515504
288,04003512,C.E.I.P. JOSÉ DÍAZ DÍAZ (04003512),"C/ Cuatro Olivos, 22",Pechina,Almería,4250,950156935
289,04700600,I.E.S. PUERTA DE PECHINA (04700600),"C/ Rosique, s/n",Pechina,Almería,4250,950156862
290,04500817,S.E.P. PECHINA (04500817),"Avda. Andalucía, s/n",Pechina,Almería,4250,950156612
291,04008388,C.E.I.P. JOSÉ SARAMAGO (04008388),"C/ Gran Vía Marqués de Casablanca,",Puebla de Vícar,Almería,4738,671594315
292,04004553,C.E.I.P. VIRGEN DE LA PAZ (04004553),"C/ Escuelas, s/n",Puebla de Vícar,Almería,4738,950156778
293,04700144,I.E.S. LA PUEBLA (04700144),"Plaza Platón, 5",Puebla de Vícar,Almería,4738,950156726
294,04003691,C.P.R. CAMPO DE NÍJAR NORTE (04003691),"C/ Escuela, 5",Puebloblanco,Almería,4117,950156367
295,04005156,E.I. GLORIA FUERTES (04005156),"C/ Las Escuelas, s/n",Pujaire,Almería,4151,950156511
296,04003551,C.E.I.P. EMILIO ZURANO MUÑOZ (04003551),"C/ Emilio Zurano, 7",Pulpí,Almería,4640,950451583
297,04710010,E.M.M. (04710010),"C/ Alondra, 5",Pulpí,Almería,4640,950464891
298,04700341,I.E.S. MAR SERENA (04700341),"C/ Emilio Zurano, 22",Pulpí,Almería,4640,950451926
299,04500431,S.E.P. PALOMA DE LA PAZ (04500431),"C/ Los Niños, s/n",Pulpí,Almería,4640,950451980
300,04003664,C.E.I.P. SAN GINÉS (04003664),"Cmo. Verde, s/n",Purchena,Almería,4870,950429910
301,04700612,I.E.S. ENTRESIERRAS (04700612),"Cmo. Verde, s/n",Purchena,Almería,4870,950423060
302,04501007,S.E.P. LA JARA (04501007),"C/ Camino Verde, s/n",Purchena,Almería,4870,950429580
303,04004462,C.E.I.P. TORREMAR (04004462),"Avda. del Toyo, 225. El Toyo",Retamar,Almería,4130,950156627
304,04009393,I.E.S. RETAMAR (04009393),"Paseo del Toyo, s/n",Retamar,Almería,4131,950153005
305,04003688,C.E.I.P. ANTONIO DEVALQUE (04003688),"Plaza Ocho de Marzo, s/n",Rioja,Almería,4260,950156910
306,04500064,S.E.P. RIOJA-BENAHADUX (04500064),"C/ La Fuente, número 104",Rioja,Almería,4260,670943837
307,04004681,C.E.I.P. JUAN DE OREA (04004681),"C/ Félix Rodríguez de la Fuente, 2",Roquetas de Mar,Almería,4740,950156782
308,04007700,C.E.I.P. LA MOLINA (04007700),"C/ Camino del Puerto, 19.",Roquetas de Mar,Almería,4740,950153330
309,04004589,C.E.I.P. LA ROMANILLA (04004589),"C/ Sor Dolores, 2. La Romanilla",Roquetas de Mar,Almería,4740,950156606
310,04003810,C.E.I.P. LAS LOMAS (04003810),"Plaza del Educador, 7",Roquetas de Mar,Almería,4740,950156772
311,04004577,C.E.I.P. LAS SALINAS (04004577),"C/ Badajoz, s/n",Roquetas de Mar,Almería,4740,950156631
312,04009381,C.E.I.P. POSIDONIA (04009381),"Avda. Polonia, s/n.",Roquetas de Mar,Almería,4740,600149011
313,04003809,C.E.I.P. VIRGEN DEL ROSARIO (04003809),"C/ Magisterio, 7",Roquetas de Mar,Almería,4740,950156768
314,04500374,C.E.PER. MARE NOSTRUM (04500374),"C/ Juan Bonachera, 48",Roquetas de Mar,Almería,4740,950156493
315,04710022,E.M.M. (04710022),"Plaza de la Iglesia, s/n",Roquetas de Mar,Almería,4721,950349327
316,04008901,E.O.I. ROQUETAS DE MAR (04008901),"C/ Pío Baroja, s/n.",Roquetas de Mar,Almería,4740,950153452
317,04700648,I.E.S. ALGAZUL (04700648),"C/ Santa Isabel, 29",Roquetas de Mar,Almería,4740,950320939
318,04004966,I.E.S. SABINAR (04004966),"C/ Pío Baroja, s/n",Roquetas de Mar,Almería,4740,950156783
319,04700016,I.E.S. TURANIANA (04700016),"Avda. de los Estudiantes, 86",Roquetas de Mar,Almería,4740,950156721
320,04010981,S.E.S.O. DEL I.E.S. TURANIANA (04010981),C/ Dinamarca S/N,Roquetas de Mar,Almería,4740,636086136
321,04005089,E.I. RAMBLA MORALES (04005089),"Plaza Ruescas, s/n",Ruescas,Almería,4151,950156509
322,04004504,C.E.I.P. SAN AGUSTÍN (04004504),"C/ Estadio, 18",San Agustín,Almería,4716,950156775
323,04007797,C.E.I.P. JUAN SEBASTIÁN ELCANO (04007797),"C/ Juan Sebastián Elcano, s/n",San Isidro de Níjar,Almería,4117,950153327
324,04501071,C.E.PER. FEDERICO GARCÍA LORCA (04501071),"C/ Jardin, 11",San Isidro de Níjar,Almería,4117,950156614
325,04003354,C.E.PR. ANDALUCÍA (04003354),"C/ Olivos, s/n",San Isidro de Níjar,Almería,4117,950156907
326,04602304,E.I. SAN ISIDRO (04602304),"C/ La Fábrica, s/n",San Isidro de Níjar,Almería,4117,950156525
327,04000122,I.E.S. SAN ISIDRO (04000122),"Bda. Paraje el Cerrillo, s/n",San Isidro de Níjar,Almería,4117,950156900
328,04003378,C.E.I.P. SAN JOSÉ (04003378),"C/ Escuelas, s/n",San José,Almería,4118,950153322
329,04601671,C.E.I.P. ANDALUCÍA (04601671),"C/ Jesús Alférez, s/n",Santa María del Águila,Almería,4710,950579720
330,04601531,C.E.I.P. JESÚS DE PERCEVAL (04601531),"C/ Rafael Alberti, 19",Santa María del Águila,Almería,4710,950579718
331,04002180,C.E.I.P. SANTA MARÍA DEL ÁGUILA (04002180),"C/ Manuel de Falla, 7",Santa María del Águila,Almería,4710,950579936
332,04700685,I.E.S. SANTA MARÍA DEL ÁGUILA (04700685),"C/ Lisboa, s/n",Santa María del Águila,Almería,4710,950156876
333,04003925,C.E.I.P. MIGUEL ZUBELDIA (04003925),"C/ Carretera, s/n",Serón,Almería,4890,950429500
334,04700399,I.E.S. SIERRA DE LOS FILABRES (04700399),"C/ Las Eras, s/n",Serón,Almería,4890,950429547
335,04500957,S.E.P. TROVERO CASTILLO (04500957),"C/ Real, 130",Serón,Almería,4890,950429568
336,04004051,C.E.I.P. PADRE GONZÁLEZ ROS (04004051),"C/ Gerona, 2",Sorbas,Almería,4270,950368924
337,04602225,C.P.R. LUSOR (04602225),"C/ Alcalá, 1",Sorbas,Almería,4270,950368557
338,04700417,I.E.S. RÍO AGUAS (04700417),"Brr. Campanario, s/n",Sorbas,Almería,4270,950368560
339,04500416,S.E.P. FUENTE NUEVA (04500416),"C/ Santa Isabel, 1",Sorbas,Almería,4270,950364036
340,04602122,C.P.R. SAN MARCOS (04602122),"C/ Las Eras, 50",Suflí,Almería,4878,950429916
341,04004085,C.E.I.P. VIRGEN DE LAS ANGUSTIAS (04004085),"Avda. de las Acacias, 7",Tabernas,Almería,4200,950368506
342,04700429,I.E.S. MANUEL DE GÓNGORA (04700429),"Avda. Acacias, 9",Tabernas,Almería,4200,950368905
343,04501056,S.E.P. TABERNAS (04501056),"C/ Reyes Católicos, s/n",Tabernas,Almería,4200,950368600
344,04004115,C.E.I.P. ANTONIA SANTAOLALLA (04004115),"Ctra. Albox, s/n",Taberno,Almería,4692,677905057
345,04002362,C.E.I.P. ARTERO PÉREZ (04002362),"C/ Cuatro Vientos, 122",Tarambana,Almería,4713,950156703
346,04004176,C.E.I.P. SAGRADO CORAZÓN DE JESÚS (04004176),"Avda. del Socorro, 72",Tíjola,Almería,4880,950429914
347,04700351,I.E.S. ALTO ALMANZORA (04700351),"C/ Huertas de la Polaca, 14",Tíjola,Almería,4880,600167942
348,04500970,S.E.P. FEDERICO GARCÍA LORCA(TÍJOLA-ARMUÑA) (04500970),"C/ Francisco de Quevedo, 3",Tíjola,Almería,4880,950429573
349,04601932,C.P.R. LOS VÉLEZ (04601932),"C/ San Antonio, 17",Topares,Almería,4839,950419531
350,04004206,C.E.I.P. MARÍA CACHO CASTRILLO (04004206),C/ Médico Bartolomé Carrillo Corell,Turre,Almería,4639,950451954
351,04500489,S.E.P. MARÍA ZAMBRANO (04500489),"C/ Salitre, 21",Turre,Almería,4639,950451736
352,04004231,C.E.I.P. NUESTRA SEÑORA DE MONTEAGUD (04004231),"C/ Camposanto, s/n",Uleila del Campo,Almería,4279,950368929
353,04004309,C.E.I.P. CASTILLO DE LOS VÉLEZ (04004309),"C/ Teatro, 61",Vélez-Blanco,Almería,4830,950419908
354,04008704,E.M.D. (04008704),C/ Teatro. 52,Vélez-Blanco,Almería,4830,950614800
355,04500088,S.E.P. EL BRUJO DE VÉLEZ BLANCO (04500088),"C/ Teatro, s/n",Vélez-Blanco,Almería,4830,950419578
356,04004322,C.E.I.P. DOCTOR GUIRAO GEA (04004322),"Avda. Profesor Guirao Gea, 1",Vélez-Rubio,Almería,4820,950419911
357,04700296,C.E.M. LEOPOLDO TORRECILLAS IGLESIAS (04700296),"C/ Carrera del Carmen, 33",Vélez-Rubio,Almería,4820,950419545
358,04500121,C.E.PER. LOS VÉLEZ-ORIA (04500121),"C/ Carrera del Carmen, 27",Vélez-Rubio,Almería,4820,950419563
359,04004310,C.E.PR. DOCTOR SEVERO OCHOA (04004310),"C/ Concepción, 19",Vélez-Rubio,Almería,4820,950419541
360,04602298,E.I. EL CASTELLÓN (04602298),"C/ Cabecico, s/n",Vélez-Rubio,Almería,4820,950419921
361,04008443,E.O.I. VÉLEZ-RUBIO (04008443),"C/ Concepción, 21",Vélez-Rubio,Almería,4820,950419506
362,04700508,I.E.S. JOSÉ MARÍN (04700508),"C/ Dolores R. Sopeña, 1",Vélez-Rubio,Almería,4820,950419917
363,04700491,I.E.S. VELAD AL HAMAR (04700491),"C/ Concepción, 21",Vélez-Rubio,Almería,4820,600141540
364,04005193,C.E.I.P. ÁNGEL DE HARO (04005193),"Avda. de Andalucía, s/n",Vera,Almería,4620,950451965
365,04006197,C.E.I.P. LOS CUATRO CAÑOS (04006197),"C/ Miguel de Cervantes Saavedra, s/",Vera,Almería,4620,950451719
366,04004401,C.E.I.P. REYES CATÓLICOS (04004401),"Plaza de la Constitución, s/n",Vera,Almería,4620,950451472
367,04500477,C.E.PER. BAREA (04500477),"C/ Labradores, s/n",Vera,Almería,4620,950390473
368,04008509,E.M.M. DIEGO GARRIDO LÓPEZ (04008509),"Plaza Hospital, s/n",Vera,Almería,4620,950392795
369,04004437,I.E.S. ALYANUB (04004437),"C/ Mayor, 58",Vera,Almería,4620,950451962
370,04004978,I.E.S. EL PALMERAL (04004978),"C/ Hemano Lázaro, s/n",Vera,Almería,4620,950451940
371,04010991,C.E.I.P. (04010991),"C/ Pintor Velázquez, s/n",Viator,Almería,4240,null
372,04004449,C.E.I.P. JOAQUÍN VISIEDO (04004449),"C/ Antonio Machado, s/n, esq. c/ Ro",Viator,Almería,4240,950156912
373,04700636,I.E.S. TORRESERENA (04700636),"Avda. 11 de marzo, s/n",Viator,Almería,4240,671530621
374,04500805,S.E.P. VIATOR (04500805),"C/ Jazmín, s/n",Viator,Almería,4240,950156611
375,04005201,C.E.I.P. PROFESOR TIERNO GALVÁN (04005201),"C/ Profesora Hortensia Martínez, 11",Vícar,Almería,4738,950156792
376,04500313,C.E.PER. ÁNGELES LÓPEZ RUIZ (04500313),"C/ Cristobal Colón, 55",Vícar,Almería,4738,950156307
377,04008893,E.O.I. VÍCAR (04008893),"C/ Platón, 5.",Vícar,Almería,4738,950153449
378,04602006,C.P.R. SIERRA ALMAGRERA (04602006),"C/ Grupo Escolar, 5",Villaricos,Almería,4616,950474722
379,04004486,C.E.I.P. JUAN ANDRÉS DE TOLEDO (04004486),"C/ Juan Andrés de Toledo, 2",Zurgena,Almería,4650,950639530
380,04500921,S.E.P. GINÉS PARRA (04500921),"Plaza de los Cinco Mártires, 2",Zurgena,Almería,4650,950639622
1,14000011,C.E.I.P. LAUREADO CAPITÁN TREVILLA (14000011),"Paseo Antonio Gala, 5",Adamuz,Córdoba,14430,957199524
2,14003253,E.M.M. (14003253),"Paseo de la Iglesia, s/n",Adamuz,Córdoba,14430,665506143
3,14700471,I.E.S. LUNA DE LA SIERRA (14700471),"C/ Luis Vélez de Guevara, s/n",Adamuz,Córdoba,14430,957199555
4,14500200,S.E.P. LA CANDELARIA(ADAMUZ-ALGALLARIN) (14500200),"Plaza Plaza de la Constitución, 6",Adamuz,Córdoba,14340,957199773
5,14000070,C.E.I.P. ALONSO DE AGUILAR (14000070),"C/ Alonso de Aguilar, 60",Aguilar de la Frontera,Córdoba,14920,957699641
6,14000094,C.E.I.P. CARMEN ROMERO (14000094),"Ctra. Puente Genil, s/n",Aguilar de la Frontera,Córdoba,14920,957699574
7,14000082,C.E.I.P. DOÑA MARÍA CORONEL (14000082),"C/ El Tejar, 14",Aguilar de la Frontera,Córdoba,14920,957699939
8,14002029,I.E.S. IPAGRO (14002029),"C/ Padre Oblatos, s/n",Aguilar de la Frontera,Córdoba,14920,671530234
9,14700390,I.E.S. VICENTE NÚÑEZ (14700390),"C/ Fray Luis de León, 2",Aguilar de la Frontera,Córdoba,14920,957699631
10,14500421,S.E.P. LA ROSA DE BULAY (14500421),"C/ Santa Brigida, 6",Aguilar de la Frontera,Córdoba,14920,957699570
11,14008081,C.E.I.P. GUILLERMO ROMERO FERNÁNDEZ (14008081),"Ctra. Aeropuerto, Km.4",Alameda del Obispo,Córdoba,14005,957734541
12,14000367,C.E.I.P. SANTA MARÍA DE ALBENDÍN (14000367),"C/ Maestro Antonio Herenas, s/n",Albendín,Córdoba,14859,957699647
13,14000151,C.E.I.P. NTRA. SRA. DE GUÍA (14000151),"C/ Extramuros, s/n",Alcaracejos,Córdoba,14480,957139650
14,14500546,S.E.P. ALCARACEJOS (14500546),"C/ Travesía de San Isidro, s/n",Alcaracejos,Córdoba,14480,957139616
15,14007738,C.E.I.P. JOAQUÍN TENA ARTIGAS (14007738),"Ctra. de Madrid, s/n",Alcolea,Córdoba,14610,957379922
16,14007532,C.E.I.P. LOS ÁNGELES (14007532),"C/ Francia, s/n",Alcolea,Córdoba,14015,957379600
17,14700481,I.E.S. PUENTE DE ALCOLEA (14700481),"C/ Capricho, s/n",Alcolea,Córdoba,14610,671533201
18,14500741,S.E.P. ALCOLEA (14500741),"Ctra. Madrid, s/n. C.P.Joaquín Tena",Alcolea,Córdoba,14610,957379680
19,14003851,C.E.I.P. BLAS INFANTE (14003851),"Avda. del Parque, 17",Aldea de Fuente Carreteros,Córdoba,14110,957719907
20,14000069,C.E.I.P. FRAY ALBINO (14000069),"C/ Fray Albino, 2",Algallarín,Córdoba,14439,957199528
21,14000185,C.E.I.P. RODRÍGUEZ VEGA (14000185),"Paseo de Las Moreras, s/n",Almedinilla,Córdoba,14812,957559926
22,14500340,S.E.P. ALMEDINILLA-FUENTE TÓJAR (14500340),"C/ Acequia, s/n",Almedinilla,Córdoba,14812,957703056
23,14000288,C.E.I.P. LUIS DE GÓNGORA (14000288),"C/ Luis de Góngora, s/n",Almodóvar del Río,Córdoba,14720,957719500
24,14011572,E.M.M. ALMODÓVAR DEL RÍO (14011572),"C/ Rosario, s/n",Almodóvar del Río,Córdoba,14720,null
25,14008068,I.E.S. CÁRBULA (14008068),"C/ Alcalde Manuel Alba, 2",Almodóvar del Río,Córdoba,14720,957719900
26,14500145,S.E.P. EL CASTILLO (14500145),"Avda. Alcalde Manuel Alba, 2",Almodóvar del Río,Córdoba,14720,957634023
27,14000355,C.E.I.P. NTRA. SRA. DE LA PEÑA (14000355),"Brr. Amargura, 88",Añora,Córdoba,14450,957139800
28,14500625,S.E.P. AÑORA (14500625),"C/ Cerrillo, s/n",Añora,Córdoba,14450,null
29,14000422,C.E.I.P. JUAN ALFONSO DE BAENA (14000422),"C/ Puerta de Córdoba, s/n",Baena,Córdoba,14850,957699651
30,14000392,C.E.I.P. VALVERDE Y PERALES (14000392),"C/ Antonio Machado, 7",Baena,Córdoba,14850,957699911
31,14000410,C.E.I.P. VIRREY DEL PINO (14000410),"C/ Ramón y Cajal, 7",Baena,Córdoba,14850,957699948
32,14700262,C.E.M. LUIS DE NARVÁEZ (14700262),"C/ Nicolás Alcalá, 9",Baena,Córdoba,14850,957699535
33,14000483,I.E.S. LUIS CARRILLO DE SOTOMAYOR (14000483),"Avda. San Carlos de Chile, s/n",Baena,Córdoba,14850,957699579
34,14500285,S.E.P. BAENA (14500285),"Plaza de la Constitución, s/n",Baena,Córdoba,14850,957699538
35,14000525,C.E.I.P. SOR FELIPA DE LA CRUZ (14000525),"C/ Consolación, s/n",Belalcázar,Córdoba,14280,957149911
36,14700729,I.E.S. JUAN DE SOTO ALVARADO (14700729),"C/ Menéndez Pelayo, s/n",Belalcázar,Córdoba,14280,957149928
37,14500510,S.E.P. BELALCÁZAR (14500510),"C/ Reina Regente, 24",Belalcázar,Córdoba,14280,957149582
38,14000550,C.E.I.P. NTRA. SRA. DE LOS REMEDIOS (14000550),"C/ Covadonga, s/n.",Belmez,Córdoba,14240,957579521
39,14700493,I.E.S. JOSÉ ALCÁNTARA (14700493),"Plaza del Maestro, s/n",Belmez,Córdoba,14240,957579912
40,14500479,S.E.P. BELMEZ (14500479),"C/ Córdoba, nº 93",Belmez,Córdoba,14240,957573257
41,14010634,C.E.I.P. NUESTRA SEÑORA DE GRACIA (14010634),"C/ Medina Azahara, s/n",Benamejí,Córdoba,14910,957596552
42,14700501,I.E.S. DON DIEGO DE BERNUY (14700501),"C/ Huelva, s/n",Benamejí,Córdoba,14910,957596582
43,14500443,S.E.P. EDUARDO GRANADOS MARRÓN (14500443),"C/ Remedios, 25",Benamejí,Córdoba,14910,699069047
44,14000653,C.E.I.P. INMACULADA DEL VOTO (14000653),"C/ Maestro Jesús Jiménez, 2",Bujalance,Córdoba,14650,957199530
45,14007970,C.E.I.P. JUAN DÍAZ DEL MORAL (14007970),"C/ Ermita de Jesús, s/n",Bujalance,Córdoba,14650,957199927
46,14000318,E.M.M. TENOR PEDRO LAVIRGEN (14000318),"C/ Leones, 4",Bujalance,Córdoba,14650,957170080
47,14000689,I.E.S. MARIO LÓPEZ (14000689),"C/ Consolación, 4",Bujalance,Córdoba,14650,957199531
48,14500170,S.E.P. BUJALANCE (14500170),"C/ Maestro Jesús Jiménez, nº2",Bujalance,Córdoba,14650,957199781
49,14000732,C.E.I.P. ANDRÉS DE CERVANTES (14000732),"Avda. Fuente de las Piedras, 53",Cabra,Córdoba,14940,957596922
50,14000719,C.E.I.P. CARMEN DE BURGOS (14000719),"C/ Santo Cristo, 41",Cabra,Córdoba,14940,957596591
51,14000720,C.E.I.P. JUAN VALERA (14000720),"C/ Mío Cid, 1",Cabra,Córdoba,14940,957596607
52,14000744,C.E.I.P. NTRA. SRA. DE LA SIERRA (14000744),"Avda. González de Meneses, 1",Cabra,Córdoba,14940,957596901
53,14700109,C.E.M. ISAAC ALBÉNIZ (14700109),"Avda. José Solís, 15",Cabra,Córdoba,14940,957596522
54,14000847,I.E.S. AGUILAR Y ESLAVA (14000847),"Plaza de Aguilar y Eslava, s/n",Cabra,Córdoba,14940,957596930
55,14000501,I.E.S. DIONISIO ALCALÁ GALIANO (14000501),"C/ Escultor Antonio Maiz Castro, s/",Cabra,Córdoba,14940,957596601
56,14000835,I.E.S. FELIPE SOLÍS VILLECHENOUS (14000835),"Avda. Fuente del Río, 15",Cabra,Córdoba,14940,957596928
57,14500352,S.E.P. MOCCADEM BEN MUAFA (14500352),"C/ Parrilla, 4 2ª planta",Cabra,Córdoba,14940,957594596
58,14007209,C.E.I.P. JUAN RAMÓN JIMÉNEZ (14007209),"C/ Córdoba, s/n",Cañada del Rabadán,Córdoba,14113,957719701
59,14000926,C.E.I.P. RAMÓN HERNÁNDEZ MARTÍNEZ (14000926),"C/ Séneca, 10",Cañete de las Torres,Córdoba,14660,957199747
60,14700511,I.E.S. VIRGEN DEL CAMPO (14700511),"Ronda del Convento, s/n",Cañete de las Torres,Córdoba,14660,957199820
61,14500169,S.E.P. MARÍA BEJARANO (14500169),"Plaza de España, s/n",Cañete de las Torres,Córdoba,14660,957183472
62,14000951,C.E.I.P. VIRGEN DEL CASTILLO (14000951),"Avda. de la Constitución, 6",Carcabuey,Córdoba,14810,957559554
63,14500339,S.E.P. CARCABUEY (14500339),"C/ Majadilla, 1",Carcabuey,Córdoba,14810,957559573
64,14000999,C.E.I.P. MAESTRO JUAN HIDALGO (14000999),"C/ Doctor Marañón, 1",Cardeña,Córdoba,14445,957199538
65,14500649,S.E.P. CARDEÑA (14500649),"C/ Ramón y Cajal, s/n",Cardeña,Córdoba,14445,957199787
66,14000446,E.M.M. VIRGEN DEL ROSARIO (14000446),"Ctra. Fuente Tójar, s/n",Castil de Campos,Córdoba,14815,957556420
67,14001402,C.E.I.P. DOCTOR CARAVACA (14001402),"C/ Acacia, s/n",Castro del Río,Córdoba,14840,957379915
68,14001281,C.E.I.P. VIRGEN DE LA SALUD (14001281),"Paseo de la Salud, 18",Castro del Río,Córdoba,14840,957379900
69,14006989,E.M.M. JOAQUÍN VILLATORO (14006989),"C/ Pósito, 3",Castro del Río,Córdoba,14840,682549743
70,14700717,I.E.S. ATEGUA (14700717),"C/ Isabel García Regio, 2",Castro del Río,Córdoba,14840,957370366
71,14500261,S.E.P. CASTRO DEL RÍO (14500261),"C/ Ancha, 14",Castro del Río,Córdoba,14840,957379631
72,14001441,C.E.I.P. SANTA BÁRBARA (14001441),"C/ Acera Sta. Bárbara, 17",Cerro Muriano,Córdoba,14350,957379539
73,14001414,C.E.I.P. FEDERICO GARCÍA LORCA (14001414),"Ctra. de Villanueva de Córdoba, s/n",Conquista,Córdoba,14448,671535874
74,14001980,C.E.E.E. VIRGEN DE LA ESPERANZA (14001980),"C/ Encarnación Agustina, 1",Córdoba,Córdoba,14002,957379514
75,14007611,C.E.I.P. ABDERRAMÁN (14007611),"C/ Acera del Río, s/n. Esq.Hixen I",Córdoba,Córdoba,14009,957734933
76,14001724,C.E.I.P. AL-ÁNDALUS (14001724),"C/ Vicente Aleixandre, s/n",Córdoba,Córdoba,14004,957734589
77,14001712,C.E.I.P. ALBOLAFIA (14001712),"C/ Motril, s/n",Córdoba,Córdoba,14013,671536246
78,14001645,C.E.I.P. ALCALDE JIMÉNEZ RUIZ (14001645),"C/ Miguel Ángel Orti Belmonte, 2",Córdoba,Córdoba,14010,957734570
79,14001748,C.E.I.P. ALCALDE PEDRO BARBUDO (14001748),"Avda. Virgen de Linares, 2",Córdoba,Córdoba,14007,957734980
80,14001751,C.E.I.P. ALFONSO CHURRUCA (14001751),"Ctra. Palma del Río, Km. 2",Córdoba,Córdoba,14005,957734943
81,14001694,C.E.I.P. ALGAFEQUI (14001694),"C/ Periodista Gago Jiménez, 1",Córdoba,Córdoba,14010,957734575
82,14001670,C.E.I.P. ALJOXANI (14001670),Avda. Ntra. Sra. de la Merced s/n,Córdoba,Córdoba,14014,957734946
83,14001530,C.E.I.P. ANDALUCÍA (14001530),"C/ La Rábida, s/n",Córdoba,Córdoba,14013,957734100
84,14008093,C.E.I.P. ANTONIO GALA (14008093),"C/ Músico Tomás de Victoria, s/n",Córdoba,Córdoba,14011,957734949
85,14007295,C.E.I.P. AVERROES (14007295),"C/ La Ladera, 7",Córdoba,Córdoba,14007,957734951
86,14001487,C.E.I.P. CABALLEROS DE SANTIAGO (14001487),"Plaza de Valdelagrana, 3",Córdoba,Córdoba,14002,957379954
87,14600759,C.E.I.P. CIUDAD JARDÍN (14600759),"C/ Previsión, 18",Córdoba,Córdoba,14004,957734522
88,14001505,C.E.I.P. COLÓN (14001505),"Plaza de Colón, s/n",Córdoba,Córdoba,14001,957734520
89,14600590,C.E.I.P. CONCEPCIÓN ARENAL (14600590),"Avda. Blas Infante, 1",Córdoba,Córdoba,14014,957734984
90,14001608,C.E.I.P. CONDESA DE LAS QUEMADAS (14001608),"C/ Murcia, 2",Córdoba,Córdoba,14010,957379968
91,14001773,C.E.I.P. CRONISTA REY DÍAZ (14001773),"C/ Cronista Rey Díaz, 4",Córdoba,Córdoba,14006,957734914
92,14001517,C.E.I.P. DUQUE DE RIVAS (14001517),"C/ Sierra de Grazalema, s/n",Córdoba,Córdoba,14005,697952667
93,14007672,C.E.I.P. EDUARDO LUCENA (14007672),"Avda. Guerrita, s/n",Córdoba,Córdoba,14005,957734959
94,14001529,C.E.I.P. ENRÍQUEZ BARRIOS (14001529),"C/ Maestro Priego López, 1",Córdoba,Córdoba,14004,957734506
95,14601156,C.E.I.P. EUROPA (14601156),"C/ Doctor Manuel Ruiz Maya, s/n",Córdoba,Córdoba,14004,957379723
96,14008071,C.E.I.P. FEDERICO GARCÍA LORCA (14008071),C/ Libertador G. Artigas,Córdoba,Córdoba,14013,957734962
97,14007234,C.E.I.P. FERNÁN PÉREZ DE OLIVA (14007234),"C/ Arquitecto Sáenz de Santamaría,",Córdoba,Córdoba,14010,957734700
98,14002248,C.E.I.P. FRAY ALBINO (14002248),"C/ Doña Aldonza, 2",Córdoba,Córdoba,14009,957734705
99,14600693,C.E.I.P. GLORIA FUERTES (14600693),"C/ General Lázaro Cárdenas, 2",Córdoba,Córdoba,14013,957734706
100,14007271,C.E.I.P. HERNÁN RUIZ (14007271),"Psje. Pintor Reinoso, s/n",Córdoba,Córdoba,14006,957734584
101,14001554,C.E.I.P. JERÓNIMO LUIS CABRERA (14001554),"C/ Cañete de las Torres, s/n. Secto",Córdoba,Córdoba,14013,957734593
102,14001736,C.E.I.P. JOSÉ DE LA TORRE Y DEL CERRO (14001736),"C/ Virrey de Ceballos, 2",Córdoba,Córdoba,14012,957734711
103,14001682,C.E.I.P. JUAN DE MENA (14001682),"Avda. Carlos III, s/n",Córdoba,Córdoba,14014,957734986
104,14007441,C.E.I.P. JUAN RUFO (14007441),"Avda. Blas Infante, s/n",Córdoba,Córdoba,14014,957734543
105,14001463,C.E.I.P. LA ADUANA (14001463),"Ctra. de Villaviciosa, Km.7",Córdoba,Córdoba,14012,957379781
106,14001566,C.E.I.P. LÓPEZ DIÉGUEZ (14001566),"C/ Arroyo de San Andrés, 2",Córdoba,Córdoba,14001,957379960
107,14003186,C.E.I.P. LOS CALIFAS (14003186),"Avda. de Rabanales, s/n",Córdoba,Córdoba,14007,957734598
108,14600966,C.E.I.P. MEDITERRÁNEO (14600966),"Avda. del Mediterráneo, s/n",Córdoba,Córdoba,14011,957734723
109,14601211,C.E.I.P. MIRALBAIDA (14601211),"Paseo de los Verdiales, s/n",Córdoba,Córdoba,14005,957734724
110,14600981,C.E.I.P. MIRASIERRA (14600981),"C/ Del Campo, 17. Urb. Azahara",Córdoba,Córdoba,14005,957734603
111,14004129,C.E.I.P. NOREÑA (14004129),"C/ Isla Tabarca, s/n",Córdoba,Córdoba,14011,957379774
112,14001761,C.E.I.P. NTRA. SRA. DE LINARES (14001761),"C/ Lope de los Ríos, 13",Córdoba,Córdoba,14006,957734594
113,14001578,C.E.I.P. OBISPO OSIO (14001578),"C/ San Hermenegildo, s/n",Córdoba,Córdoba,14011,957379963
114,14007982,C.E.I.P. PABLO GARCÍA BAENA (14007982),"C/ Teruel, s/n",Córdoba,Córdoba,14012,957734997
115,14007891,C.E.I.P. PEDAGOGO GARCÍA NAVARRO (14007891),"C/ Ingeniero Antonio Carbonell, 1",Córdoba,Córdoba,14005,957734601
116,14001657,C.E.I.P. SALVADOR VINUESA (14001657),"C/ Periodista Quesada Chacón, 65",Córdoba,Córdoba,14005,957734573
117,14001815,C.E.I.P. SAN FERNANDO (14001815),"C/ Algeciras, s/n",Córdoba,Córdoba,14013,957734553
118,14001591,C.E.I.P. SAN JUAN DE LA CRUZ (14001591),"C/ Priego de Córdoba, s/n",Córdoba,Córdoba,14013,957559501
119,14001864,C.E.I.P. SAN LORENZO (14001864),"C/ Muñices, 12",Córdoba,Córdoba,14002,957734596
120,14001891,C.E.I.P. SANTOS MÁRTIRES (14001891),"C/ San Bartolomé, 4",Córdoba,Córdoba,14004,957734587
121,14001669,C.E.I.P. SANTUARIO (14001669),"Avda. Calderón de la Barca, s/n",Córdoba,Córdoba,14010,957734744
122,14001621,C.E.I.P. TIRSO DE MOLINA (14001621),"Avda. del Mediterráneo, s/n",Córdoba,Córdoba,14011,957734919
123,14601193,C.E.I.P. TORRE MALMUERTA (14601193),"C/ Cronista Salcedo Hierro, s/n.",Córdoba,Córdoba,14001,957734608
124,14012400,C.E.I.P. TURRUÑUELOS (14012400),"C/ Ramón Toledano Cuenca, s/n",Córdoba,Córdoba,14011,600167432
125,14008101,C.E.I.P. VISTA ALEGRE (14008101),"C/ Tomás de Aquino, s/n",Córdoba,Córdoba,14004,957734517
126,14500753,C.E.PER. ELOY VAQUERO (14500753),"Ctra. Autovía Madrid-Sevilla, Km 39",Córdoba,Córdoba,14014,957225080
127,14500731,C.E.PER. JOSEFINA MOLINA (14500731),"Avda. Virgen de las Angustias, s/n",Córdoba,Córdoba,14006,957379646
128,14500765,C.E.PER. MANUELA DÍAZ CABEZAS (14500765),"Plaza Platero Pedro de Bares, s/n",Córdoba,Córdoba,14007,957379682
129,14500716,C.E.PER. OCCIDENTE (14500716),"Ctra. Palma del Río, Km 2",Córdoba,Córdoba,14005,957379537
130,14500777,C.E.PER. TATI SAIZ (14500777),"C/ Periodista Gago Jimenez, 1",Córdoba,Córdoba,14010,957379684
131,14002613,C.E.PR. SAN VICENTE FERRER (14002613),"C/ Fernando Camacho, 50",Córdoba,Córdoba,14014,957734740
132,14700328,C.P.D. LUIS DEL RÍO (14700328),"C/ Blanco Belmonte, 14",Córdoba,Córdoba,14003,957734619
133,14700225,C.P.M. MÚSICO ZIRYAB (14700225),"Avda. de los Piconeros, s/n",Córdoba,Córdoba,14001,957379637
134,14007829,C.S.M. RAFAEL OROZCO (14007829),"C/ Ángel de Saavedra, 1",Córdoba,Córdoba,14002,957379647
135,14007647,E.A. DIONISIO ORTIZ (14007647),"C/ Agustín Moreno, 45",Córdoba,Córdoba,14002,671565905
136,14003198,E.A.S.D. MATEO INURRIA (14003198),"Plaza de la Trinidad, 1",Córdoba,Córdoba,14003,957295100
137,14600644,E.I. CRUZ DE JUÁREZ (14600644),"C/ Antonio Barroso y Castillo, 1",Córdoba,Córdoba,14006,957734617
138,14007301,E.I. MARGARITAS (14007301),"C/ Escritor Torquemada, s/n. Bda. M",Córdoba,Córdoba,14011,957734539
139,14007465,E.I. MIRAFLORES (14007465),"C/ Arcos de la Frontera, 25",Córdoba,Córdoba,14014,957379520
140,14601053,E.I. PARQUE DE FIDIANA (14601053),"C/ Paco León, s/n",Córdoba,Córdoba,14014,957734606
141,14700213,E.O.I. CORDUBA (14700213),"C/ Periodista Leafar, s/n",Córdoba,Córdoba,14011,957379636
142,14007817,E.S.A.D. MIGUEL SALCEDO HIERRO (14007817),"C/ Blanco Belmonte,18",Córdoba,Córdoba,14003,957379605
143,14700067,I.E.S. ALHAKEN II (14700067),"C/ Manuel Fuentes Bocanegra, s/n",Córdoba,Córdoba,14005,957734910
144,14700286,I.E.S. ÁNGEL DE SAAVEDRA (14700286),"Avda. Virgen de las Angustias, s/n",Córdoba,Córdoba,14006,957278661
145,14002984,I.E.S. AVERROES (14002984),"C/ Motril, s/n",Córdoba,Córdoba,14013,957379979
146,14007180,I.E.S. BLAS INFANTE (14007180),"Plaza Platero Pedro de Bares, 31 A",Córdoba,Córdoba,14007,957734531
147,14004555,I.E.S. CASIANA MUÑOZ TUÑÓN (14004555),"C/ Escritora Gabriela Mistral, 1",Córdoba,Córdoba,14005,690689313
148,14000707,I.E.S. EL TABLERO (14000707),"Avda. de la Arruzafilla, s/n",Córdoba,Córdoba,14011,957379945
149,14700146,I.E.S. FIDIANA (14700146),"C/ Saturno, s/n",Córdoba,Córdoba,14014,957734990
150,14007659,I.E.S. GALILEO GALILEI (14007659),"C/ Francisco Pizarro, 16",Córdoba,Córdoba,14010,957734749
151,14700079,I.E.S. GRAN CAPITÁN (14700079),"C/ Arcos de la Frontera, s/n",Córdoba,Córdoba,14014,957379710
152,14700730,I.E.S. GRUPO CÁNTICO (14700730),"C/ Virgen de las Angustias, s/n",Córdoba,Córdoba,14006,957734760
153,14700705,I.E.S. GUADALQUIVIR (14700705),"Ctra. de Motril, s/n",Córdoba,Córdoba,14013,957734765
154,14007374,I.E.S. LA FUENSANTA (14007374),"Avda. Calderón de la Barca, s/n",Córdoba,Córdoba,14010,957750888
155,14002996,I.E.S. LÓPEZ NEYRA (14002996),"Avda. del Mediterráneo, s/n",Córdoba,Córdoba,14011,957734976
156,14002960,I.E.S. LUIS DE GÓNGORA (14002960),"C/ Diego de León, 2",Córdoba,Córdoba,14002,957734551
157,14002923,I.E.S. MAIMÓNIDES (14002923),"C/ Alfonso XIII, 4",Córdoba,Córdoba,14001,957379971
158,14700161,I.E.S. MEDINA AZAHARA (14700161),Avda. Gran Vía Parque,Córdoba,Córdoba,14005,957734615
159,14002261,I.E.S. RAFAEL DE LA HOZ (14002261),"C/ San Francisco de Sales, s/n",Córdoba,Córdoba,14010,957734561
160,14008056,I.E.S. SAN ÁLVARO (14008056),"C/ Poeta Marcial, s/n",Córdoba,Córdoba,14009,957734967
161,14700559,I.E.S. SANTA CATALINA DE SIENA (14700559),"C/ Fernando Camacho, 44",Córdoba,Córdoba,14014,671533079
162,14700535,I.E.S. SANTA ROSA DE LIMA (14700535),"C/ Ciudad de Carmona, s/n",Córdoba,Córdoba,14009,957734819
163,14002972,I.E.S. SÉNECA (14002972),"Avda. Menéndez Pidal, s/n",Córdoba,Córdoba,14004,957734806
164,14007945,I.E.S. TRASSIERRA (14007945),"C/ San Hermenegildo, s/n",Córdoba,Córdoba,14011,957734900
165,14004889,I.E.S. ZOCO (14004889),"C/ José María Martorell, s/n",Córdoba,Córdoba,14005,957379764
166,14700018,I.P.E.P. CÓRDOBA (14700018),"C/ Hernando de Magallanes, s/n",Córdoba,Córdoba,14010,957379692
167,14500674,S.E.P. LUIS DE GÓNGORA (14500674),"C/ Huelva, s/n",Córdoba,Córdoba,14013,957379633
168,14500728,S.E.P. PARQUE CRUZ CONDE (14500728),"C/ Pintor Sorolla, s/n",Córdoba,Córdoba,14004,683175503
169,14500686,S.E.P. PARQUE FIGUEROA (14500686),"Avda. Mediterráneo, s/n",Córdoba,Córdoba,14011,957379642
170,14500704,S.E.P. PAULO FREIRE (14500704),C/ Avda. Arroyo del Moro s/n,Córdoba,Córdoba,14011,671560646
171,14003356,C.E.I.P. LOS ALCALÁ GALIANO (14003356),"C/ Junco, s/n",Doña Mencía,Córdoba,14860,957699588
172,14003666,E.M.M. VILLALEGRE (14003666),"C/ Juan Valera, 12",Doña Mencía,Córdoba,14860,957676020
173,14700560,I.E.S. MENCÍA LÓPEZ DE HARO (14700560),"Avda. El laderón, s/n",Doña Mencía,Córdoba,14860,957699604
174,14500315,S.E.P. JUANITA LA LARGA (14500315),"C/ Lope de Vega, 2",Doña Mencía,Córdoba,14860,957699972
175,14003381,C.E.I.P. NTRA. SRA. DE LORETO (14003381),"Avda. Doctor Cornejo, s/n",Dos Torres,Córdoba,14460,957139803
176,14700572,I.E.S. SAN ROQUE (14700572),"C/ Andalucía, 1",Dos Torres,Córdoba,14460,957139605
177,14500561,S.E.P. USÍAS (14500561),"Plaza de la Villa, s/n",Dos Torres,Córdoba,14460,957134372
178,14001050,C.E.I.P. PROFESOR TIERNO GALVÁN (14001050),"Cmo. Los Naranjeros, 2",El Arrecife,Córdoba,14191,957307617
179,14001220,C.E.I.P. RAMÓN Y CAJAL (14001220),"Avda. de Andalucía, s/n",El Carpio,Córdoba,14620,957199540
180,14700523,I.E.S. GARCI MÉNDEZ (14700523),"Avda. de Cádiz, s/n",El Carpio,Córdoba,14620,957199559
181,14500157,S.E.P. EL CARPIO (14500157),"C/ Concepción, 17. Edificio Servici",El Carpio,Córdoba,14620,957199780
182,14004041,C.E.I.P. VIRGEN DE LAS CRUCES (14004041),"C/ Juan Carlos I, s/n",El Guijo,Córdoba,14413,957139806
183,14600838,C.P.R. IZNÁJAR NORTE (14600838),"C/ El Higueral, s/n - Bajo",El Higueral,Córdoba,14979,697951990
184,14003231,C.E.I.P. MAIMÓNIDES (14003231),"C/ Gonzalo de Saavedra, 2",El Higuerón,Córdoba,14193,957379545
185,14006849,C.E.I.P. LA INMACULADA (14006849),"C/ Córdoba, 53",El Viso,Córdoba,14470,957139613
186,14700675,I.E.S. CECILIO JIMÉNEZ (14700675),"Avda. Parque, s/n",El Viso,Córdoba,14470,957139816
187,14500571,S.E.P. EL VISO (14500571),"Avda. Parque, s/n. Casa de la Cultu",El Viso,Córdoba,14470,957139590
188,14003216,C.E.I.P. ARACELI BUJALANCE ARCOS (14003216),C/ Arquitecto Francisco Jiménez de,Encinarejo de Córdoba,Córdoba,14710,957379582
189,14003401,C.E.I.P. NTRA. SRA. DE LA EXPECTACIÓN (14003401),"C/ Rafael Alberti, 1",Encinas Reales,Córdoba,14913,957596937
190,14500455,S.E.P. LAS ENCINAS (14500455),"C/ Virgen del Rocio, s/n",Encinas Reales,Córdoba,14913,625710002
191,14003423,C.E.I.P. CERVANTES (14003423),"C/ Virgen del Pilar, s/n",Espejo,Córdoba,14830,957379918
192,14700742,I.E.S. PAY ARIAS (14700742),"C/ Virgen del Pilar, s/n",Espejo,Córdoba,14830,957379906
193,14500251,S.E.P. ESPEJO (14500251),"C/ Cervantes, 8",Espejo,Córdoba,14830,957379604
194,14003484,C.E.I.P. ANTONIO VALDERRAMA (14003484),"Plaza de la Libertad, s/n",Espiel,Córdoba,14220,957365500
195,14500480,S.E.P. ESPIEL-VILLAHARTA (14500480),"C/ Sevilla, s/n",Espiel,Córdoba,14220,957364087
196,14003526,C.E.I.P. ÁLVARO CECILIA MORENO (14003526),"Ronda de las Erillas, s/n",Fernán Núñez,Córdoba,14520,957379543
197,14003538,C.E.I.P. FERNANDO MIRANDA (14003538),"C/ Pintor Velázquez, 41",Fernán Núñez,Córdoba,14520,957379755
198,14007076,E.M.M. CALÍOPE (14007076),"C/ López Ugart, s/n",Fernán Núñez,Córdoba,14520,957380062
199,14003551,I.E.S. FRANCISCO DE LOS RÍOS (14003551),"Avda. Juan Carlos I, s/n",Fernán Núñez,Córdoba,14520,957379590
200,14700365,I.E.S. MIGUEL CRESPO (14700365),"Ronda de las Erillas, s/n",Fernán Núñez,Córdoba,14520,957379716
201,14500066,S.E.P. MARÍA ALFONSA ROSAL HIDALGO (14500066),"C/ Dr. Emilio Luque, s/n",Fernán Núñez,Córdoba,14520,957381411
202,14003587,C.E.I.P. SANTA CATALINA (14003587),"Tvsía. de los Pedroches, s/n",Fuente la Lancha,Córdoba,14260,957139804
203,14003681,C.E.I.P. SAN CARLOS BORROMEO (14003681),"Ctra. Extremadura, s/n",Fuente Obejuna,Córdoba,14290,957579523
204,14500558,C.E.PER. VALLE DEL GUADIATO (14500558),"Plaza de San Sebastián, s/n",Fuente Obejuna,Córdoba,14290,671596647
205,14600851,C.P.R. MAESTRO JOSÉ ALCOLEA (14600851),"Ctra. Badajoz, s/n",Fuente Obejuna,Córdoba,14290,957579559
206,14700766,E.M.M. (14700766),"Plaza de San Sebastián, s/n",Fuente Obejuna,Córdoba,14290,637272571
207,14003708,I.E.S. LOPE DE VEGA (14003708),"Ctra. de Extremadura, s/n",Fuente Obejuna,Córdoba,14290,957579525
208,14500108,C.E.PER. MARIANA PINEDA (14500108),"C/ Hornachuelos, s/n",Fuente Palmera,Córdoba,14120,957719587
209,14007593,C.E.PR. FEDERICO GARCÍA LORCA (14007593),"C/ Posadas, 52",Fuente Palmera,Córdoba,14120,957719582
210,14003861,E.I. PURÍSIMA CONCEPCIÓN (14003861),"C/ Carlos III, 12",Fuente Palmera,Córdoba,14120,957719502
211,14700304,I.E.S. COLONIAL (14700304),"Avda. de la Constitución, 2",Fuente Palmera,Córdoba,14120,957719944
212,14004002,C.E.I.P. NTRA. SRA. DEL ROSARIO (14004002),"C/ Nueva, 2",Fuente-Tójar,Córdoba,14815,957559913
213,14004038,C.E.I.P. MARQUÉS DE GUADALCÁZAR (14004038),"C/ María Isidra de Guzmán, s/n",Guadalcázar,Córdoba,14130,957734500
214,14500091,S.E.P. MARÍA ISIDRA DE GUZMÁN (14500091),"C/ Antonia Parejo, 10",Guadalcázar,Córdoba,14130,957734504
215,14004075,C.E.I.P. INMACULADA (14004075),"C/ Romero de Torres, 56",Hinojosa del Duque,Córdoba,14270,957149502
216,14004051,C.E.I.P. MAESTRO JURADO (14004051),"Plaza de la Caridad, 49",Hinojosa del Duque,Córdoba,14270,957149588
217,14002546,E.M.M. ESCUELA COMARCAL DE MÚSICA DE LOS PEDROCHES (14002546),"C/ Fray Luis de Granada, 2",Hinojosa del Duque,Córdoba,14270,957774010
218,14004099,I.E.S. JEREZ Y CABALLERO (14004099),"Paseo de la Constitución, 14",Hinojosa del Duque,Córdoba,14270,957149538
219,14004105,I.E.S. PADRE JUAN RUIZ (14004105),"C/ Fray Luis de Granada, 2",Hinojosa del Duque,Córdoba,14270,957149933
220,14500522,S.E.P. HINOJOSA DEL DUQUE (14500522),"C/ Corredera, 60",Hinojosa del Duque,Córdoba,14270,957149580
221,14004208,C.E.I.P. VICTORIA DÍEZ (14004208),"C/ Portugal, 1",Hornachuelos,Córdoba,14740,957579943
222,14011766,E.M.M. (14011766),"C/ Manuel de Falla, 4",Hornachuelos,Córdoba,14740,957641052
223,14700353,I.E.S. DUQUE DE RIVAS (14700353),"C/ El Madroño, 30",Hornachuelos,Córdoba,14740,957579954
224,14500121,S.E.P. EL AMANECER (14500121),"C/ Antonio Machado, 10",Hornachuelos,Córdoba,14740,957579501
225,14004397,C.E.I.P. NTRA. SRA. DE LA PIEDAD (14004397),"C/ Calvario, 10",Iznájar,Córdoba,14970,957596530
226,14700584,I.E.S. MIRADOR DEL GENIL (14700584),"C/ Puente de Hierro, 1",Iznájar,Córdoba,14970,957596849
227,14500391,S.E.P. HINS-ASHAR (14500391),"C/ Obispo Pedraza, 7",Iznájar,Córdoba,14970,656556103
228,14004464,C.E.I.P. GENIL (14004464),"C/ Pleito, s/n",Jauja,Córdoba,14911,957596939
229,14001074,C.E.I.P. CARLOS III (14001074),"C/ Académico Luis Mapelli, 12",La Carlota,Córdoba,14100,957307912
230,14011535,C.E.I.P. NELSON MANDELA (14011535),"C/ Antártida, s/n",La Carlota,Córdoba,14100,662974564
231,14002418,E.M.M. PABLO DE OLAVIDE (14002418),"Avda. Carlos III, 50",La Carlota,Córdoba,14100,957300001
232,14000321,I.E.S. EL SAUCE (14000321),"C/ Punta del Sauce, 4",La Carlota,Córdoba,14100,957307560
233,14700298,I.E.S. NUEVAS POBLACIONES (14700298),"C/ La Salud, 6",La Carlota,Córdoba,14100,957307521
234,14500078,S.E.P. FERNANDO DE QUINTANILLA (14500078),"Avda. Carlos III, 50",La Carlota,Córdoba,14100,957300001
235,14006539,C.E.I.P. LA GUIJARROSA (14006539),"Ctra. de Córdoba, s/n",La Guijarrosa,Córdoba,14547,671594654
236,14006540,C.E.I.P. GENIL (14006540),"C/ Genil, s/n",La Montiela,Córdoba,14549,957307558
237,14006357,C.E.I.P. ALFAR (14006357),"C/ Los Prietos, 50",La Rambla,Córdoba,14540,957699628
238,14006308,C.E.I.P. MAESTRO ROMUALDO AGUAYO LÓPEZ (14006308),"C/ Cruz Verde, 42",La Rambla,Córdoba,14540,957699611
239,14011626,E.M.M. SOPRANO CARMEN BLANCO (14011626),"C/ Barrios, 27",La Rambla,Córdoba,14540,null
240,14006345,I.E.S. PROFESOR TIERNO GALVÁN (14006345),"C/ Calvario, s/n",La Rambla,Córdoba,14540,957699625
241,14500030,S.E.P. DOLORCITA FERNANDEZ (14500030),"C/ Consolación, 1",La Rambla,Córdoba,14540,957682731
242,14003964,C.E.I.P. RAMÓN MEDINA (14003964),"C/ Escuelas Nuevas, s/n",La Ventilla,Córdoba,14112,957719773
243,14006631,C.E.I.P. JOSÉ ANTONIO VALENZUELA (14006631),"Plaza de la Constitución, 9",La Victoria,Córdoba,14140,957307902
244,#N/A,S.E.P. LA TORRE DE DON LUCAS (LA VICTORIA - SAN SEBASTIÁN DE LOS BALLESTERO (1450,"Paseo de la Victoria, s/n",La Victoria,Córdoba,14140,null
245,14601107,C.P.R. BLAS INFANTE (14601107),"C/ José Antonio, 21",Llanos de Don Juan,Córdoba,14950,957506923
246,14001301,C.E.I.P. LLANO DEL ESPINAR (14001301),"C/ Escuelas, 9",Llanos de Espinar,Córdoba,14858,957379913
247,14601181,C.E.I.P. LOS MOCHOS (14601181),"C/ Los Mochos, s/n",Los Mochos,Córdoba,14729,957719796
248,14006451,C.E.I.P. AL-YUSSANA (14006451),"C/ Zenobia Camprubí, 1",Lucena,Córdoba,14900,957506979
249,14600711,C.E.I.P. ANTONIO MACHADO (14600711),"C/ Estrella, 16",Lucena,Córdoba,14900,957596956
250,14004476,C.E.I.P. BARAHONA DE SOTO (14004476),"C/ Ancha, Nº 50",Lucena,Córdoba,14900,957596941
251,14007261,C.E.I.P. EL PRADO (14007261),"Avda. Blas Infante, 1",Lucena,Córdoba,14900,957596953
252,14004488,C.E.I.P. NTRA. SRA. DE ARACELI (14004488),"Paseo de Rojas, 2",Lucena,Córdoba,14900,957596568
253,14004506,C.E.I.P. NTRA. SRA. DEL CARMEN (14004506),"C/ El Carmen, 4",Lucena,Córdoba,14900,957596946
254,14004521,C.E.I.P. SAN JOSÉ DE CALASANZ (14004521),"C/ Jose Nieto Muñoz, 10",Lucena,Córdoba,14900,957596949
255,14004622,C.E.I.P. VIRGEN DEL VALLE (14004622),"C/ Corazón de Jesús, s/n",Lucena,Córdoba,14900,957596800
256,14500388,C.E.PER. MADINAT ALIXENA (14500388),"C/ Paseo del Coso, 21",Lucena,Córdoba,14900,957596682
257,14700122,C.P.M. MAESTRO CHICANO MUÑOZ (14700122),"C/ Condesa Carmen Pizarro, 17",Lucena,Córdoba,14900,957590094
258,14000409,E.M.M.D. (14000409),"C/ Ancha, 41",Lucena,Córdoba,14900,957500410
259,14006965,E.O.I. LUCENA (14006965),"Avda. Blas Infante, 2",Lucena,Córdoba,14900,957506945
260,14000331,I.E.S. CLARA CAMPOAMOR (14000331),"C/ Jaén, 6",Lucena,Córdoba,14900,957596905
261,14007404,I.E.S. JUAN DE ARÉJULA (14007404),"C/ Montemayor, 11",Lucena,Córdoba,14900,957596543
262,14004580,I.E.S. MARQUÉS DE COMARES (14004580),"C/ Juego de Pelota, 54",Lucena,Córdoba,14900,957596915
263,14700420,I.E.S. MIGUEL DE CERVANTES (14700420),"C/ Blas Infante, s/n",Lucena,Córdoba,14900,957596808
264,14005882,I.E.S. SIERRA DE ARAS (14005882),"C/ María Zambrano, s/n",Lucena,Córdoba,14900,957596740
265,14004658,C.E.I.P. NTRA. SRA. DEL ROSARIO (14004658),"C/ Cruz Marbella, s/n",Luque,Córdoba,14880,957699654
266,14700602,I.E.S. ALBENZAIDE (14700602),"C/ Vereda del Calvario, s/n",Luque,Córdoba,14880,957699707
267,14500303,S.E.P. LUQUE (14500303),"Plaza de España, s/n",Luque,Córdoba,14880,957699540
268,14600841,C.P.R. BEMBÉZAR (14600841),"C/ San Isidro, 9-11",Mesas del Guadalora,Córdoba,14709,957714634
269,14006874,C.E.I.P. MONTE ALBO (14006874),"C/ Montealbo, 12",Montalbán de Córdoba,Córdoba,14548,957307528
270,14700781,I.E.S. MAESTRO ELOY VAQUERO (14700781),"Ctra. de Santaella, s/n. Zona Polid",Montalbán de Córdoba,Córdoba,14548,957307515
271,14500054,S.E.P. LA PAZ (14500054),C/ La Paz. Casa de la Cultura,Montalbán de Córdoba,Córdoba,14548,null
272,14001141,C.E.I.P. MONTE ALTO (14001141),"Avda. de Andalucía, 57",Monte Alto,Córdoba,14100,957307512
273,14004701,C.E.I.P. MIGUEL DE CERVANTES (14004701),"C/ Ejido, 1",Montemayor,Córdoba,14530,957384221
274,14010750,E.M.M.D. JOSÉ ENRIQUE BEDMAR (14010750),"C/ Juan Pedro Carmona, 6",Montemayor,Córdoba,14530,957384000
275,14700614,I.E.S. ULIA FIDENTIA (14700614),"Bda. María Auxiliadora, s/n",Montemayor,Córdoba,14530,957379924
276,14500029,S.E.P. 8 DE MARZO (14500029),"C/ Rodríguez de la Fuente, 12",Montemayor,Córdoba,14530,957379726
277,14004749,C.E.I.P. BEATO JUAN DE ÁVILA (14004749),"C/ Luis Braille, 19",Montilla,Córdoba,14550,957699923
278,14004786,C.E.I.P. GRAN CAPITÁN (14004786),"Avda. de la Constitución, s/n",Montilla,Córdoba,14550,957699592
279,14004762,C.E.I.P. SAN FRANCISCO SOLANO (14004762),"C/ Giner de los Ríos, 4",Montilla,Córdoba,14550,957699924
280,14004774,C.E.I.P. SAN JOSÉ (14004774),"Ronda de Curtidores, 8",Montilla,Córdoba,14550,957699590
281,14007143,C.E.I.P. VICENTE ALEIXANDRE (14007143),"C/ Conde de la Cortina, 26",Montilla,Córdoba,14550,957699639
282,14700237,C.E.M. LUIS BEDMAR ENCINAS (14700237),"C/ Fuente Álamo, 30",Montilla,Córdoba,14500,957699754
283,14500017,C.E.PER. ANTONIO GALA (14500017),"C/ Lepanto, s/n",Montilla,Córdoba,14550,957653126
284,14004828,I.E.S. EMILIO CANALEJO OLMEDA (14004828),"Avda. del Trabajo, 24",Montilla,Córdoba,14550,957699941
285,14004841,I.E.S. INCA GARCILASO (14004841),"Avda. de la Constitución, 14",Montilla,Córdoba,14550,957699600
286,14007337,C.E.I.P. ÉPORA (14007337),"Avda. de Andalucía, s/n",Montoro,Córdoba,14600,957199925
287,14004920,C.E.I.P. NTRA. SRA. DEL ROSARIO (14004920),"C/ Poeta Manuel Terrín Benavides, s",Montoro,Córdoba,14600,957199911
288,14004932,C.E.I.P. SAN FRANCISCO SOLANO (14004932),"C/ Cervantes, 9",Montoro,Córdoba,14600,957199913
289,14004944,C.E.I.P. SANTO TOMÁS DE AQUINO (14004944),"C/ Renepon, s/n",Montoro,Córdoba,14600,957199543
290,14700274,C.E.M. JUAN MOHEDO CANALES (14700274),"C/ Plano de la Feria, s/n. Ap. Corr",Montoro,Córdoba,14600,957199569
291,14010531,E.M.M. MAESTRO RAMÓN MUÑOZ (14010531),"C/ Molino, 6",Montoro,Córdoba,14600,957162244
292,14010181,E.O.I. MONTORO (14010181),"C/ Plano de la Feria, s/n",Montoro,Córdoba,14600,957199840
293,14004971,I.E.S. ANTONIO GALÁN ACOSTA (14004971),"C/ Doña Josefa de Bejar y Lara, 6",Montoro,Córdoba,14600,957199904
294,14004981,I.E.S. SANTOS ISASA (14004981),"Plaza Plano de la feria, s/n",Montoro,Córdoba,14600,957199915
295,14500224,S.E.P. MONTORO (14500224),"C/ Salazar, 1",Montoro,Córdoba,14600,957199675
296,14005055,C.E.I.P. TORRE DEL CASTILLO (14005055),"C/ Moriles, 26",Monturque,Córdoba,14930,957596951
297,14500364,S.E.P. MONTURQUE (14500364),Plaza de la Constitución. C.Cultura,Monturque,Córdoba,14930,957596678
298,14005079,C.E.I.P. GARCÍA DE LEÁNIZ (14005079),"Avda. del Deporte, s/n",Moriles,Córdoba,14510,957596570
299,14700626,I.E.S. LAS VIÑAS (14700626),"Avda. del Deporte, s/n",Moriles,Córdoba,14510,957596575
300,14500376,S.E.P. MORILES (14500376),"C/ Sevilla, 11",Moriles,Córdoba,14510,957536293
301,14004646,C.E.I.P. SAN FRANCISCO (14004646),"C/ Escuelas Nuevas, 6",Navas del Selpillar,Córdoba,14511,957506943
302,14005080,C.E.I.P. FRANCISCO GARCÍA AMO (14005080),"Avda. de la Constitución, 13",Nueva Carteya,Córdoba,14857,957699603
303,14700638,I.E.S. CUMBRES ALTAS (14700638),"C/ Marqués de Cabriñana, s/n",Nueva Carteya,Córdoba,14857,957699615
304,14500273,S.E.P. JOSÉ PÉREZ ARENAS (14500273),"C/ Poniente, s/n. Centro de adultos",Nueva Carteya,Córdoba,14857,957678909
305,14601031,C.P.R. VÍA AUGUSTA (14601031),"C/ Eugenio Barroso, s/n",Obejo,Córdoba,14310,957365534
306,14500662,S.E.P. SAN BENITO ABAD (14500662),"C/ Corralillo, s/n",Obejo,Córdoba,14310,null
307,14003897,C.E.I.P. FERNÁNDEZ GRILO (14003897),"Avda. Guadalquivir, 26",Ochavillo del Río,Córdoba,14129,957719699
308,14005134,C.E.I.P. SAN JOSÉ (14005134),"C/ Alameda, 3",Palenciana,Córdoba,14914,957596724
309,14500431,S.E.P. LAS ROSAS (14500431),"Plaza de Andalucía, s/n",Palenciana,Córdoba,14914,957535396
310,14005237,C.E.I.P. ANTONIO CARMONA SOSA (14005237),"Avda. Aulio Cornelio, 59",Palma del Río,Córdoba,14700,957719923
311,14005201,C.E.I.P. EL PARQUE (14005201),"Avda. de la Diputación, s/n",Palma del Río,Córdoba,14700,957719917
312,14601235,C.E.I.P. FERROBÚS (14601235),Avda. de la Paz s/n,Palma del Río,Córdoba,14700,957719705
313,14005225,C.E.I.P. SAN SEBASTIÁN (14005225),"Ronda del Jardín, s/n",Palma del Río,Córdoba,14700,957719919
314,14500111,C.E.PER. AL-SADIF (14500111),"C/ Gracia, 15",Palma del Río,Córdoba,14700,957719589
315,14601168,E.I. SANTA ANA (14601168),"C/ Amor de Dios, s/n",Palma del Río,Córdoba,14700,957719506
316,14600668,E.I. VICENTE NACARINO (14600668),"C/ Duque y Flores, s/n",Palma del Río,Córdoba,14700,957719504
317,14710024,E.M.M. MAESTRO MORALES (14710024),"C/ Gracia, 15",Palma del Río,Córdoba,14700,659498899
318,14006977,E.O.I. BALMA (14006977),"Avda. de la Paz, s/n",Palma del Río,Córdoba,14700,957379753
319,14005298,I.E.S. ANTONIO GALA (14005298),"Avda. de la Paz, s/n",Palma del Río,Córdoba,14700,957719925
320,14601090,C.P.R. MAESTRO RAFAEL CHACÓN VILLAFRANCA (14601090),"C/ Iglesia, s/n",Palomar,Córdoba,14512,957618556
321,14005390,C.E.I.P. ANTONIO MACHADO (14005390),"C/ Espino, s/n",Pedro Abad,Córdoba,14630,957199909
322,14700641,I.E.S. SÁCILIS (14700641),"C/ Santa Rafaela María, 101",Pedro Abad,Córdoba,14630,671531984
323,14500236,S.E.P. PEDRO ABAD (14500236),"C/ Santa Rafaela María, 87",Pedro Abad,Córdoba,14630,957199783
324,14005419,C.E.I.P. SIMÓN OBEJO Y VALERA (14005419),"C/ Damas, 49",Pedroche,Córdoba,14412,957139642
325,14500613,S.E.P. BAEDRO (14500613),"C/ Castillo, s/n",Pedroche,Córdoba,14412,957139610
326,14006898,C.E.I.P. MAESTRO FRANCISCO GÓMEZ (14006898),"C/ Ventilla, s/n",Peñalosa,Córdoba,14129,671596301
327,14005420,C.E.I.P. ALFREDO GIL (14005420),"Avda. Vista Alegre, s/n",Peñarroya-Pueblonuevo,Córdoba,14200,957579532
328,14005444,C.E.I.P. AURELIO SÁNCHEZ (14005444),"C/ Aurelio Sánchez, 21",Peñarroya-Pueblonuevo,Córdoba,14200,957579534
329,14005456,C.E.I.P. ELADIO LEÓN (14005456),"C/ Samaniego, s/n",Peñarroya-Pueblonuevo,Córdoba,14200,957579536
330,14005432,C.E.I.P. SAN JOSÉ DE CALASANZ (14005432),"Ronda de la Paz, 7",Peñarroya-Pueblonuevo,Córdoba,14200,957579906
331,14012874,E.M.M. PEÑARROYA- PUEBLONUEVO (14012874),"C/ Maestro José Torrellas, s/n",Peñarroya-Pueblonuevo,Córdoba,14200,null
332,14005501,I.E.S. ALTO GUADIATO (14005501),"Ronda del Guadiato, s/n",Peñarroya-Pueblonuevo,Córdoba,14200,957579518
333,14005493,I.E.S. FLORENCIO PINTADO (14005493),"C/ Romero Robledo, 17",Peñarroya-Pueblonuevo,Córdoba,14200,957579538
334,14500467,S.E.P. PEÑARROYA-PUEBLONUEVO (14500467),"C/ Maestro José Torrellas, s/n",Peñarroya-Pueblonuevo,Córdoba,14200,650702426
335,14007386,C.E.I.P. ANDALUCÍA (14007386),"Avda. de Andalucía, s/n",Posadas,Córdoba,14730,957719550
336,14005535,C.E.I.P. NTRA. SRA. DE LA SALUD (14005535),"Plaza Virgen de la Salud, s/n",Posadas,Córdoba,14730,957719513
337,14005560,I.E.S. ALJANADIC (14005560),"C/ Almodóvar del Río, s/n",Posadas,Córdoba,14730,957719541
338,14500133,S.E.P. EL ARQUITO (14500133),"Plaza de los Positos, s/n",Posadas,Córdoba,14730,957719591
339,14005614,C.E.I.P. GINÉS DE SEPÚLVEDA (14005614),"C/ Llanos, s/n",Pozoblanco,Córdoba,14400,957139519
340,14005584,C.E.I.P. MANUEL CANO DAMIÁN (14005584),"C/ Ronda de los Muñoces, 19",Pozoblanco,Córdoba,14400,957139512
341,14005602,C.E.I.P. VIRGEN DE LUNA (14005602),"C/ San José, 6",Pozoblanco,Córdoba,14400,957139515
342,14500601,C.E.PER. CALATRAVEÑO (14500601),"C/ San Bartolomé, s/n",Pozoblanco,Córdoba,14400,957131477
343,14700134,C.P.M. MARCOS REDONDO (14700134),"C/ Padre Tarín, 4",Pozoblanco,Córdoba,14400,957139536
344,14003873,E.O.I. POZOBLANCO (14003873),"Avda. Marcos Redondo, s/n",Pozoblanco,Córdoba,14400,957139649
345,14007684,I.E.S. ANTONIO MARÍA CALERO (14007684),"Avda. Marcos Redondo, s/n",Pozoblanco,Córdoba,14400,957139550
346,14005663,I.E.S. LOS PEDROCHES (14005663),"C/ Marcos Redondo, s/n",Pozoblanco,Córdoba,14400,957139546
347,14700651,I.E.S. RICARDO DELGADO VIZCAÍNO (14700651),"C/ Dr. Antonio Cabrera, 46",Pozoblanco,Córdoba,14400,957139525
348,14005973,C.E.I.P. ÁNGEL CARRILLO (14005973),"Avda. D.Niceto Alacalá- Zamora , s/",Priego de Córdoba,Córdoba,14800,957559922
349,14005869,C.E.I.P. CAMACHO MELENDO (14005869),"C/ Ramón y Cajal, 49",Priego de Córdoba,Córdoba,14800,957559556
350,14005870,C.E.I.P. CRISTÓBAL LUQUE ONIEVA (14005870),"C/ Haza Luna, s/n",Priego de Córdoba,Córdoba,14800,957559903
351,14005857,C.E.I.P. NICETO ALCALÁ-ZAMORA Y TORRES (14005857),"C/ Albaicín, 3",Priego de Córdoba,Córdoba,14800,957559900
352,14007118,C.E.I.P. VIRGEN DE LA CABEZA (14007118),"C/ Virgen de la Cabeza, 60",Priego de Córdoba,Córdoba,14800,957559924
353,14700249,C.E.M. ANTONIO LÓPEZ SERRANO (14700249),"C/ Río, 52",Priego de Córdoba,Córdoba,14800,957559632
354,14500327,C.E.PER. MEDINA BAHIGA (14500327),"C/ Ramón y Cajal, 25",Priego de Córdoba,Córdoba,14800,957559550
355,14600929,C.P.R. TIÑOSA (14600929),"C/ Río, 50",Priego de Córdoba,Córdoba,14800,957559950
356,14000124,E.M.M.D. PRIEGO DE CÓRDOBA (14000124),"C/ Río, 52",Priego de Córdoba,Córdoba,14800,957708483
357,14000756,E.O.I. PRIEGO DE CÓRDOBA (14000756),"C/ Haza Luna, s/n",Priego de Córdoba,Córdoba,14800,957559559
358,14005936,I.E.S. ÁLVAREZ CUBERO (14005936),"Avda. Niceto Alcalá-Zamora, s/n",Priego de Córdoba,Córdoba,14800,957559919
359,14700377,I.E.S. CARMEN PANTIÓN (14700377),"C/ Haza Luna, s/n",Priego de Córdoba,Córdoba,14800,957559928
360,14005912,I.E.S. FERNANDO III EL SANTO (14005912),"Avda. de España, 83",Priego de Córdoba,Córdoba,14800,957540418
361,14006141,C.E.I.P. AGUSTÍN RODRÍGUEZ (14006141),"C/ Baldomero Jiménez, s/n",Puente Genil,Córdoba,14500,957618573
362,14007398,C.E.I.P. CASTILLO DE ANZUR (14007398),"C/ Montalbán, s/n",Puente Genil,Córdoba,14500,957618931
363,14007994,C.E.I.P. DULCE NOMBRE (14007994),"C/ La Huerta, s/n",Puente Genil,Córdoba,14500,957618557
364,14006126,C.E.I.P. JOSÉ MARÍA PEMÁN (14006126),"C/ José María Pemán, s/n",Puente Genil,Córdoba,14500,957618916
365,14600747,C.E.I.P. MAESTRO ENRIQUE ASENSI (14600747),"C/ Madrid, s/n",Puente Genil,Córdoba,14500,957618933
366,14006151,C.E.I.P. MIRAGENIL (14006151),"C/ Herrera, 13",Puente Genil,Córdoba,14500,957618544
367,14006138,C.E.I.P. SANTIAGO RAMÓN Y CAJAL (14006138),"C/ Príncipe de Asturias, s/n",Puente Genil,Córdoba,14500,957618918
368,14500418,C.E.PER. LOS PINOS (14500418),"C/ Concejal Rodríguez Chía, s/n. (E",Puente Genil,Córdoba,14500,957618920
369,14002340,E.M.M. MAESTRO TOMÁS UREÑA (14002340),"C/ Cruz del Estudiante, 37",Puente Genil,Córdoba,14500,617453061
370,14700663,I.E.S. FUENTE ÁLAMO (14700663),"Ctra. del Palomar, s/n",Puente Genil,Córdoba,14500,957618501
371,14007350,I.E.S. INGENIERO JUAN DE LA CIERVA (14007350),"C/ Cortes Españolas, s/n",Puente Genil,Córdoba,14500,957618906
372,14006217,I.E.S. MANUEL REINA (14006217),"C/ Cristóbal del Castillo, 2",Puente Genil,Córdoba,14500,957618579
373,14000021,I.E.S. PROFESOR ANDRÉS BOJOLLO (14000021),"Avda. de Europa, s/n",Puente Genil,Córdoba,14500,957618907
374,14600917,C.P.R. ANA DE CHARPENTIER (14600917),"Avda. de la Torre, s/n",Quintana,Córdoba,14191,697951443
375,14006400,C.E.I.P. FUENTE DEL MORAL (14006400),"C/ Fuente del Moral, s/n",Rute,Córdoba,14960,957596810
376,14600905,C.E.I.P. LOS PINOS (14600905),"C/ del Hacho, 25",Rute,Córdoba,14960,957596961
377,14006394,C.E.I.P. RUPERTO FERNÁNDEZ TENLLADO (14006394),"C/ Libertad, s/n",Rute,Córdoba,14960,957596614
378,14500406,C.E.PER. MAESTRO ANTONIO ÉCIJA (14500406),"C/ Mercado, 2, Planta Baja, Local 4",Rute,Córdoba,14960,957596684
379,14710012,E.M.M.D. (14710012),C/ del Mercado s/n,Rute,Córdoba,14960,957532500
380,14700468,I.E.S. NUEVO SCALA (14700468),"C/ Junquillo, s/n",Rute,Córdoba,14960,957596816
381,14006527,C.E.I.P. SANTO TOMÁS DE AQUINO (14006527),"C/ Enrique Gastardi, s/n",San Sebastián de los Ballester,oCs órdoba,14150,957307546
382,14004877,C.E.I.P. ELENA LUQUE (14004877),"Avda. Primero de Mayo, s/n",Santa Cruz,Córdoba,14820,957379544
383,14006588,C.E.I.P. SAN PEDRO Y SANTA TERESA (14006588),"C/ Maestro Manuel Moreno, 3",Santa Eufemia,Córdoba,14491,957139827
384,14500583,S.E.P. SANTA EUFEMIA-EL GUIJO (14500583),"Plaza Mayor, 1",Santa Eufemia,Córdoba,14491,600164541
385,14006552,C.E.I.P. URBANO PALMA (14006552),"Brr. Isla, s/n",Santaella,Córdoba,14546,957307907
386,14006576,I.E.S. ARCELACIS (14006576),"C/ Villargallegos, s/n",Santaella,Córdoba,14546,957307535
387,14500042,S.E.P. ALCALDE SERRANO (14500042),"C/ Villargallegos, 27",Santaella,Córdoba,14546,957313152
388,14007210,C.E.I.P. ANTONIO GALA (14007210),"C/ Écija, s/n",Silillos,Córdoba,14110,957719934
389,14006591,C.E.I.P. NTRA. SRA. DE LAS VEREDAS (14006591),"C/ Gracia, 78",Torrecampo,Córdoba,14410,957139644
390,14500650,S.E.P. TORRECAMPO (14500650),"C/ Gracia, 78",Torrecampo,Córdoba,14410,null
391,14006606,C.E.I.P. NUESTRO PADRE JESÚS (14006606),"Paseo Valenzuela, 6",Valenzuela,Córdoba,14670,957199922
392,14500182,S.E.P. VALENZUELA (14500182),"Plaza de España, s/n",Valenzuela,Córdoba,14670,957199673
393,14600863,C.P.R. ÁGORA (14600863),"C/ Calvario, 1",Valsequillo,Córdoba,14206,957579562
394,14600826,C.P.R. IZNÁJAR SUR (14600826),"C/ Ventorros de Balerma, s/n - Bajo",Ventorros de Balerma,Córdoba,14978,957596959
395,14006643,C.E.I.P. POETA MOLLEJA (14006643),"C/ Juan Parejo, s/n",Villa del Río,Córdoba,14640,957199566
396,14013091,E.M.M. VILLA DEL RÍO (14013091),"C/ Guadalquivir, 8",Villa del Río,Córdoba,14640,null
397,14700444,I.E.S. NUESTRA SEÑORA DE LA ESTRELLA (14700444),"Avda. de la Estrella, s/n",Villa del Río,Córdoba,14640,957199700
398,14500248,S.E.P. VILLA DEL RÍO (14500248),"C/ Montoro, 11",Villa del Río,Córdoba,14640,957199786
399,14006667,C.E.I.P. TERESA COMINO (14006667),"C/ Soledad, s/n",Villafranca de Córdoba,Córdoba,14420,957199574
400,14010932,E.M.M. MAESTROS FABIÁN Y LEONARDO (14010932),"C/ Extramuros, s/n",Villafranca de Córdoba,Córdoba,14420,957190016
401,14700432,I.E.S. LA SOLEDAD (14700432),"C/ La Soledad, s/n",Villafranca de Córdoba,Córdoba,14420,957199545
402,14500194,S.E.P. VILLAFRANCA DE CÓRDOBA (14500194),"Tvsía. del Puente, 1",Villafranca de Córdoba,Córdoba,14420,656666237
403,14003976,C.E.I.P. SÉNECA (14003976),"Ctra. Ronda, s/n",Villalón,Córdoba,14129,671567719
404,14007246,C.E.I.P. MARÍA MORENO (14007246),"C/ Angosta, s/n",Villanueva de Córdoba,Córdoba,14440,957139534
405,14006722,C.E.I.P. SAN MIGUEL (14006722),"C/ San Antonio, 2",Villanueva de Córdoba,Córdoba,14440,957139532
406,14006709,C.E.I.P. VIRGEN DE LUNA (14006709),"C/ Pozoblanco, 65",Villanueva de Córdoba,Córdoba,14440,957139528
407,14700316,I.E.S. LA JARA (14700316),"C/ Navaluenga, s/n",Villanueva de Córdoba,Córdoba,14440,957139834
408,14500637,S.E.P. VILLANUEVA DE CÓRDOBA-CONQUISTA (14500637),"Plaza Fuente Vieja, s/n",Villanueva de Córdoba,Córdoba,14440,957139630
409,14006783,C.E.I.P. MAESTRO ROGELIO FERNÁNDEZ (14006783),"C/ Carretera, 5",Villanueva del Duque,Córdoba,14250,957139585
410,14500534,S.E.P. VILLANUEVA DEL DUQUE - FUENTE LA LANCHA (14500534),"Plaza José Antonio, s/n",Villanueva del Duque,Córdoba,14450,957126320
411,14006813,C.E.I.P. MIGUEL DE CERVANTES (14006813),"C/ Era de Antón Romero, s/n",Villanueva del Rey,Córdoba,14230,957579902
412,14500509,S.E.P. VILLANUEVA DEL REY (14500509),"C/ Real, s/n",Villanueva del Rey,Córdoba,14230,957579541
413,14007222,C.E.I.P. SAN ISIDRO LABRADOR (14007222),"Plaza Real, 80",Villar,Córdoba,14115,957719676
414,14006825,C.E.I.P. NICOLÁS DEL VALLE (14006825),"Avda. del Parque, 1",Villaralto,Córdoba,14490,957139935
415,14500595,S.E.P. VILLARALTO (14500595),"C/ José Sánchez, 3",Villaralto,Córdoba,14490,957139657
416,14003290,C.E.I.P. AZAHARA (14003290),"C/ Azahara, s/n",Villarrubia,Córdoba,14710,671534083
417,14600899,C.E.I.P. LA PAZ (14600899),"C/ El Veredón de los Frailes, s/n",Villarrubia,Córdoba,14710,957379602
418,14000343,I.E.S. VILLARRUBIA (14000343),"C/ Turia, s/n",Villarrubia,Córdoba,14710,957734930
419,14500698,S.E.P. GUADARROMÁN(VILLARRUBIA-ENCINAREJO) (14500698),"C/ Turia, s/n.",Villarrubia,Córdoba,14710,689188566
420,14006837,C.E.I.P. NTRA. SRA. DE VILLAVICIOSA (14006837),"Ctra. de Córdoba, s/n",Villaviciosa de Córdoba,Córdoba,14300,957365520
421,14700419,I.E.S. LA ESCRIBANA (14700419),"C/ Cultura Sebastián, 9",Villaviciosa de Córdoba,Córdoba,14300,957365523
422,14500492,S.E.P. VILLAVICIOSA DE CÓRDOBA (14500492),"C/ Alcalá, 30",Villaviciosa de Córdoba,Córdoba,14300,957361189
423,14006850,C.E.I.P. NTRA. SRA. DE LOS REMEDIOS (14006850),"C/ Santo, s/n",Zuheros,Córdoba,14870,957699500
424,14500297,S.E.P. ZUHEROS (14500297),"C/ Mina, 1",Zuheros,Córdoba,14870,957699542
1,18601001,C.E.I.P. ABADÍA (18601001),"C/ Abadía, 36",Albolote,Granada,18220,958893614
2,18000052,C.E.I.P. TÍNAR (18000052),"C/ Tínar, s/n",Albolote,Granada,18220,958893984
3,18004082,C.E.PER. CONCEPCIÓN ARENAL (18004082),"Ctra. de Colomera km. 16,5",Albolote,Granada,18800,958141246
4,18009833,E.I. FRANCISCO LUCILO DE CARVAJAL (18009833),"C/ Doctor Burgos Canals, 8",Albolote,Granada,18220,958893587
5,18000039,I.E.S. ARICEL (18000039),"C/ Aricel, s/n",Albolote,Granada,18220,958893976
6,18500760,S.E.P. ALBOLUT(ALBOLOTE-EL CHAPARRAL) (18500760),"C/ Doctor Burgos Canals, 6",Albolote,Granada,18220,958491607
7,18000088,C.E.I.P. INFANTA CRISTINA (18000088),"C/ Sagasta, s/n",Albondón,Granada,18708,958654921
8,18000155,C.E.I.P. NATALIO RIVAS (18000155),"Ctra. del Visillo, 8",Albuñol,Granada,18700,958649574
9,18500292,C.E.PER. CEHEL (18500292),"C/ Carretera de Almería, 5",Albuñol,Granada,18700,958649742
10,18700347,I.E.S. LA CONTRAVIESA (18700347),"C/ Instituto, s/n",Albuñol,Granada,18700,958649706
11,18000271,C.E.I.P. RAMÓN Y CAJAL (18000271),"C/ Carretera, 16",Albuñuelas,Granada,18659,958779532
12,18500474,S.E.P. ALBUÑUELAS (18500474),"C/ Convento, s/n",Albuñuelas,Granada,18659,958779568
13,18000337,C.P.R. ZALABÍ (18000337),"C/ de las Cruces, 27",Alcudia de Guadix,Granada,18511,958699705
14,18601795,C.E.I.P. ALFAGUARILLA (18601795),"C/ Álamos, 21",Alfacar,Granada,18170,958893326
15,18000313,C.E.I.P. LAS ENCINAS (18000313),"Urb. Las Encinas, s/n",Alfacar,Granada,18170,958543352
16,18013216,E.M.M. ALFACAR (18013216),"Plaza Iglesia, 1",Alfacar,Granada,18170,958543002
17,18000738,I.E.S. AL-FAKAR (18000738),"Avda. García Lorca, s/n",Alfacar,Granada,18170,958893962
18,18000325,C.E.I.P. ANDRÉS MANJÓN (18000325),"C/ Mesón, 4",Algarinejo,Granada,18280,958338606
19,18500127,S.E.P. VENTURA RODRÍGUEZ-ALGARINEJO (18500127),"C/ La Redonda, s/n",Algarinejo,Granada,18280,685125958
20,18000374,C.E.I.P. CERVANTES (18000374),"C/ Cuba, 37",Alhama de Granada,Granada,18120,958369901
21,18000362,C.E.I.P. CONDE DE TENDILLA (18000362),C/ Conde de Tendilla,Alhama de Granada,Granada,18120,958369532
22,18500061,C.E.PER. ALHUCEMA (18500061),"Plaza del Rey, 1",Alhama de Granada,Granada,18120,958369508
23,18700451,I.E.S. ALHAMA (18700451),"Ctra. de Loja, s/n",Alhama de Granada,Granada,18120,958369534
24,18013356,C.E.I.P. NUEVO (18013356),"C/ Aljancira, 1",Alhendín,Granada,null,958145703
25,18000453,C.E.I.P. SAGRADO CORAZÓN DE JESÚS (18000453),"C/ Ángel Ganivet, s/n",Alhendín,Granada,18620,958893989
26,18000842,I.E.S. ALHENDÍN (18000842),"C/ Real, s/n",Alhendín,Granada,18620,958893900
27,18500401,S.E.P. MONTEVIVE (18500401),"C/ Nicuesa, 10 - Bajo. Local Asocia",Alhendín,Granada,18620,576136
28,#N/A,S.E.P. ALICÚN DE ORTEGA-DEHESA DE GUADIX-GORAFE-VILLANUEVA DE LAS TORRES (1850,"C/ Ntra. Sra. del Carmen, s/n",Alicún de Ortega,Granada,18538,649564224
29,18601311,C.P.R. CAMPO DEL REY (18601311),"C/ Almontaras, s/n",Almontaras,Granada,18816,958729933
30,18000520,C.E.I.P. ARCOS DE TORRECUEVAS (18000520),"Ctra. del Suspiro, s/n",Almuñécar,Granada,18690,600148498
31,18601205,C.E.I.P. LA NORIA (18601205),"Avda. Amelia Sánchez de Alcázar, 8",Almuñécar,Granada,18690,958649579
32,18000593,C.E.I.P. LA SANTA CRUZ (18000593),"Ctra. Suspiro del Moro, s/n",Almuñécar,Granada,18690,958649633
33,18601011,C.E.I.P. RÍO VERDE (18601011),"Avda. Juan Carlos I, s/n",Almuñécar,Granada,18690,958649582
34,18009298,C.E.I.P. SAN MIGUEL (18009298),"C/ Federico García Lorca, 1",Almuñécar,Granada,18690,958649550
35,18000556,C.E.I.P. VIRGEN DE LA ANTIGUA (18000556),"C/ Cariñena, s/n",Almuñécar,Granada,18690,958649623
36,18500358,C.E.PER. MARE NOSTRUM (18500358),"C/ Carrera de la Concepción, s/n",Almuñécar,Granada,18690,958649732
37,18700748,E.M.M.D. MIGUEL SÁNCHEZ RUZAFA (18700748),"Avda. de Cala, s/n",Almuñécar,Granada,18690,687708162
38,18700463,I.E.S. AL-ÁNDALUS (18700463),"C/ Federico García Lorca, 3",Almuñécar,Granada,18690,958649918
39,18000601,I.E.S. ANTIGUA SEXI (18000601),"C/ Lo Colorado, s/n",Almuñécar,Granada,18690,958649590
40,18700499,I.E.S. PUERTA DEL MAR (18700499),"C/ Hurtado de Mendoza, s/n",Almuñécar,Granada,18690,958649591
41,18005271,C.E.I.P. NTRA. SRA. DE LOS DOLORES (18005271),"C/ La Curva, s/n",Alomartes,Granada,18350,958893986
42,18000258,C.P.R. MARQUESADO (18000258),"Avda. Hubert Meersmans, s/n",Alquife,Granada,18518,958699500
43,18700736,I.E.S. MARQUESADO DEL ZENETE (18700736),"C/ Hubert Meermans, s/n",Alquife,Granada,18518,958699974
44,18000702,C.E.I.P. NTRA. SRA. DE LOS REMEDIOS (18000702),"C/ Virgen de los Remedios, 5",Ambroz,Granada,18194,958893957
45,18601370,C.P.R. LOS RÍOS (18601370),"C/ San Sebastián, s/n",Arenas del Rey,Granada,18126,958369541
46,18009626,C.E.I.P. MIGUEL DE CERVANTES (18009626),"C/ San Miguel, s/n",Armilla,Granada,18100,958893894
47,18601862,C.E.I.P. NAZARÍES (18601862),"C/ Alhamar, s/n",Armilla,Granada,18100,958893636
48,18601072,C.E.I.P. PROFESOR TIERNO GALVÁN (18601072),"C/ Zuloaga, s/n",Armilla,Granada,18100,958893618
49,18000751,C.E.I.P. SAN MIGUEL (18000751),"C/ San Sebastián, s/n",Armilla,Granada,18100,671568779
50,18700232,I.E.S. ALBA LONGA (18700232),"C/ San Miguel, s/n",Armilla,Granada,18100,958893650
51,18000787,I.E.S. LUIS BUENO CRESPO (18000787),"Avda. de Las Palmeras, s/n",Armilla,Granada,18100,958893739
52,18500383,S.E.P. MARÍA ZAMBRANO (18500383),C/ Camino del Jueves Edif. Reina So,Armilla,Granada,18100,616041143
53,18601989,C.E.I.P. ATALAYA (18601989),"Avda. de la Libertad, s/n",Atarfe,Granada,18230,958893918
54,18004859,C.E.I.P. CLARA CAMPOAMOR (18004859),"Avda. de Andalucía, s/n",Atarfe,Granada,18230,958893863
55,18000881,C.E.I.P. DOCTOR JIMÉNEZ RUEDA (18000881),"Avda. Diputación, s/n",Atarfe,Granada,18230,958893910
56,18007502,C.E.I.P. FERNANDO DE LOS RÍOS (18007502),"C/ Maestro Antonio Ramos, s/n",Atarfe,Granada,18230,958100157
57,18601990,C.E.I.P. MEDINA ELVIRA (18601990),"C/ Manuel de Falla, s/n",Atarfe,Granada,18230,958893641
58,18000908,I.E.S. ILIBERIS (18000908),"Avda. Andalucía, 84",Atarfe,Granada,18230,958893993
59,18009407,I.E.S. VEGA DE ATARFE (18009407),"Avda. Diputación, s/n",Atarfe,Granada,18230,958893937
60,18500759,S.E.P. MARIANA PINEDA (18500759),"C/ Antonio Machado, s/n",Atarfe,Granada,18230,958436950
61,18006509,C.E.I.P. LOS LLANOS (18006509),"Avda. de la Libertad, 11",Barrio de la Vega,Granada,18198,958893783
62,18000854,I.E.S. LOS CAHORROS (18000854),"C/ de los Neveros, s/n",Barrio de la Vega,Granada,18198,671534818
63,18001020,C.E.I.P. CIUDAD DE BAZA (18001020),"Avda. Ingeniero Gutiérrez Segura, s",Baza,Granada,18800,958869501
64,18001032,C.E.I.P. FRANCISCO DE VELASCO (18001032),"C/ Francisco de Velasco, s/n",Baza,Granada,18800,958869928
65,18010252,C.E.I.P. JABALCÓN (18010252),"Ctra. de Caniles, s/n",Baza,Granada,18800,958869904
66,18000982,C.E.I.P. SAN JOSÉ DE CALASANZ (18000982),"C/ Blas Infante, 1",Baza,Granada,18800,958869926
67,18500607,C.E.PER. MARÍA DE LUNA (18500607),"C/ Sor Florencia, 3",Baza,Granada,18800,958869520
68,18700271,C.P.M. JOSÉ SALINAS (18700271),"C/ Blas Infante, 5",Baza,Granada,18800,958869561
69,18000441,E.M.M. DAMA DE BAZA (18000441),"C/ Arco de la Magdalena, s/n",Baza,Granada,18800,670286815
70,18007149,E.O.I. IBN AL-QAYSI AL-BASTI (18007149),"Plaza Carlos Cano, s/n",Baza,Granada,18800,958869584
71,18700359,I.E.S. ALCREBITE (18700359),"Plaza Carlos Cano, s/n",Baza,Granada,18800,958869811
72,18001147,I.E.S. JOSÉ DE MORA (18001147),"C/ Blas Infante, 9",Baza,Granada,18800,958869912
73,18001123,I.E.S. PEDRO JIMÉNEZ MONTOYA (18001123),"C/ Isaac Peral, 2",Baza,Granada,18800,671530270
74,18001160,C.E.I.P. VIRGEN DE LA CABEZA (18001160),"C/ Moraleda, s/n",Beas de Granada,Granada,18184,958893115
75,18500887,S.E.P. BEAS DE GRANADA (18500887),"C/ Guadix, 13",Beas de Granada,Granada,18184,546206
76,18601758,C.P.R. SIERRA BLANCA (18601758),"C/ Rambla, 10",Beas de Guadix,Granada,18516,958699514
77,18001196,C.E.I.P. LA ALMOHADA (18001196),"C/ Escuelas, s/n",Belicena,Granada,18193,958893802
78,18001202,C.E.I.P. ANDALUCÍA (18001202),"C/ Escuelas, 7",Benalúa,Granada,18510,958699946
79,18700591,I.E.S. BENALÚA (18700591),"C/ Blas Infante, s/n",Benalúa,Granada,18510,958699508
80,18500553,S.E.P. BENALUA DE GUADIX (18500553),C/ Recinto Azucarera s/n,Benalúa,Granada,18510,958699668
81,18001226,C.E.I.P. SAN SEBASTIÁN (18001226),"C/ Paseo, 48",Benalúa de las Villas,Granada,18564,958399512
82,18001238,C.E.I.P. AMANCIA BURGOS (18001238),"Parque San León, s/n",Benamaurel,Granada,18817,958729900
83,18700608,I.E.S. AVENMORIEL (18700608),"Parque San León, s/n",Benamaurel,Granada,18817,958729947
84,18500620,S.E.P. GUARDAL(BENAMAUREL-CORTES DE BAZA) (18500620),"C/ Calderón de la Barca, s/n",Benamaurel,Granada,18817,958729602
85,18601394,C.P.R. ALPUJARRA (18601394),"C/ Escuelas, 1",Bérchules,Granada,18451,958761972
86,18500206,S.E.P. NACIMIENTO DEL GUADALFEO(BÉRCHULES-ALCUTAR) (18500206),Ctra. s/n,Bérchules,Granada,18451,753001
87,18601400,C.E.I.P. RÍO CHICO (18601400),"C/ Huerta de D. Paco, s/n",Cádiar,Granada,18440,958761911
88,18700670,I.E.S. AL-CADÍ (18700670),"Ctra. de Narila, s/n",Cádiar,Granada,18440,958761936
89,18500191,S.E.P. LA ESPERANZA(CÁDIAR-YÁTOR-NARILA) (18500191),"C/ San Isidro, 8 - bajo Izqda",Cádiar,Granada,18440,958750789
90,18001381,C.E.I.P. SAN FRANCISCO (18001381),"C/ Goya, s/n",Cájar,Granada,18198,958893173
91,18006728,C.E.I.P. VIRGEN DEL MAR (18006728),"C/ Nautilus, s/n",Calahonda,Granada,18730,958649666
92,18001421,C.E.I.P. NTRA. SRA. DEL ROSARIO (18001421),"C/ El Molino, 3",Calicasas,Granada,18290,958893836
93,18001871,C.E.I.P. NTRA. SRA. DEL ROSARIO (18001871),"C/ Mayor, s/n",Campocámara,Granada,18815,958729500
94,18001433,C.E.I.P. TIRSO DE MOLINA (18001433),"C/ Tirso de Molina, s/n",Campotéjar,Granada,18565,958399508
95,18001470,C.E.I.P. JUAN XXIII (18001470),"C/ Alcalde Felipe, s/n",Caniles,Granada,18810,958869933
96,18700517,I.E.S. EL FUERTE (18700517),"C/ Rambla, s/n",Caniles,Granada,18810,958869919
97,18500619,S.E.P. CASA DEL AGUA (18500619),"C/ Plaza de la Constitución, 2",Caniles,Granada,18810,958710907
98,18601904,C.P.R. BARRANCO DE POQUEIRA (18601904),"C/ Eras, s/n",Capileira,Granada,18413,958761954
99,18006820,C.E.I.P. SACRATIF (18006820),"C/ Hernán Cortés, s/n",Carchuna,Granada,18730,958649928
100,18004941,C.E.I.P. VIRGEN DEL CARMEN (18004941),"Ctra. de Gualchos, 10",Castell de Ferro,Granada,18740,958649924
101,18700581,I.E.S. SAYENA (18700581),"Ctra. de Gualchos, 10",Castell de Ferro,Granada,18740,958649990
102,18001640,C.E.I.P. LOS RÍOS (18001640),"C/ Eras Bajas, s/n",Castilléjar,Granada,18818,958729902
103,18500668,S.E.P. CASTILLÉJAR (18500668),"C/ Rosario, s/n",Castilléjar,Granada,18818,958729628
104,18001688,C.E.I.P. NTRA. SRA. DEL ROSARIO (18001688),"C/ Nueva del Río, s/n",Castril,Granada,18816,958729507
105,18001792,C.E.I.P. EL ZARGAL (18001792),"Ctra. de la Sierra, s/n",Cenes de la Vega,Granada,18190,958893178
106,18002139,C.E.I.P. EL SAUCE (18002139),"C/ Verbena, s/n",Chauchina,Granada,18330,958893812
107,18700360,I.E.S. ARJÉ (18700360),"Avda. del Parque, s/n",Chauchina,Granada,18330,958893675
108,18500711,S.E.P. CHAUCHINA (18500711),"Plaza de la Constitución,12",Chauchina,Granada,18330,958893631
109,18002221,C.E.I.P. NTRA. SRA. DEL ROSARIO (18002221),"C/ Río Seco, s/n",Chimeneas,Granada,18329,958893841
110,18013368,C.E.I.P. ESCULTOR CÉSAR MOLINA MEGÍAS (18013368),"C/ Venezuela, s/n",Churriana de la Vega,Granada,18194,671599959
111,18601801,C.E.PR. SAN ROQUE (18601801),"C/ Escuelas, 1",Churriana de la Vega,Granada,18194,958893633
112,18002231,C.E.PR. VIRGEN DE LA CABEZA (18002231),"C/ San Ramón, s/n",Churriana de la Vega,Granada,18194,958893821
113,18601874,E.I. ARCO IRIS (18601874),"C/ Santa Lucía, s/n",Churriana de la Vega,Granada,18194,958893709
114,18002243,I.E.S. FEDERICO GARCÍA LORCA (18002243),"C/ San Ramón, 10",Churriana de la Vega,Granada,18194,958893827
115,18500425,S.E.P. LA VEGA (18500425),C/ San Ramón (Casa de la Cultura),Churriana de la Vega,Granada,18194,687301269
116,18001809,C.E.I.P. ROGELIO ARASIL (18001809),"C/ Manuel de Falla, 2",Cijuela,Granada,18339,958893804
117,18500747,S.E.P. CIJUELA (18500747),"C/ Jaén, 3",Cijuela,Granada,18339,958893830
118,#N/A,S.E.P. COGOLLOS DE GUADIX-ALBUÑAL-JEREZ DEL MARQUESADO-VALLE DE ZALABI (185005,Plaza del Ayuntamiento,Cogollos de Guadix,Granada,18518,620324731
119,18001822,C.E.I.P. HURTADO DE MENDOZA (18001822),"Bda. de Santa Adela, s/n",Cogollos Vega,Granada,18197,958893806
120,18001834,I.E.S. EMILIO MUÑOZ (18001834),"Pago de Catacena, s/n",Cogollos Vega,Granada,18197,958893727
121,18001858,C.E.I.P. JUAN ALONSO RIVAS (18001858),"C/ Pilar Leones,45",Colomera,Granada,18564,958399587
122,18500802,S.E.P. COLOMERA (18500802),"C/ Erillas, s/n",Colomera,Granada,18564,958399606
123,18001895,C.E.I.P. STOS. MÉDICOS COSME Y DAMIÁN (18001895),"C/ Santos Médicos, s/n",Cortes de Baza,Granada,18814,958729517
124,18601761,C.E.I.P. VILLAMENA (18601761),"C/ Granada, 5",Cozvíjar,Granada,18659,958779941
125,18008774,C.E.I.P. SAN ISIDRO LABRADOR (18008774),"C/ El Valle, 10",Cuevas del Campo,Granada,18813,958869800
126,18009304,C.E.I.P. MURES (18009304),"C/ Rafael Alberti, 39",Cúllar,Granada,18850,958729528
127,18700529,I.E.S. GREGORIO SALVADOR (18700529),"C/ Rafael Alberti, s/n",Cúllar,Granada,18850,958729941
128,18500632,S.E.P. LA TORRE (18500632),"C/ Posito, 10",Cúllar,Granada,18850,958729623
129,18002103,C.E.PR. FRANCISCO AYALA (18002103),"Ctra. Belicena, s/n",Cúllar Vega,Granada,18194,958893808
130,18005852,E.I. LA VIÑA (18005852),"C/ Don Quijote de la Mancha, s/n",Cúllar Vega,Granada,18195,958894743
131,18003004,I.E.S. ARABULEILA (18003004),"C/ Maestro Diego Montes, 2",Cúllar Vega,Granada,18195,958893507
132,18002255,C.E.I.P. NTRA. SRA. DEL AMPARO (18002255),"C/ Espinosa San Martín, s/n",Darro,Granada,18181,958699909
133,18601898,C.P.R. AL-DEHECUN (18601898),"C/ Matosa,18",Dehesas de Guadix,Granada,18538,958399597
134,18002279,C.E.I.P. NTRA. SRA. DEL ROSARIO (18002279),"C/ Eras, s/n",Dehesas Viejas,Granada,18567,958399638
135,18002280,C.E.I.P. SAN ISIDORO (18002280),"Avda. Islas Canarias, s/n",Deifontes,Granada,18570,958893328
136,18002292,C.E.I.P. CRISTO DE LA FE (18002292),"Ctra. de Murcia, s/n",Diezma,Granada,18180,958699919
137,18500590,S.E.P. FONELAS-DARRO-DIEZMA-LA PEZÁ (18500590),C/ de la Fuente,Diezma,Granada,18180,671592028
138,18002322,C.E.I.P. FEDERICO GARCÍA LORCA (18002322),"Cmo. de la Ermita, s/n",Dílar,Granada,18152,958893833
139,18005463,C.E.I.P. NTRA. SRA. DEL ROSARIO (18005463),"C/ Granada, s/n",Domingo Pérez de Granada,Granada,18567,958390554
140,18601461,C.E.I.P. LA CRUZ (18601461),"Avda. Nigüelas, s/n",Dúrcal,Granada,18650,958779939
141,18002395,C.E.I.P. MAESTRO MANUEL MORALES (18002395),"C/ Eras, s/n",Dúrcal,Granada,18650,958779915
142,18500450,C.E.PER. VALLE DE LECRÍN (18500450),"C/ Olivón, s/n",Dúrcal,Granada,18650,606750567
143,18009778,I.E.S. ALONSO CANO (18009778),"Avda. Blas Infante, 28",Dúrcal,Granada,18650,958779576
144,18009419,I.E.S. VALLE DE LECRÍN (18009419),"C/ Arenillas, s/n",Dúrcal,Granada,18650,958779926
145,18000076,C.E.I.P. SAN ISIDRO LABRADOR (18000076),"C/ Acacias, s/n",El Chaparral,Granada,18220,958894786
146,18601916,C.P.R. FUENTE DE LA REINA (18601916),"C/ Redonda, s/n",El Jau,Granada,18329,958893779
147,18601357,C.E.I.P. LA HINOJORA (18601357),"C/ Iglesia, s/n",El Margen,Granada,18857,958729935
148,18601345,C.P.R. LAS RAMBLAS (18601345),"C/ El Barrio, s/n",El Pozuelo,Granada,18770,958654916
149,18007113,C.E.I.P. PABLO RUIZ PICASSO (18007113),"Ctra. del Mar, s/n",El Varadero,Granada,18613,958649943
150,18601278,C.P.R. PARAPANDA (18601278),"C/ San Rafael, s/n",Escoznar,Granada,18294,958893523
151,18002401,C.E.I.P. CRISTO DEL RESCATE (18002401),"C/ Ermita, s/n",Escúzar,Granada,18130,958893742
152,18601308,C.E.I.P. FRANCISCO AYALA (18601308),"Ctra. de Huéscar, s/n",Fátima,Granada,18816,958729647
153,18500541,S.E.P. FERREIRA-DÓLAR-HUÉNEJA-LA HORTEZUELA (18500541),"C/ Barrichillo, s/n",Ferreira,Granada,18513,958699666
154,18002437,C.E.I.P. RAFAEL VIDAL (18002437),"C/ Real, s/n",Fonelas,Granada,18515,958699719
155,18601886,C.E.I.P. LA INMACULADA (18601886),"C/ Real, s/n",Fornes,Granada,18127,958369567
156,18602234,C.P.R. NEGRATÍN (18602234),"Avda. de la Constitución, s/n",Freila,Granada,18812,958869600
157,18002486,C.E.I.P. FEDERICO GARCÍA LORCA (18002486),"C/ D. Francisco Giner de los Ríos,",Fuente Vaqueros,Granada,18340,958893118
158,18700611,I.E.S. FERNANDO DE LOS RÍOS (18700611),"C/ C/ Pilar López, s/n",Fuente Vaqueros,Granada,18340,600141204
159,18500701,S.E.P. FUENTE VAQUEROS (18500701),Plaza de Abastos. Primera Planta,Fuente Vaqueros,Granada,18340,958516013
160,18602155,C.E.I.P. SAN JERÓNIMO (18602155),"C/ Escuelas Nuevas, s/n",Fuentes de Cesna,Granada,18295,958338661
161,18013371,C.E.I.P. EL TORREÓN (18013371),"Paseo de las Cardonchas, 10",Gabia Grande,Granada,18110,600164537
162,18002516,C.E.PR. NTRA. SRA. DE LAS NIEVES (18002516),"C/ San Cristóbal, s/n",Gabia Grande,Granada,18110,958893838
163,18602180,E.I. LA ERMITA (18602180),"Paseo Ermita, 2",Gabia Grande,Granada,18110,958893711
164,18700372,I.E.S. MONTEVIVES (18700372),"C/ Haití, s/n",Gabia Grande,Granada,18110,958893678
165,18500395,S.E.P. FRANCISCO ALBA (18500395),"C/ Severo Ochoa, s/n",Gabia Grande,Granada,18110,958893974
166,18002553,C.E.I.P. CRISTO DE LA EXPIRACIÓN (18002553),"Avda. Don Nicasio Tomás, s/n",Galera,Granada,18840,958729904
167,18500681,S.E.P. GALERA (18500681),"Otros San Isidro,30",Galera,Granada,18840,958729630
168,18002589,C.E.I.P. VIRGEN DE LA PAZ (18002589),"C/ Eras, s/n",Gójar,Granada,18150,958894840
169,18013435,C.P.R. TRES FUENTES (18013435),"C/ Escuelas, 1 y 3",Gor,Granada,18870,958699682
170,18601746,C.P.R. FEDERICO GARCÍA LORCA (18601746),"C/ San Lorenzo, 1",Graena,Granada,18517,958699613
171,18601497,C.C. ARLEQUÍN (18601497),Ctra. de Murcia s/n,Granada,Granada,18010,958272144
172,18601977,C.C. BELÉN (18601977),"Cmo. Bajo de Huetor, s/n",Granada,Granada,18008,958132900
173,18601503,C.C. DUENDE (18601503),"Paseo de las Palmas, 13",Granada,Granada,18008,958224492
174,18601783,C.C. LUNA (18601783),"Ronda Alfareros,15. Casería de Mont",Granada,Granada,18011,958151245
175,18601059,C.E.I.P. ABENCERRAJES (18601059),"C/ Torre de los Picos, 17",Granada,Granada,18008,958893376
176,18009808,C.E.I.P. ALCAZABA (18009808),"Cmo. de los Abencerrajes, s/n",Granada,Granada,18008,958893585
177,18601217,C.E.I.P. ANDALUCÍA (18601217),"C/ Merced Alta, s/n. Polígono Alman",Granada,Granada,18013,958893610
178,18003442,C.E.I.P. ANDRÉS SEGOVIA (18003442),"Avda. Duque S. Pedro de Galatino, 1",Granada,Granada,18006,958893404
179,18601023,C.E.I.P. ARRAYANES (18601023),"C/ Merced Alta, s/n",Granada,Granada,18013,958893223
180,18005888,C.E.I.P. ELENA MARTÍN VIVALDI (18005888),"C/ Espartera, s/n",Granada,Granada,18014,958893979
181,18003752,C.E.I.P. EUGENIA DE MONTIJO (18003752),"C/ Actriz Fabiana Laura, s/n",Granada,Granada,18015,958893449
182,18004461,C.E.I.P. FUENTENUEVA (18004461),"C/ Gonzalo Gallas, s/n",Granada,Granada,18003,958893536
183,18003740,C.E.I.P. GALLEGO BURÍN (18003740),Avda. Dílar. Bda. Zaidín,Granada,Granada,18007,958893378
184,18010276,C.E.I.P. GARCÍA LORCA (18010276),"C/ César Vallejo, 6",Granada,Granada,18008,958893595
185,18601035,C.E.I.P. GENIL (18601035),"Plaza General Emilio Herrera, 4",Granada,Granada,18005,958893607
186,18003661,C.E.I.P. GÓMEZ MORENO (18003661),"Callejón de las Campanas, 7",Granada,Granada,18010,958893122
187,18003880,C.E.I.P. INMACULADA DEL TRIUNFO (18003880),"Avda. Capitán Moreno, 7",Granada,Granada,18010,958893486
188,18003727,C.E.I.P. JARDÍN DE LA REINA (18003727),"Avda. Mediterráneo, 5",Granada,Granada,18006,958893234
189,18003764,C.E.I.P. JOSÉ HURTADO (18003764),"C/ Molinos, 55",Granada,Granada,18009,958893484
190,18009501,C.E.I.P. JUAN RAMÓN JIMÉNEZ (18009501),"Ctra. de Alfacar, s/n",Granada,Granada,18011,958893577
191,18003715,C.E.I.P. LOS CÁRMENES (18003715),"C/ Virgen del Pilar, 1",Granada,Granada,18012,671565924
192,18009535,C.E.I.P. LUIS ROSALES (18009535),"C/ Rector Marín Ocete, s/n. Campus",Granada,Granada,18014,958893581
193,18600985,C.E.I.P. MARÍA ZAMBRANO (18600985),"C/ Casería del Cerro, 14",Granada,Granada,18013,958893598
194,18009523,C.E.I.P. MIGUEL HERNÁNDEZ (18009523),"C/ Puerta de los Guzmanes, 9. Barri",Granada,Granada,18011,958893580
195,18010264,C.E.I.P. PARQUE DE LAS INFANTAS (18010264),"Avda. de Dílar, s/n",Granada,Granada,18006,958893591
196,18601680,C.E.I.P. PARQUE NUEVA GRANADA (18601680),"C/ Rigoberta Menchú, 3",Granada,Granada,18011,958893772
197,18003703,C.E.I.P. PROFESOR TIERNO GALVÁN (18003703),"C/ Agustina de Aragón, 2",Granada,Granada,18005,958893124
198,18003545,C.E.I.P. REYES CATÓLICOS (18003545),"Plaza Velázquez, 31",Granada,Granada,18007,958893794
199,18010057,C.E.I.P. SAN JOSÉ (18010057),"C/ Las Tablas, 13",Granada,Granada,18002,958893590
200,18002693,C.E.I.P. SAN JUAN DE DIOS (18002693),"Avda. de Maracena, 111",Granada,Granada,18014,958893367
201,18601679,C.E.I.P. SANCHO PANZA (18601679),"C/ Sancho Panza, s/n",Granada,Granada,18008,958893769
202,18003302,C.E.I.P. SANTA JULIANA (18003302),"C/ Virgen del Monte, s/n",Granada,Granada,18015,958893431
203,18009134,C.E.I.P. SIERRA ELVIRA (18009134),"C/ Virgen Blanca, 27",Granada,Granada,18004,958893797
204,18008968,C.E.I.P. SIERRA NEVADA (18008968),"Avda. Emperador Carlos V, 17",Granada,Granada,18008,958893350
205,18009456,C.E.I.P. VICENTE ALEIXANDRE (18009456),"C/ Beethoven, 6",Granada,Granada,18006,958893574
206,18601813,C.E.I.P. VICTORIA EUGENIA (18601813),"Avda. del Sur, 7",Granada,Granada,18014,958893777
207,18004495,C.E.I.P. VIRGEN DE LAS NIEVES (18004495),"C/ Trevenque, 2. Ctra. de la Sierra",Granada,Granada,18008,958893214
208,18500905,C.E.PER. ALBAYZÍN (18500905),"Plaza de la Libertad, 7",Granada,Granada,18010,95894831
209,18500899,C.E.PER. ALMANJÁYAR-CARTUJA (18500899),"Ctra. de Alfacar, s/n",Granada,Granada,18011,958894824
210,18500917,C.E.PER. SAN MATÍAS (18500917),"C/ Castañeda, 23",Granada,Granada,18009,958894826
211,18500930,C.E.PER. ZAIDIN-FUENTENUEVA (18500930),"C/ Santa Rosalía, 6",Granada,Granada,18007,958894828
212,18700189,C.P.D. REINA SOFÍA (18700189),"C/ Torre de Machuca, s/n",Granada,Granada,18007,958893189
213,18009377,C.P.I.F.P. AYNADAMAR (18009377),"Paseo Paseo de Cartuja, s/n",Granada,Granada,18011,958893570
214,18004355,C.P.I.F.P. HURTADO DE MENDOZA (18004355),"C/ Francisco Palau y Quer, 17",Granada,Granada,18006,958894637
215,18700335,C.P.M. ÁNGEL BARRIOS (18700335),"C/ Torre de los Picos, s/n",Granada,Granada,18008,958296180
216,18009781,C.S.M. VICTORIA EUGENIA (18009781),"C/ San Jerónimo, 46",Granada,Granada,18001,958893180
217,18004501,E.A.S.D. JOSÉ VAL DEL OMAR (18004501),"C/ Gracia, 4",Granada,Granada,18002,958893400
218,18009547,E.I. GENERALIFE (18009547),"C/ Margarita Xirgu, 4",Granada,Granada,18007,958893583
219,18003284,E.O.I. GRANADA (18003284),"C/ Villa de Oña, 10",Granada,Granada,18013,958894854
220,18009389,I.E.S. ALBAYZÍN (18009389),"C/ Camino de San Antonio, s/n",Granada,Granada,18011,958893920
221,18010185,I.E.S. ALHAMBRA (18010185),"C/ Beethoven, 2",Granada,Granada,18006,958893370
222,18004276,I.E.S. ÁNGEL GANIVET (18004276),"C/ Santa Bárbara, 15",Granada,Granada,18001,958893353
223,18008841,I.E.S. CARTUJA (18008841),"C/ Julio Moreno Dávila, 18",Granada,Granada,18011,958893286
224,18700293,I.E.S. FRANCISCO AYALA (18700293),"Avda. Francisco Ayala, s/n",Granada,Granada,18014,958893750
225,18700013,I.E.S. FRAY LUIS DE GRANADA (18700013),"C/ Huerta del Rasillo, s/n",Granada,Granada,18004,958980307
226,18010446,I.E.S. GENERALIFE (18010446),"C/ Huerta del Rasillo, s/n",Granada,Granada,18003,958893209
227,18700311,I.E.S. LA MADRAZA (18700311),"Plaza Escritor Fernández Castro, 2",Granada,Granada,18014,958893667
228,18700566,I.E.S. LA PAZ (18700566),"Avda. Pulianas, s/n",Granada,Granada,18011,958893757
229,18009195,I.E.S. MARIANA PINEDA (18009195),"C/ Beethoven, 4",Granada,Granada,18006,958810911
230,18700441,I.E.S. MIGUEL DE CERVANTES (18700441),"C/ Camino Real de los Neveros, 1",Granada,Granada,18008,958893792
231,18004291,I.E.S. PADRE MANJÓN (18004291),"C/ Gonzalo Gallas, s/n",Granada,Granada,18003,958893493
232,18004264,I.E.S. PADRE SUÁREZ (18004264),"C/ Gran Vía de Colón, 61",Granada,Granada,18001,958893120
233,18700037,I.E.S. PEDRO SOTO DE ROJAS (18700037),"C/ Torre de los Picos, 2",Granada,Granada,18008,958893300
234,18004288,I.E.S. POLITÉCNICO HERMENEGILDO LANZ (18004288),"C/ Albondón, 7",Granada,Granada,18003,958893230
235,18009249,I.E.S. SEVERO OCHOA (18009249),"Avda. de las Alpujarras, 31",Granada,Granada,18015,958893561
236,18700542,I.E.S. VELETA (18700542),"C/ Alhendin, 7",Granada,Granada,18007,958893762
237,18004458,I.E.S. VIRGEN DE LAS NIEVES (18004458),"Avda. de Andalucía, 38",Granada,Granada,18014,958893380
238,18700098,I.E.S. ZAIDÍN-VERGELES (18700098),"C/ Primavera, 26-28",Granada,Granada,18008,958893850
239,18111111,I.P.E.P. GRANADA (18111111),"C/ Virgen del Pilar, 5",Granada,Granada,18012,958893969
240,18500929,S.E.P. CHANA (18500929),"C/ Virgen del Monte, s/n",Granada,Granada,18015,958800189
241,18004586,C.E.I.P. VIRGEN DE LORETO (18004586),"Avda. de Granada, s/n",Guadahortuna,Granada,18560,958399589
242,18700621,I.E.S. ISABEL LA CATÓLICA (18700621),"Avda. de Granada, s/n",Guadahortuna,Granada,18560,671535349
243,18500826,S.E.P. GUADAHORTUNA-CAMPOTÉJAR (18500826),Ctra. de Ronda. Casa de la Cultura,Guadahortuna,Granada,18560,958399561
244,18004756,C.E.I.P. ADELANTADO PEDRO MENDOZA (18004756),"C/ Obispo Rincón, s/n",Guadix,Granada,18500,958699930
245,18004744,C.E.I.P. MEDINA OLMOS (18004744),"C/ San Miguel, 48",Guadix,Granada,18500,600149183
246,18004768,C.E.I.P. RUIZ DEL PERAL (18004768),"C/ Marbella, s/n",Guadix,Granada,18500,958699933
247,18500528,C.E.PER. GUAMENZE (18500528),"C/ Santa María de Buen Aire, 7",Guadix,Granada,18500,958699545
248,18700220,C.P.M. CARLOS ROS (18700220),"C/ Santa María del Buen Aire, 7",Guadix,Granada,18500,958664936
249,18004823,E.A. (18004823),"Plaza de la Catedral, 4",Guadix,Granada,18500,958660126
250,18000398,E.M.M. (18000398),"Plaza Blas Infante, s/n",Guadix,Granada,18500,958669002
251,18003363,E.O.I. ACCITANIA (18003363),"C/ Josefa Segovia, 3",Guadix,Granada,18500,958699591
252,18009213,I.E.S. ACCI (18009213),"Avda. Buenos Aires, 68",Guadix,Granada,18500,958699912
253,18004801,I.E.S. PADRE POVEDA (18004801),"Avda. Mariana Pineda, s/n",Guadix,Granada,18500,958660620
254,18004793,I.E.S. PEDRO ANTONIO DE ALARCÓN (18004793),"C/ Venus de Paulenca, s/n",Guadix,Granada,18500,958699900
255,18602088,C.E.I.P. LOS GUAJARES (18602088),"C/ Doctor Alcántara, 37",Guajar Faragüit,Granada,18615,958654945
256,18500334,S.E.P. LOS GUÁJARES (GUAJAR FONDÓN-GUAJAR FARAGÜIT-GUAJAR ALTO) (18500334),"C/ Doctor Alcántara, s/n",Guajar Faragüit,Granada,18195,958629053
257,18601187,C.E.I.P. SIERRA LÚJAR (18601187),"Ctra. Motril, 1",Gualchos,Granada,18614,958649704
258,18500309,S.E.P. GUALCHOS-CASTELL DE FERRO (18500309),"C/ Jayena, s/n",Gualchos,Granada,18740,958649717
259,18004999,C.E.I.P. LA VEREDA (18004999),"C/ Hacilla, s/n",Güéjar Sierra,Granada,18160,958893513
260,18500449,S.E.P. GENIL(GÜEJAR SIERRA-QUÉTAR) (18500449),"C/ Plaza Mayo, 1",Güéjar Sierra,Granada,18160,680972837
261,18005001,C.E.I.P. FEDERICO GARCÍA LORCA (18005001),"Avda. García Lorca, s/n",Güevéjar,Granada,18197,958893515
262,18002531,C.E.I.P. PILAR IZQUIERDO (18002531),"C/ Avicena, s/n",Híjar,Granada,18110,958893505
263,18601941,C.P.R. EL PUNTAL (18601941),"C/ San Juan, s/n",Huélago,Granada,18540,958678829
264,18601825,C.P.R. MONTE CHULLO (18601825),"C/ Barrichillo, 19",Huéneja,Granada,18512,958683007
265,18005086,C.E.I.P. CERVANTES (18005086),"C/ San Juan Bosco, s/n",Huéscar,Granada,18830,958729907
266,18005098,C.E.I.P. NATALIO RIVAS (18005098),"Avda. Constitución, 5",Huéscar,Granada,18830,958729909
267,18005104,C.E.I.P. PRINCESA SOFÍA (18005104),"C/ de la Cruz, s/n",Huéscar,Granada,18830,958729911
268,18500644,C.E.PER. LA VEREA (18500644),"C/ Cruz, s/n",Huéscar,Granada,18830,958729624
269,18005131,E.A. HUÉSCAR (18005131),"C/ Morote, 62",Huéscar,Granada,18830,671535287
270,18005153,I.E.S. ALQUIVIRA (18005153),"C/ San Juan Bosco, 1",Huéscar,Granada,18830,958729920
271,18005141,I.E.S. LA SAGRA (18005141),"Avda. Granada, s/n",Huéscar,Granada,18830,958729914
272,18005189,C.E.I.P. SIERRA DE HUÉTOR (18005189),"C/ Agua, s/n",Huétor de Santillán,Granada,18183,958893740
273,18500863,S.E.P. HUETOR SANTILLÁN (18500863),"C/ Agua, s/n",Huétor de Santillán,Granada,18183,638722643
274,18005232,C.E.I.P. PADRE MANJÓN (18005232),"C/ Gral. Parrizas Ropero, 14",Huétor Tájar,Granada,18360,958338935
275,18009471,C.E.I.P. SAN ISIDRO LABRADOR (18009471),"C/ Rosalía de Castro, 1",Huétor Tájar,Granada,18360,958338589
276,18700301,I.E.S. AMÉRICO CASTRO (18700301),"C/ Eras Bajas, s/n",Huétor Tájar,Granada,18360,958338944
277,18500024,S.E.P. VEGATAXARA (18500024),"C/ San Juan, s/n",Huétor Tájar,Granada,18360,958338525
278,18601451,C.E.I.P. MARIANA PINEDA (18601451),"C/ La Nava, 9",Huétor Vega,Granada,18198,958893628
279,18005268,C.E.I.P. NTRA. SRA. DE LAS ANGUSTIAS (18005268),"C/ Martín Recuerda, 9",Huétor Vega,Granada,18198,958893845
280,18009201,I.E.S. LOS NEVEROS (18009201),"C/ Alhucema, 3",Huétor Vega,Granada,18198,958893931
281,18005360,C.E.I.P. GRAN CAPITÁN (18005360),"C/ San Rogelio, s/n",Íllora,Granada,18260,958893929
282,18500139,C.E.PER. EL CASTILLO (18500139),"Avda. Antonio Tasted, 3",Íllora,Granada,18260,958893647
283,18700773,I.E.S. DIEGO DE SILOÉ (18700773),"Avda. de Antonio Tastet, 1",Íllora,Granada,18260,958893365
284,18005414,C.E.I.P. NTRA. SRA. DE LA SALUD (18005414),"C/ Era, 3",Ítrabo,Granada,18612,958654912
285,18601084,C.E.I.P. FRANCISCO AYALA (18601084),"C/ Savigny Le Temple, s/n",Iznalloz,Granada,18550,958399593
286,18005475,C.E.I.P. SAN JUAN DE ÁVILA (18005475),"C/ Erillas, s/n",Iznalloz,Granada,18550,958399591
287,18601096,C.E.I.P. SIERRA ARANA (18601096),"Ctra. de la Sierra,13",Iznalloz,Granada,18550,958399595
288,18500814,C.E.PER. LOS MONTES (18500814),"C/ Plaza de la Constitución, 7",Iznalloz,Granada,18550,958399510
289,18700475,I.E.S. MONTES ORIENTALES (18700475),"Ctra. de la Sierra, 15",Iznalloz,Granada,18550,958384060
290,18005505,C.E.I.P. VIRGEN DEL ROSARIO (18005505),"Avda. Mediterráneo, s/n",Jayena,Granada,18127,958369905
291,18500085,S.E.P. JAYENA (18500085),"C/ Málaga, s/n",Jayena,Granada,18127,958369530
292,18000246,C.P.R. SENED (18000246),"C/ Escuelas, s/n",Jerez del Marquesado,Granada,18518,958699995
293,18005542,C.E.I.P. LA PURÍSIMA (18005542),"C/ Rodríguez Castillo, s/n",Jun,Granada,18170,958893558
294,18500531,S.E.P. LA CALAHORRA-ALDEIRE (18500531),C/ Las Yedras,La Calahorra,Granada,18512,958699523
295,18008051,E.I. CALETA DE SALOBREÑA (18008051),"Bda. Juan Camacho, s/n",La Caleta-Guardia,Granada,18680,958649669
296,18000635,C.E.I.P. LAS GAVIOTAS (18000635),"C/ Las Palomas, s/n",La Herradura,Granada,18697,697952236
297,18700554,I.E.S. VILLANUEVA DEL MAR (18700554),"Paseo Andrés Segovia, 29",La Herradura,Granada,18697,958649664
298,18006157,C.E.I.P. SAN ISIDRO LABRADOR (18006157),"C/ Clavelitos, s/n",La Malahá,Granada,18130,958894860
299,18700645,I.E.S. EL TEMPLE (18700645),"C/ Gloria Fuertes, 2",La Malahá,Granada,18130,958893295
300,18500103,S.E.P. EL TEMPLE(CACÍN-EL TURRO-LA MALAHÁ) (18500103),"C/ Real, 80",La Malahá,Granada,18130,958587101
301,18601382,C.P.R. SÁNCHEZ MARISCAL (18601382),"Paseo Marítimo, s/n",La Mamola,Granada,18750,958654940
302,18601412,C.P.R. MONTE HACHO (18601412),"Paseo de Ronda, s/n",La Palma,Granada,18314,958338728
303,18007514,C.E.I.P. CRISTÓBAL DE ARCE (18007514),"C/ Lepanto, s/n",La Peza,Granada,18517,958699952
304,18000261,C.E.I.P. VIRGEN DEL MAR (18000261),"C/ Cerro, s/n",La Rábita,Granada,18760,958654934
305,18000623,C.E.I.P. AL-ZAWIYA (18000623),"Glor. Doctor Luis Masats, s/n",La Zubia,Granada,18140,958893897
306,18601102,C.E.I.P. ENRIQUE TIERNO GALVÁN (18601102),"C/ Alcalde Francisco Pérez López, s",La Zubia,Granada,18140,958893622
307,18008749,C.E.I.P. ISABEL LA CATÓLICA (18008749),"C/ Cuesta de Corvales, s/n",La Zubia,Granada,18140,958893882
308,18500437,C.E.PER. GINER DE LOS RÍOS (18500437),"C/ Camino Forestal, 10 - Centro ""Ca",La Zubia,Granada,18140,671565884
309,18001081,I.E.S. LAUREL DE LA REINA (18001081),"C/ Everest, s/n",La Zubia,Granada,18140,958893722
310,18700244,I.E.S. TREVENQUE (18700244),"C/ Álvarez Quintero, s/n",La Zubia,Granada,18140,958893657
311,18005608,C.E.I.P. FRANCISCA HURTADO (18005608),"C/ Nueva, s/n",Láchar,Granada,18327,958893848
312,18500723,S.E.P. LÁCHAR-PEÑUELAS (18500723),Avda. Andalucía. Ayuntamiento,Láchar,Granada,18327,958893638
313,18004574,C.E.I.P. VIRGEN DE FÁTIMA (18004574),"C/ Alisos, s/n",Lancha del Genil,Granada,18190,958893713
314,18005645,C.E.I.P. LUCENA RIVAS (18005645),"C/ Hondillo, 7",Lanjarón,Granada,18420,958779920
315,18700633,I.E.S. LANJARÓN (18700633),"C/ Ciudad Jardín, s/n",Lanjarón,Granada,18420,958779945
316,18500279,S.E.P. LA BORDAILA (18500279),"C/ Córdoba, s/n",Lanjarón,Granada,18420,958779522
317,18500589,S.E.P. LANTEIRA-ALQUIFE (18500589),"C/ La Amargura, s/n",Lanteira,Granada,18518,673014
318,18601849,C.P.R. NEVADA (18601849),"C/ Ermita, s/n",Laroles,Granada,18493,958761929
319,18500164,S.E.P. LA RAGUA(LAROLES-PICENA-MAIRENA) (18500164),"C/ Esperanza, 11",Laroles,Granada,18493,760120
320,18008063,C.E.I.P. CERVANTES (18008063),"C/ El Espinar, 19",Lobres,Granada,18610,671569412
321,18005876,C.E.I.P. CAMINILLO (18005876),"C/ Mariana Pineda, 21",Loja,Granada,18300,958338900
322,18005906,C.E.I.P. ELENA MARTÍN VIVALDI (18005906),"Plaza Cervantes, 2",Loja,Granada,18300,958338594
323,18000611,C.E.I.P. RAFAEL PÉREZ DEL ÁLAMO (18000611),"Avda. Rafael Pérez del Álamo, s/n",Loja,Granada,18300,958338567
324,18005891,C.E.I.P. SAN FRANCISCO (18005891),"Avda. La Estación, 4",Loja,Granada,18300,958338586
325,18005979,C.E.I.P. VICTORIA (18005979),"Avda. Los Ángeles, 18",Loja,Granada,18300,958338596
326,18700190,C.E.M. CARMEN ROMERO AVELLANEDA (18700190),"Paseo Público, s/n",Loja,Granada,18300,958338558
327,18500012,C.E.PER. GUADALGENIL (18500012),"C/ Cerrillo de los Frailes, s/n",Loja,Granada,18300,958338534
328,18004707,E.O.I. LOJA (18004707),"Paseo de Narváez, s/n",Loja,Granada,18300,958338566
329,18700414,I.E.S. ALFAGUARA (18700414),"C/ Hoyo de Narváez, s/n",Loja,Granada,18300,958338572
330,18005992,I.E.S. MORAIMA (18005992),"Ctra. de Priego, s/n",Loja,Granada,18300,600161165
331,18005980,I.E.S. VIRGEN DE LA CARIDAD (18005980),"C/ Cervantes, s/n",Loja,Granada,18300,958338603
332,18602121,C.P.R. EL ALFÉIZAR (18602121),"C/ Cristo de la Expiración, s/n",Los Tablones,Granada,18418,958779533
333,18009663,C.E.I.P. EMILIO CARMONA (18009663),Avda. Dr. López-Cantarero Ballester,Maracena,Granada,18200,958893907
334,18006236,C.E.I.P. GINER DE LOS RÍOS (18006236),"C/ La Humanidad, s/n",Maracena,Granada,18200,958893749
335,18601448,C.E.I.P. LAS MIMBRES (18601448),"Cmo. de los Eriales, s/n",Maracena,Granada,18200,958893627
336,18013381,C.E.I.P. MAESTRA TERESA MORALES (18013381),"C/ Tierra Media, s/n",Maracena,Granada,18200,677901215
337,18700657,I.E.S. MANUEL DE FALLA (18700657),"Cmo. Nuevo, s/n",Maracena,Granada,18200,958893694
338,18500772,S.E.P. PABLO FREIRE (18500772),"C/ Horno, 19",Maracena,Granada,18200,958421433
339,18009109,S.E.S.O. DEL IES MANUEL DE FALLA (18009109),C/ Tierra Media s/n,Maracena,Granada,18200,958544462
340,18601928,C.P.R. LAS ACEQUIAS (18601928),"C/ Iglesia Vieja, 7",Mecina Bombarón,Granada,18450,958761931
341,18500218,S.E.P. LOS MOLINOS(ALPUJARRA DE LA SIERRA-MECINA BOMBARÓN.-YEGEN) (18500218),"C/ Ángel,4",Mecina Bombarón,Granada,18450,851001
342,18500140,S.E.P. MOCLÍN-TIENA-PUERTO LOPE- OLIVARES (18500140),"C/ Escuelas, 19",Moclín,Granada,18247,403409
343,18006455,C.E.I.P. MIGUEL DE CERVANTES (18006455),"C/ Cádiz, s/n",Molvízar,Granada,18611,958649681
344,18006510,C.E.I.P. MIRAFLORES (18006510),"C/ Carlos Carreras, 8",Monachil,Granada,18193,958894457
345,18006561,C.E.I.P. LA PAZ (18006561),"Avda. Miguel Hernández, 3",Montefrío,Granada,18270,958338569
346,18500115,C.E.PER. VENTURA RODRÍGUEZ (18500115),"C/ Jacinto Benavente, s/n",Montefrío,Granada,18270,958310061
347,18700487,I.E.S. HIPONOVA (18700487),"Avda. de la Cultura, s/n",Montefrío,Granada,18270,958338580
348,18006625,C.E.I.P. SAN ANDRÉS (18006625),"Avda. Guadahortuna, s/n",Montejícar,Granada,18561,958399608
349,18700669,I.E.S. MONTEJÍCAR (18700669),"C/ Lepanto, s/n",Montejícar,Granada,18561,958399515
350,18006650,C.E.I.P. FÉLIX RODRÍGUEZ DE LA FUENTE (18006650),"Avda. Trujillos, s/n",Montillana,Granada,18566,958399538
351,18602027,C.P.R. RUIZ CARVAJAL (18602027),"Ctra. del Turro, 33",Moraleda de Zafayona,Granada,18370,958894846
352,18005220,I.E.S. MANUEL CAÑADAS (18005220),"C/ Pintor Velázquez, s/n",Moraleda de Zafayona,Granada,18370,958894444
353,18500048,S.E.P. LA AMISTAD (18500048),"C/ Competa, 45",Moraleda de Zafayona,Granada,18370,958893119
354,18602040,C.E.I.P. LA SANTA CRUZ (18602040),"C/ Lepanto, 7",Moreda,Granada,18540,958699959
355,18006972,C.E.I.P. ANTONIO GARVAYO DINELLI (18006972),"C/ Huerta la Chica, s/n",Motril,Granada,18600,958649629
356,18006947,C.E.I.P. CARDENAL BELLUGA (18006947),"C/ Cercado de la Virgen, s/n",Motril,Granada,18600,958649900
357,18009481,C.E.I.P. FRANCISCO MEJÍAS (18009481),"C/ Antonio Montero Barranco, s/n",Motril,Granada,18600,958649954
358,18009717,C.E.I.P. LOS ÁLAMOS (18009717),"Rbla. de los Álamos, s/n",Motril,Granada,18600,958649645
359,18009493,C.E.I.P. MARIANA PINEDA (18009493),"C/ Manuel Peña Alta, 37",Motril,Granada,18600,958649957
360,18007034,C.E.I.P. PRÍNCIPE FELIPE (18007034),"C/ Principado de Asturias, s/n",Motril,Granada,18600,958649546
361,18006959,C.E.I.P. REINA FABIOLA (18006959),"Avda. Martín Cuevas, s/n",Motril,Granada,18600,958649931
362,18006960,C.E.I.P. SAN ANTONIO (18006960),"C/ Batalla de San Quintín, 5",Motril,Granada,18600,958649933
363,18500280,C.E.PER. JUAN RODRÍGUEZ PINTOR (18500280),"Plaza de la Libertad, 1",Motril,Granada,18600,958649529
364,18006935,C.E.PR. VIRGEN DE LA CABEZA (18006935),"C/ Río Guadiana, s/n. Aptdo.correos",Motril,Granada,18600,958649636
365,18700207,C.P.M. ANTONIO LORENZO (18700207),"C/ Aguas del Hospital, s/n",Motril,Granada,18600,958649656
366,18007083,E.A. PALACIO VENTURA (18007083),"Plaza Cruz Verde, 4",Motril,Granada,18600,958601108
367,18009705,E.I. RÍO EBRO (18009705),"C/ Río Ebro, s/n.",Motril,Granada,18600,958649535
368,18700281,E.O.I. MOTRIL (18700281),"C/ Aguas del Hospital, s/n",Motril,Granada,18600,958649672
369,18700323,I.E.S. BEATRIZ GALINDO LA LATINA (18700323),"Cmo. de las Ventillas, s/n",Motril,Granada,18600,958649970
370,18700426,I.E.S. FRANCISCO GINER DE LOS RÍOS (18700426),"C/ La matraquilla, 5",Motril,Granada,18600,958649988
371,18007046,I.E.S. FRANCISCO JAVIER DE BURGOS (18007046),"Avda. González Carrascosa, s/n",Motril,Granada,18600,958649903
372,18700049,I.E.S. JOSÉ MARTÍN RECUERDA (18700049),"C/ Neptuno, s/n",Motril,Granada,18600,671533383
373,18007058,I.E.S. JULIO RODRÍGUEZ (18007058),"C/ Fernández Molina, s/n",Motril,Granada,18600,958649641
374,18007022,I.E.S. LA ZAFRA (18007022),"C/ Menéndez y Pelayo, 40",Motril,Granada,18600,958649941
375,18602064,C.E.I.P. MURTAS-TURÓN (18602064),"C/ Atalayón, s/n",Murtas,Granada,18490,958761523
376,18500176,S.E.P. MURTAS (18500176),Plaza de la Iglesia,Murtas,Granada,18490,958761574
377,18007204,C.E.I.P. EL ZAHOR (18007204),"C/ Manuel de Falla, 9",Nigüelas,Granada,18657,958779921
378,18710018,E.M.M. ESCUELA COMARCAL DE MÚSICA VALLE DE LECRÍN (18710018),"Plaza de la Trinidad, 4",Nigüelas,Granada,18657,637904417
379,18500516,S.E.P. NIGÜELAS (18500516),"C/ Nueva, 1",Nigüelas,Granada,18657,958777607
380,18007228,C.E.I.P. CRISTO DE LA SALUD (18007228),"C/ Secano, 1",Nívar,Granada,18214,958893852
381,18009766,C.E.E.E. JEAN PIAGET (18009766),"C/ Los Frailes Blancos, s/n",Ogíjares,Granada,18151,958597262
382,18004151,C.E.I.P. FRANCISCO AYALA (18004151),"C/ Río Beiro, s/n",Ogíjares,Granada,18151,958893176
383,18007241,C.E.I.P. RAMÓN Y CAJAL (18007241),"C/ Valdés Leal, s/n",Ogíjares,Granada,18151,958893955
384,18013599,E.M.M.D. MANUEL CANO TAMAYO (18013599),"C/ Doctor Severo Ochoa, s/n",Ogíjares,Granada,18151,958509696
385,18700803,I.E.S. BLAS INFANTE (18700803),"C/ Río Genil, s/n",Ogíjares,Granada,18151,958893702
386,18500413,S.E.P. VEGAS ALTAS(OGÍJARES-GÓJAR-DÍLAR-OTURA) (18500413),"C/ Padre Vidagor, 4",Ogíjares,Granada,18151,671599578
387,18006364,C.E.I.P. FEDERICO GARCÍA LORCA (18006364),"C/ Convento, s/n",Olivares,Granada,18248,958894862
388,18007289,C.E.I.P. SAN JOSÉ (18007289),"Cmo. San Simón, 1",Orce,Granada,18858,958729927
389,18007319,C.E.I.P. SAN JOSÉ DE CALASANZ (18007319),"C/ Lora Tamayo, s/n",Órgiva,Granada,18400,958649945
390,18500267,C.E.PER. ALPUJARRA (18500267),"C/ Lora Tamayo, s/n",Órgiva,Granada,18400,958649744
391,18007174,E.O.I. ALPUJARRA (18007174),"Plaza García Lorca, 1",Órgiva,Granada,18400,958779610
392,18700761,I.E.S. ALPUJARRA (18700761),"Avda. Lora Tamayo, s/n",Órgiva,Granada,18400,958779900
393,18602222,C.P.R. VALLE VERDE (18602222),"C/ Atocha, 1",Otívar,Granada,18698,958649700
394,18601266,C.E.I.P. EL OLIVARILLO (18601266),"C/ Olivarillo, 7",Padul,Granada,18640,958779933
395,18007401,C.E.I.P. SAN SEBASTIÁN (18007401),"C/ Colegios, s/n",Padul,Granada,18640,958779923
396,18700724,I.E.S. LA LAGUNA (18700724),"C/ Vicente Aleixandre, s/n",Padul,Granada,18640,958779955
397,18500462,S.E.P. AL-BADUL (18500462),"C/ Ayuntamiento, 7",Padul,Granada,18640,773300
398,18500243,S.E.P. BARRANCO DE POQUEIRA(PANPANEIRA-CAPILEIRA-BUBIÓN) (18500243),"Avda. de la alpujarra, 16",Pampaneira,Granada,18411,763300
399,18015018,C.P.R. LOS MONTES (18015018),"Ctra. Villanueva, s/n",Pedro Martínez,Granada,18530,958699950
400,18500838,S.E.P. PEDRO MARTÍNEZ (18500838),"Plaza Santa Cruz, 3",Pedro Martínez,Granada,18530,958699674
401,18602003,C.E.I.P. GLORIA FUERTES (18602003),"C/ Trinidad, s/n",Peligros,Granada,18210,958893642
402,18007484,C.E.I.P. MANUEL DE FALLA (18007484),"C/ Manuel de Falla, 26",Peligros,Granada,18210,958893860
403,18000891,I.E.S. CLARA CAMPOAMOR (18000891),"Avda. Vistalegre, s/n",Peligros,Granada,18210,958893818
404,18500784,S.E.P. ANTONIA GARCÍA (18500784),"C/ San Idelfonso, 12",Peligros,Granada,18210,958893890
405,18601333,C.P.R. LOS PINARES (18601333),"C/ Escuelas, s/n",Peñuelas,Granada,18328,958893623
406,18601850,C.P.R. EL PINAR (18601850),"C/ Carretera, 49",Pinos del Valle,Granada,18658,858108326
407,18500504,S.E.P. EL PINAR(PINOS DEL VALLE-IZBOR) (18500504),"C/ Eras, s/n",Pinos del Valle,Granada,18660,958779520
408,18007563,C.E.I.P. BERTA WILHELMI (18007563),"Ctra. Güéjar Sierra, s/n",Pinos Genil,Granada,18191,958893914
409,18500735,C.E.PER. MANUEL MARTÍN LAFUENTE (18500735),"C/ Briones, 2 Bajo",Pinos Puente,Granada,18240,958893775
410,18008889,C.E.PR. SAN PASCUAL BAILÓN (18008889),"C/ Huerta de los Rosales, s/n",Pinos Puente,Granada,18240,958893915
411,18602179,E.I. MEDIA LUNA (18602179),"C/ Carretera de Córdoba, 11",Pinos Puente,Granada,18240,958893274
412,18009432,I.E.S. CERRO DE LOS INFANTES (18009432),"Bda. de las Flores, s/n",Pinos Puente,Granada,18240,958893604
413,18007711,C.E.I.P. HERMANOS CORONEL VELÁZQUEZ (18007711),"C/ Tico Medina, s/n",Píñar,Granada,18568,958399567
414,18602143,C.P.R. LOS CASTAÑOS (18602143),"Plaza de la Iglesia, s/n",Pitres,Granada,18414,958761913
415,18700682,I.E.S. SULAYR (18700682),"C/ Los albergues, 6",Pitres,Granada,18414,958761943
416,18500231,S.E.P. LA ESCARIGÜELA (18500231),"C/ Real de Pitres, 20",Pitres,Granada,18414,766075
417,18500221,S.E.P. LOS LINDES (18500221),C/ Sierra Nevada s/n,Pórtugos,Granada,18415,766001
418,18014890,C.P.R. RAMÓN Y CAJAL (18014890),"C/ Escuelas, s/n",Puebla de Don Fadrique,Granada,18820,958729931
419,18500656,S.E.P. PUEBLA DE DON FADRIQUE (18500656),"Plaza Cristo Rey, s/n",Puebla de Don Fadrique,Granada,18820,958729626
420,18602052,C.P.R. LAS ATALAYAS (18602052),"C/ Pozos, s/n",Puerto Lope,Granada,18249,958893648
421,18007897,C.E.I.P. PROFESOR TIERNO GALVÁN (18007897),"C/ Isaac Albéniz, 3",Pulianas,Granada,18197,958893211
422,18500796,C.E.PER. SIERRA Y AGUA (18500796),"C/ Gobernador, s/n. Biblioteca P.M.",Pulianas,Granada,18197,600092500
423,18700694,I.E.S. BULYANA (18700694),"Avda. de Andalucía, 15",Pulianas,Granada,18197,958894699
424,18007915,C.E.I.P. VIRGEN DE LOS DOLORES (18007915),"C/ Colegios, 2",Purchil,Granada,18193,958893868
425,18007940,C.E.I.P. REINA ISABEL (18007940),"Brr. San Torcuato, s/n",Purullena,Granada,18519,958699519
426,18700700,I.E.S. RIBERA DEL FARDES (18700700),"C/ Cerro de los Almendrillos, s/n",Purullena,Granada,18519,958699972
427,18500565,S.E.P. PURULLENA (18500565),Plaza S. Torcuato,Purullena,Granada,18519,958699676
428,18602106,C.P.R. RIBERA DE AGUAS BLANCAS (18602106),"C/ Eras del Molino, 1",Quéntar,Granada,18192,958894864
429,18601837,C.E.I.P. EL VALLE - JOAQUÍN MUÑOZ RUIZ (18601837),"C/ Apero, s/n",Restabal,Granada,18658,671535105
430,18500498,S.E.P. EL VALLE(RESTABAL.-SALERES-MELEGÍS) (18500498),"Avda. de Andalucía, 34. Ayuntamient",Restabal,Granada,18658,958779501
431,18601953,C.P.R. GIBALTO (18601953),"C/ Aragón, 27",Riofrío,Granada,18313,958338709
432,18008014,C.E.I.P. ECOESCUELA LA INMACULADA (18008014),"C/ Lepanto, s/n y Carretera de Alha",Salar,Granada,18310,958338559
433,18500036,S.E.P. EL BAÑUELO (18500036),"Avda. Andalucía ,56",Salar,Granada,18310,958338539
434,18008117,C.E.I.P. MAYOR ZARAGOZA (18008117),"Avda. Motril, s/n",Salobreña,Granada,18680,958649950
435,18600961,C.E.PR. SEGALVINA (18600961),"Avda. Nicaragua, s/n",Salobreña,Granada,18680,958649959
436,18008129,E.I. JUAN RAMÓN JIMÉNEZ (18008129),"Plaza Picasso, s/n",Salobreña,Granada,18680,958649500
437,18009961,I.E.S. MEDITERRÁNEO (18009961),"Avda. de Motril, s/n",Salobreña,Granada,18680,600141017
438,18000519,I.E.S. NAZARÍ (18000519),"Avda. de Nicaragua, s/n",Salobreña,Granada,18680,958649502
439,18500322,S.E.P. SALOBREÑA-LA CALETA-LOBRES (18500322),"Avda. del Mediterráneo, s/n",Salobreña,Granada,18680,958649721
440,18008130,C.E.I.P. JUAN RAMÓN JIMÉNEZ (18008130),"Avda. Andalucía, 1",Santa Cruz del Comercio,Granada,18129,958369564
441,18008853,C.E.I.P. CAPITULACIONES (18008853),"C/ Pintor López Mezquita, 2",Santa Fe,Granada,18320,958893892
442,18008211,C.E.I.P. REYES CATÓLICOS (18008211),"C/ Celestino Mutis, s/n",Santa Fe,Granada,18320,958893870
443,18500693,C.E.PER. ELENA MARTÍN VIVALDI (18500693),"C/ Santa Fe de Bogotá, s/n",Santa Fe,Granada,18320,958893988
444,18009444,I.E.S. HISPANIDAD (18009444),"C/ Celestino Mutis, 1",Santa Fe,Granada,18320,671533270
445,18008257,I.E.S. JIMÉNEZ DE QUESADA (18008257),"Cmo. de Santa Teresa, 1",Santa Fe,Granada,18320,671533010
446,18009675,C.E.I.P. ESQUÍ-ESCUELA (18009675),"C/ Pradollano, s/n",Sierra Nevada,Granada,18196,958893398
447,18500966,S.E.P. SORVILÁN-MELICENA-LOS YESOS-ALFONDON-POLOPOS (18500966),"Avda. Nueva, s/n",Sorvilán,Granada,18713,958654700
448,18601369,C.E.I.P. EL AZAHAR (18601369),"C/ García Lorca, s/n",Talará,Granada,18656,958779936
449,18500486,S.E.P. LECRÍN-MONDÚJAR (18500486),"Avda. Europa, 16",Talará,Granada,18656,958779526
450,18006406,C.E.I.P. EL RETAMAL (18006406),"Avda. Andalucía, 24",Tiena,Granada,18248,958894644
451,18005402,C.E.I.P. FEDERICO GARCÍA LORCA (18005402),"Plaza 1 de Mayo, s/n",Tocón,Granada,18380,958893517
452,18008351,C.E.I.P. CRISTO DE LA EXPIRACIÓN (18008351),"C/ Escuelas, 11",Torre-Cardela,Granada,18563,958699956
453,18007101,C.E.I.P. PÍO XII (18007101),"C/ Prolg. Acapulco, s/n",Torrenueva Costa,Granada,18720,958649650
454,18602039,C.P.R. VALLE DEL GUADALFEO (18602039),"C/ Las Cruces, s/n",Torvizcón,Granada,18430,958761596
455,18500346,S.E.P. TORVIZCÓN (18500346),"C/ Aguilera, 8",Torvizcón,Granada,18430,958761590
456,18008397,C.E.I.P. NTRA. SRA. DE LAS NIEVES (18008397),"C/ Posadas, s/n",Trevélez,Granada,18417,958761594
457,18500255,S.E.P. SAN ANTONIO (18500255),"C/ Posadas, s/n",Trevélez,Granada,18417,958761610
458,18602076,C.P.R. SÁNCHEZ VELAYOS (18602076),"C/ Almazara, s/n",Ugíjar,Granada,18480,958761933
459,18008464,I.E.S. ULYSSEA (18008464),"C/ Casillas, s/n",Ugíjar,Granada,18480,958761922
460,18500152,S.E.P. MAESTRO LUIS ORTEGA MANRIQUE (18500152),"C/ Hermanos Sánchez Velayos, s/n",Ugíjar,Granada,18480,958791592
461,18007678,C.E.I.P. JUAN PABLO I (18007678),"Cmo. de Íllora, s/n",Valderrubio,Granada,18250,958893744
462,18500188,S.E.P. CUESTA VIÑAS(MECINA-ALFAHAR-NECHINE) (18500188),"C/ Aben Humeya, 10",Válor,Granada,18470,851631
463,18008506,C.E.I.P. MADRIGAL Y PADIAL (18008506),"C/ General Pizarro, 1",Vélez de Benaudalla,Granada,18670,671596504
464,18500310,C.E.PER. RÍO GUADALFEO (18500310),"C/ de la Palma, s/n",Vélez de Benaudalla,Granada,18670,958649720
465,18601931,C.P.R. TAXARA (18601931),"C/ Barranco de la Dehesa, 22",Venta Nueva,Granada,18360,958338535
466,18602015,C.P.R. EL TEMPLE (18602015),"C/ Vereda del Puente del Encinar, s",Ventas de Huelma,Granada,18131,958893746
467,18601709,C.P.R. LOS CASTAÑOS (18601709),"C/ Estación, s/n",Ventas de Zafarraya,Granada,18128,958369579
468,18602091,C.E.I.P. BESANA (18602091),"C/ Alcalá, s/n",Ventorros de San José,Granada,18311,958338712
469,18007393,C.E.I.P. VIRGEN DE LA PAZ (18007393),"Urb. Nueva Otura, s/n",Villa de Otura,Granada,18630,958893857
470,18004148,I.E.S. ESCULTOR SÁNCHEZ MESA (18004148),"C/ Severo Ochoa, s/n",Villa de Otura,Granada,18630,958893220
471,18008609,C.E.I.P. ALAMEDAS DEL GENIL (18008609),"C/ Paz, 1",Villanueva Mesía,Granada,18369,958893800
472,18500051,S.E.P. MEXÍA (18500051),"C/ Cerezo, s/n",Villanueva Mesía,Granada,18369,958893519
473,18008610,C.E.I.P. ARZOBISPO MOSCOSO (18008610),"C/ Juan XXIII, s/n",Víznar,Granada,18179,958893880
474,18008713,C.E.I.P. ENRIQUE TIERNO GALVÁN (18008713),"C/ Dolores Ibarruri, s/n",Zafarraya,Granada,18128,958369903
475,18500073,S.E.P. ZAFARRAYA (18500073),"Plaza Alexander Fléming, s/n",Zafarraya,Granada,18128,958369528
476,18602167,C.E.I.P. SAN JOSÉ DE CALASANZ (18602167),"C/ Feria, 27",Zagra,Granada,18311,958338654
477,18007681,C.E.I.P. LAS ALHOMAS (18007681),"Ctra. Illora, s/n",Zujaira,Granada,18291,958893865
478,18008816,C.E.I.P. SANTO ÁNGEL (18008816),"C/ San José, 2",Zújar,Granada,18811,958869802
479,18700712,I.E.S. AL-ZUJÁYR (18700712),"C/ Federico García Lorca, s/n",Zújar,Granada,18811,958869817
480,18500978,S.E.P. NEGRATÍN(ZÚJAR-CUEVAS DEL CAMPO-FREILA) (18500978),"C/ San José, s/n",Zújar,Granada,18811,958869532
1,21600911,C.P.R. TRESFUENTES (21600911),"Ctra. de Fuenteheridos, s/n",Alájar,Huelva,21340,959129652
2,21000024,C.E.I.P. ANTONIO GUERRERO (21000024),"C/ Santander, s/n",Aljaraque,Huelva,21110,959524923
3,21002963,C.E.I.P. PURA DOMÍNGUEZ (21002963),"Avda. de las Camelias, s/n",Aljaraque,Huelva,21110,959524414
4,21000164,E.M.M. (21000164),"C/ Alerce, 2. Urbanización La Dehes",Aljaraque,Huelva,21110,959521535
5,21700526,I.E.S. FUENTE JUNCAL (21700526),"C/ Clavel, s/n",Aljaraque,Huelva,21110,959524912
6,21500574,S.E.P. EL PINAR(ALJARAQUE-CORRALES) (21500574),"C/ Real, 66",Aljaraque,Huelva,21110,959316190
7,21000085,C.E.I.P. VIRGEN DE GRACIA (21000085),"Ctra. de Sevilla, 17",Almonaster la Real,Huelva,21350,959149577
8,21500239,S.E.P. MEZQUITA (21500239),"C/ Cristo, 5",Almonaster la Real,Huelva,21350,959149570
9,21601007,C.E.I.P. EL LINCE (21601007),"C/ Paterna, s/n",Almonte,Huelva,21730,959439706
10,21003566,C.E.I.P. LOS LLANOS (21003566),"Cmo. de los Llanos, 10",Almonte,Huelva,21730,959439934
11,21600842,C.E.I.P. LOS TARANJALES (21600842),"C/ Pastorcitos, s/n",Almonte,Huelva,21730,959439702
12,21000191,C.E.I.P. NTRA. SRA. DEL ROCÍO (21000191),"C/ Pino Gordo, s/n",Almonte,Huelva,21730,959439709
13,21500011,C.E.PER. GINER DE LOS RÍOS (21500011),"Bda. Pío XII, s/n",Almonte,Huelva,21730,959439574
14,21000188,C.E.PR. LOPE DE VEGA (21000188),"C/ Alonsario, 2",Almonte,Huelva,21730,959439919
15,21600830,E.I. LA HUERTA (21600830),"C/ Huerta de la Cañada, s/n",Almonte,Huelva,21730,959439704
16,21006971,E.M.M. MANOLO SANLÚCAR (21006971),C/ Antonio Machado s/n,Almonte,Huelva,null,682055880
17,21003414,E.O.I. ALMONTE (21003414),"C/ Héros de Baler, nº 6",Almonte,Huelva,21730,671591519
18,21700654,I.E.S. DOÑANA (21700654),"Avda. de la Juventud, s/n",Almonte,Huelva,21730,959439951
19,21700642,I.E.S. LA RIBERA (21700642),"Avda. Che Guevara, s/n",Almonte,Huelva,21730,959439970
20,21000309,C.E.I.P. NTRA. SRA. DE GRACIA (21000309),"C/ Real, 140",Alosno,Huelva,21520,959489907
21,21000310,I.E.S. LA ALBORÁ (21000310),"Avda. Pedro Carrasco, s/n",Alosno,Huelva,21520,600164276
22,21500379,S.E.P. JOSÉ ANTONIO PÉREZ BOWIE(ALOSNO-THARSIS) (21500379),"C/ Paco Toronjo, 2",Alosno,Huelva,21520,959489544
23,21500240,C.E.PER. ARCILAXIS (21500240),"C/ Monasterio de la Rábida, s/n",Aracena,Huelva,21200,959129520
24,21000334,C.E.PR. JOSÉ NOGALES (21000334),"Plaza Doña Elvira Embid, s/n",Aracena,Huelva,21200,600168449
25,21600994,E.I. LA JULIANITA (21600994),"Plaza Camino de Linares, s/n",Aracena,Huelva,21200,959129533
26,21002631,E.O.I. ARACENA (21002631),"C/ Blas Infante, 34",Aracena,Huelva,21200,959129526
27,21700381,I.E.S. SAN BLAS (21700381),"Plaza Doña Elvira Embid, s/n",Aracena,Huelva,21200,959126235
28,21000437,C.E.I.P. JOSÉ ROMERO MACÍAS (21000437),"Ctra. del Mustio, s/n",Aroche,Huelva,21240,959149902
29,21700538,I.E.S. TURÓBRIGA (21700538),"C/ Miguel Henández, s/n",Aroche,Huelva,21240,671536624
30,21500215,S.E.P. SIERRA DE AROCHE (21500215),"C/ Luna, s/n",Aroche,Huelva,21240,959149504
31,21000462,C.E.I.P. VIRGEN DE LOS REMEDIOS (21000462),"C/ Alta, s/n",Arroyomolinos de León,Huelva,21280,959199524
32,21500173,S.E.P. MONTEMAYOR(ARROYOMOLINOS DE LEÓN-CAÑAVERAL DE LEÓN) (21500173),"C/ Grande, 14",Arroyomolinos de León,Huelva,21280,959197579
33,21000516,C.E.I.P. GALDAMES (21000516),"C/ Galdames, 102-Bis",Ayamonte,Huelva,21400,959349625
34,21003943,C.E.I.P. MORENO Y CHACÓN (21003943),"C/ Villablanca, s/n",Ayamonte,Huelva,21400,959349924
35,21000474,C.E.I.P. PADRE JESÚS (21000474),"Avda. Ramón y Cajal, 23",Ayamonte,Huelva,21400,959349901
36,21000486,C.E.I.P. RODRIGO DE XEREZ (21000486),"C/ Cuesta del Gurugú, s/n",Ayamonte,Huelva,21400,959349918
37,21700231,E.O.I. DO MUNDO LUME (21700231),"C/ Avda. Ramón y Cajal, s/n",Ayamonte,Huelva,21400,959349518
38,21700496,I.E.S. GONZÁLEZ DE AGUILAR (21700496),"C/ Los Álamos, s/n",Ayamonte,Huelva,21400,959349910
39,21700502,I.E.S. GUADIANA (21700502),"C/ Doctor Severo Ochoa, s/n",Ayamonte,Huelva,21400,959349932
40,21500446,S.E.P. MARISMAS DEL GUADIANA(AYAMONTE-PUNTA DEL MORAL) (21500446),"Avda. Ramón y Cajal, 21",Ayamonte,Huelva,21400,959321651
41,21000607,C.E.I.P. JUAN RAMÓN JIMÉNEZ (21000607),"C/ Francisco Vázquez Limón, 11",Beas,Huelva,21630,671565957
42,21700678,E.M.M. MAESTRO MELANIO GARRIDO CONTIOSO (21700678),"Plaza de Venezuela, s/n",Beas,Huelva,21630,620142085
43,21700541,I.E.S. LA CAMPIÑA (21700541),"C/ C/ Maestro D.Antonio Pérez Ruiz,",Beas,Huelva,21630,959524964
44,21500501,S.E.P. ALMAZARA (21500501),"C/ San Bartolomé, 15",Beas,Huelva,21630,959524401
45,21601068,C.E.I.P. EL PUNTAL (21601068),"C/ Goya, s/n",Bellavista,Huelva,21122,959524978
46,21600982,C.E.I.P. LA PICOTA (21600982),"C/ Nueva, s/n",Berrocal,Huelva,21647,959559921
47,21500124,S.E.P. LA FUENTE (21500124),"C/ La Fuente, 13",Berrocal,Huelva,21647,959559509
48,21003955,C.E.I.P. LAS VIÑAS (21003955),"C/ Las Viñas, s/n",Bollullos Par del Condado,Huelva,21710,959439900
49,21003505,C.E.I.P. MANUEL PÉREZ (21003505),"C/ Maestra María Jesús Jiménez, 1",Bollullos Par del Condado,Huelva,21710,959439906
50,21000671,C.E.I.P. REYES CATÓLICOS (21000671),"C/ María Auxiliadora, 26",Bollullos Par del Condado,Huelva,21710,959439516
51,21500112,C.E.PER. LA PIÑA (21500112),"C/ Medina Sidonia, 45",Bollullos Par del Condado,Huelva,21710,959439581
52,21700228,C.P.M. CATEDRÁTICO ANTONIO GARCÍA HERRERA (21700228),"C/ Pedro Miguel Pérez de Ayala, 5",Bollullos Par del Condado,Huelva,21710,959439559
53,21000176,E.M.M. NUESTRA SEÑORA DE LAS MERCEDES (21000176),"C/ Pedro Miguel Pérez de Ayala, 5",Bollullos Par del Condado,Huelva,21710,959412094
54,21000693,I.E.S. DELGADO HERNÁNDEZ (21000693),"C/ Dalí, 1",Bollullos Par del Condado,Huelva,21710,959439921
55,21700423,I.E.S. SAN ANTONIO (21700423),"C/ El Pendique, s/n",Bollullos Par del Condado,Huelva,21710,959439941
56,21000735,C.E.I.P. LORA TAMAYO (21000735),"C/ Doctor Fléming, 4",Bonares,Huelva,21830,959524917
57,21700061,I.E.S. CATEDRÁTICO PULIDO RUBIO (21700061),"C/ Consejero Montaner, s/n",Bonares,Huelva,21830,959524550
58,21500069,S.E.P. BUENA TIERRA (21500069),"C/ Niebla, 39",Bonares,Huelva,21830,959364068
59,21600957,C.P.R. ADERÁN 1 (21600957),"C/ Santos, s/n",Cabezas Rubias,Huelva,21580,959559912
60,21500367,S.E.P. SAN PEDRO(CABEZAS RUBIAS-SANTA BÁRBARA DE CASAS) (21500367),"C/ Álamo, 1",Cabezas Rubias,Huelva,21580,959571225
61,21000759,C.E.I.P. SAN ROQUE (21000759),Paseo de la Ermita 15.,Cala,Huelva,21270,959199544
62,21500197,S.E.P. SAN BENITO (21500197),"Plaza de los Mineros, s/n",Cala,Huelva,21270,959078120
63,21000772,C.E.I.P. SAN JOSÉ DE CALASANZ (21000772),"C/ Pasaderas, s/n",Calañas,Huelva,21300,959559526
64,21003323,I.E.S. DIEGO MACÍAS (21003323),"C/ Extramuros, s/n",Calañas,Huelva,21300,671535362
65,21500321,S.E.P. LA ESESITA (21500321),"C/ Carretera Lavadero, s/n",Calañas,Huelva,21300,959559518
66,21600921,C.P.R. ADERSA IV (CAÑAVERAL DE LEÓN E HINOJALES) (21600921),"Ctra. de Hinojales, 2",Cañaveral de León,Huelva,21388,959129717
67,21002409,C.E.I.P. CASTILLO DE LOS ZÚÑIGA (21002409),"C/ Fuente del Duque, s/n",Cartaya,Huelva,21450,959489520
68,21000875,C.E.I.P. CONCEPCIÓN ARENAL (21000875),"Plaza de Andalucía, 1",Cartaya,Huelva,21450,671533192
69,21000863,C.E.I.P. JUAN RAMÓN JIMÉNEZ (21000863),"Avda. Gibraleón, 2",Cartaya,Huelva,21450,959489503
70,21600672,C.E.I.P. MAESTRO JUAN DÍAZ HACHERO (21600672),"C/ Gracia, 43",Cartaya,Huelva,21450,959489613
71,21500483,C.E.PER. BETURIA (21500483),"Plaza Andalucía, s/n",Cartaya,Huelva,21450,959489546
72,21700435,I.E.S. MAPI VALLE (21700435),"C/ Miguel Ángel, s/n",Cartaya,Huelva,21450,959489555
73,21000899,I.E.S. RAFAEL REYES (21000899),"Ctra. Huelva-Ayamonte, s/n",Cartaya,Huelva,21450,959489649
74,21001119,C.E.I.P. MANUEL SIUROT (21001119),"C/ Rábida, 12",Chucena,Huelva,21891,671534679
75,21500690,S.E.P. EL PINO (21500690),"Plaza de la Iglesia, 25",Chucena,Huelva,21891,959439710
76,21000048,C.E.I.P. PROFESOR TIERNO GALVÁN (21000048),"C/ Casas del Río, s/n",Corrales,Huelva,21120,959524926
77,21700551,I.E.S. JUAN ANTONIO PÉREZ MERCADER (21700551),"Blvar. del Ferrocarril, 2",Corrales,Huelva,21120,671536007
78,21000981,C.E.I.P. DOCTOR PERALIAS PANDURO (21000981),"Avda. de Andalucía, s/n",Corteconcepción,Huelva,21209,959129713
79,21001004,C.E.I.P. DIVINO SALVADOR (21001004),"Plaza de las Norias, s/n",Cortegana,Huelva,21230,959149530
80,21001028,I.E.S. SAN JOSÉ (21001028),"C/ Miguel Hernández, 6",Cortegana,Huelva,21230,959149523
81,21500227,S.E.P. CHANZA (21500227),"Plaza de la Constitución, 1",Cortegana,Huelva,21230,959132243
82,21001107,C.E.I.P. JUAN GÓMEZ MÁRQUEZ (21001107),"C/ Córdoba, s/n",Cumbres Mayores,Huelva,21380,959129510
83,21700447,I.E.S. JOSÉ M. MORÓN Y BARRIENTOS (21700447),"Plaza Ntra. Sra. de la Esperanza, 1",Cumbres Mayores,Huelva,21380,959129500
84,21500306,S.E.P. NERTÓBRIGA (21500306),"C/ Puebla Farnals, 13",Cumbres Mayores,Huelva,21380,959710324
85,21000814,C.E.I.P. LA RÁBIDA (21000814),"C/ Sevilla, s/n",El Campillo,Huelva,21650,959598556
86,21500148,S.E.P. VIRGEN DE LA GRANADA (21500148),"C/ Sevilla, 17",El Campillo,Huelva,21650,959598503
87,21000954,C.E.I.P. VIRGEN DE ANDÉVALO (21000954),"Avda. de la Constitución, 16",El Cerro de Andévalo,Huelva,21320,671535216
88,21500331,S.E.P. VIRGEN DE ALBRICIAS (21500331),"C/ Castillo, 10",El Cerro de Andévalo,Huelva,21320,959567448
89,21600969,C.P.R. ADERÁN 2 (21600969),"C/ Grupos Escolares, s/n",El Granado,Huelva,21594,959489549
90,21500434,S.E.P. GUADIANA (21500434),"C/ Santa Catalina, s/n",El Granado,Huelva,21594,959388262
91,21002173,C.E.I.P. SAN JUAN BAUTISTA (21002173),"C/ Paralela a San Juan Bautista, s/",El Repilado,Huelva,21360,959129905
92,21000279,C.E.I.P. DOÑANA (21000279),"Cmo. del Puente del Rey, s/n",El Rocío,Huelva,21750,959439519
93,21000930,C.E.I.P. VIRGEN DEL CARMEN (21000930),"C/ Almirante Cervera, s/n",El Rompido,Huelva,21459,959489531
94,21001120,C.E.I.P. RUFINO BLANCO (21001120),"C/ Rábida, s/n",Encinasola,Huelva,21390,647553865
95,21500291,S.E.P. MONTES CLAROS (21500291),"Plaza Mayor, s/n",Encinasola,Huelva,21390,959524973
96,21001132,C.E.I.P. VIRGEN DE LUNA (21001132),"C/ Los Colegios, s/n",Escacena del Campo,Huelva,21870,959439965
97,21601123,C.P.R. ADERSA 1 (21601123),"C/ Virgen de la Fuente, 56",Fuenteheridos,Huelva,21292,959129556
98,21001156,C.E.I.P. HERMANOS ARELLANO (21001156),"C/ Libertad, s/n",Galaroza,Huelva,21291,959129929
99,21500264,S.E.P. LOS JARRITOS(GALAROZA-JABUGO) (21500264),"C/ La cultura, s/n",Galaroza,Huelva,21291,959129656
100,21003682,C.E.I.P. AURORA MORENO (21003682),"Avda. Reina Sofía, 41",Gibraleón,Huelva,21500,959524942
101,21600702,C.E.I.P. FUENTEPLATA (21600702),"C/ Fuenteplata, s/n",Gibraleón,Huelva,21500,959524205
102,21001168,C.E.I.P. MIGUEL DE CERVANTES (21001168),"Avda. Palo Dulce, s/n",Gibraleón,Huelva,21500,959524603
103,21700034,I.E.S. ODIEL (21700034),Avda. de la Real Escuela Andaluza d,Gibraleón,Huelva,21500,959524627
104,21500586,S.E.P. PANTURRANA (21500586),"Avda. Andalucía, 4-1ª planta",Gibraleón,Huelva,21500,959524399
105,21001223,C.E.I.P. MAESTRO RAFAEL CARBALLAR (21001223),"Cja. de las Pozas, s/n",Higuera de la Sierra,Huelva,21220,959199501
106,21500276,S.E.P. HIGUERA (21500276),"C/ Señor, número 1",Higuera de la Sierra,Huelva,21220,959199522
107,21001259,C.E.I.P. MARISMAS DE HINOJOS (21001259),"C/ Reyes Católicos, 1",Hinojos,Huelva,21740,959439500
108,21700563,I.E.S. EL VALLE (21700563),"C/ Reyes Católicos, 28",Hinojos,Huelva,21740,959439510
109,21500094,S.E.P. LOS PINOS (21500094),"Avda. de la Constitución, 1",Hinojos,Huelva,21740,959439577
110,21001545,C.E.E.E. SAGRADA FAMILIA (21001545),"Ctra. Sevilla-Huelva, km. 636",Huelva,Huelva,21080,959524500
111,21601081,C.E.I.P. AL-ÁNDALUS (21601081),"C/ Tráfico Pesado, s/n",Huelva,Huelva,21007,959524162
112,21003517,C.E.I.P. ANDALUCÍA (21003517),"C/ Camelia, s/n",Huelva,Huelva,21005,959524122
113,21001387,C.E.I.P. ARIAS MONTANO (21001387),"Avda. Diego Morón, s/n",Huelva,Huelva,21005,959524823
114,21001399,C.E.I.P. DOCE DE OCTUBRE (21001399),"Polígono de San Sebastián, s/n",Huelva,Huelva,21006,959524654
115,21600751,C.E.I.P. GARCÍA LORCA (21600751),"C/ Emilio Melero, s/n",Huelva,Huelva,21004,959524165
116,21003992,C.E.I.P. GINER DE LOS RÍOS (21003992),"C/ Legión Española, 13",Huelva,Huelva,21005,959524127
117,21003608,C.E.I.P. JOSÉ OLIVA (21003608),"C/ Luis Manzano, s/n",Huelva,Huelva,21002,959524124
118,21001351,C.E.I.P. JUAN RAMÓN JIMÉNEZ (21001351),"C/ Río Nervión, 2. Bda. Pérez Cubil",Huelva,Huelva,21007,959524818
119,21001338,C.E.I.P. JUVENAL DE VEGA Y RELEA (21001338),"C/ J.J. Cerrejón, s/n. Bda. José An",Huelva,Huelva,21007,671531183
120,21001326,C.E.I.P. MANUEL SIUROT (21001326),"C/ Juan Salvador, 8",Huelva,Huelva,21002,959524813
121,21600611,C.E.I.P. MARISMAS DEL ODIEL (21600611),"Avda. Diego Morón, s/n",Huelva,Huelva,21005,959524984
122,21003360,C.E.I.P. NUEVO (21003360),C/ Calle Practicante Juan Carbonell,Huelva,Huelva,21001,959015394
123,21003724,C.E.I.P. ONUBA (21003724),"C/ Margarita, 1. Bda. El Torrejón",Huelva,Huelva,21005,959524885
124,21001272,C.E.I.P. PRÁCTICAS (21001272),"C/ Juan de la Cosa, 4",Huelva,Huelva,21004,697951694
125,21001375,C.E.I.P. PRÍNCIPE DE ESPAÑA (21001375),"Avda. de la Raza, 2. Bda. del Carme",Huelva,Huelva,21002,959524820
126,21600775,C.E.I.P. PROFESORA PILAR MARTÍNEZ (21600775),"Glor. los Rederos, s/n",Huelva,Huelva,21006,959524991
127,21600684,C.E.I.P. QUINTO CENTENARIO (21600684),"C/ Pescadores, s/n",Huelva,Huelva,21005,959524985
128,21003281,C.E.I.P. REYES CATÓLICOS (21003281),"C/ Murete Bajo, s/n. Bda. Palomeque",Huelva,Huelva,21006,959524408
129,21001296,C.E.I.P. SAN FERNANDO (21001296),"C/ Ismael Serrano, 4",Huelva,Huelva,21004,959524185
130,21001314,C.E.I.P. TARTESSOS (21001314),"C/ Andalucía, s/n",Huelva,Huelva,21007,959524152
131,21001302,C.E.I.P. TRES DE AGOSTO (21001302),"Plaza de Fuentepiña, s/n",Huelva,Huelva,21007,959524140
132,21003529,C.E.I.P. VIRGEN DEL PILAR (21003529),"C/ Cartagenera, 11",Huelva,Huelva,21006,959524118
133,21500653,C.E.PER. LAZARETO (21500653),"C/ Alanís de la Sierra, s/n",Huelva,Huelva,21007,959524391
134,21500598,C.E.PER. LOS ESTEROS (21500598),"Avda. Cristóbal Colón, s/n",Huelva,Huelva,21002,959524305
135,21500641,C.E.PER. MIGUEL HERNÁNDEZ GILABERT (21500641),"Ctra. de La Ribera, s/n",Huelva,Huelva,21071,959211652
136,21003840,C.E.PR. LOS ROSALES (21003840),"C/ Rocinante, s/n",Huelva,Huelva,21007,959524174
137,21004157,C.P.M. JAVIER PERIANES (21004157),"C/ Pilar Gallango, s/n",Huelva,Huelva,21002,959524110
138,21004145,E.A.S.D. LEÓN ORTEGA (21004145),"Avda. Escultora Miss Whitney, 56",Huelva,Huelva,21003,959524207
139,21601093,E.I. LAS SALINAS (21601093),"C/ Rocinante, 2. Aptdo. correos 127",Huelva,Huelva,21007,959524632
140,21800791,E.O.I. HUELVA (21800791),"Bda. de la Orden, s/n. Grupo Juan C",Huelva,Huelva,21005,671592723
141,21001910,I.E.S. ALONSO SÁNCHEZ (21001910),"Avda. Pío XII, s/n",Huelva,Huelva,21004,959524848
142,21001995,I.E.S. ALTO CONQUERO (21001995),"Avda. Manuel Siurot, 36",Huelva,Huelva,21002,959524860
143,21700393,I.E.S. CLARA CAMPOAMOR (21700393),"Avda. Pío XII, s/n",Huelva,Huelva,21006,959524172
144,21001909,I.E.S. DIEGO DE GUZMÁN Y QUESADA (21001909),"Avda. Manuel Siurot, 11",Huelva,Huelva,21004,959524835
145,21700356,I.E.S. ESTUARIA (21700356),"C/ Cortegana, 33",Huelva,Huelva,21006,959524146
146,21003712,I.E.S. FUENTEPIÑA (21003712),"C/ Camino del Saladillo, s/n",Huelva,Huelva,21007,959524521
147,21003980,I.E.S. JOSÉ CABALLERO (21003980),"C/ Tráfico Pesado, s/n. Apdo. 1200",Huelva,Huelva,21004,959524155
148,21002011,I.E.S. LA MARISMA (21002011),"Avda. Santa Marta, s/n",Huelva,Huelva,21005,959524867
149,21003301,I.E.S. LA ORDEN (21003301),"Avda. de la Cinta, s/n",Huelva,Huelva,21005,959524871
150,21001892,I.E.S. LA RÁBIDA (21001892),"Avda. Manuel Siurot, 9",Huelva,Huelva,21004,671535919
151,21700058,I.E.S. PABLO NERUDA (21700058),"C/ Doctor Rubio, 1",Huelva,Huelva,21002,959524246
152,21001922,I.E.S. PINTOR PEDRO GÓMEZ (21001922),"Avda. Manuel Siurot, 40",Huelva,Huelva,21002,959524850
153,21700010,I.E.S. SAN SEBASTIÁN (21700010),"Avda. de Andalucía, s/n",Huelva,Huelva,21004,959524177
154,21700046,I.P.E.P. HUELVA (21700046),"Ctra. de Circunvalación, s/n",Huelva,Huelva,21005,959524322
155,21500628,S.E.P. EL TORREJÓN (21500628),"Avda. de las Flores, s/n",Huelva,Huelva,21005,686864766
156,21500689,S.E.P. LA FUENTE (21500689),"C/ Rubén Darío, s/n",Huelva,Huelva,21005,959524313
157,21500631,S.E.P. LA HISPANIDAD (21500631),"C/ Gabriela Mistral, s/n",Huelva,Huelva,21005,959524393
158,21500604,S.E.P. LA ORDEN (21500604),"C/ Valparaíso, s/n",Huelva,Huelva,21005,959524397
159,21500616,S.E.P. MAESTRA LOURDES PINTOS (21500616),"C/ Virgen María, 1",Huelva,Huelva,21002,959524307
160,21500677,S.E.P. TARTESSOS (21500677),"Plaza de América, s/n",Huelva,Huelva,21003,959524311
161,21500665,S.E.P. XII DE OCTUBRE (21500665),"C/ Ruben Darío, s/n",Huelva,Huelva,21005,959249385
162,21002057,C.E.I.P. ÁNGEL PÉREZ (21002057),"Avda. Gran Vía, 14",Isla Cristina,Huelva,21410,959349577
163,21600881,C.E.I.P. EL MOLINO (21600881),"Avda. Blas Infante, 75",Isla Cristina,Huelva,21410,959349927
164,21002045,C.E.I.P. NTRA. SRA. DEL CARMEN (21002045),"C/ Alcalde Emiliano Cabot, 2",Isla Cristina,Huelva,21410,671533382
165,21600635,C.E.I.P. PLATERO (21600635),"C/ Roque Barcia, s/n",Isla Cristina,Huelva,21410,959349593
166,21002069,C.E.I.P. REINA MARÍA CRISTINA (21002069),"Avda. Federico Silva Muñoz, s/n",Isla Cristina,Huelva,21410,959349580
167,21003530,C.E.I.P. SEBASTIÁN URBANO VÁZQUEZ (21003530),"C/ Alcalde Emiliano Cabot, s/n",Isla Cristina,Huelva,21410,959349589
168,21700101,C.E.M. VICENTE SANCHÍS SANZ (21700101),"C/ Carnaval, 6",Isla Cristina,Huelva,21410,959349500
169,21500458,C.E.PER. MIRAMAR (21500458),"Avda. Constitución, s/n",Isla Cristina,Huelva,21410,959349515
170,21700575,I.E.S. GALEÓN (21700575),"Avda. de España, s/n",Isla Cristina,Huelva,21410,959349596
171,21002100,I.E.S. PADRE JOSÉ MIRAVENT (21002100),"C/ Emiliano Cabot, 22",Isla Cristina,Huelva,21410,959349582
172,21000565,C.E.I.P. VIRGEN DEL CARMEN (21000565),"C/ Navío, 1",Isla del Moral,Huelva,21409,959349920
173,21002151,C.E.I.P. LOS SILOS (21002151),"C/ Libertad, 2",Jabugo,Huelva,21290,671567157
174,21700587,I.E.S. SAN MIGUEL (21700587),"C/ Libertad, 2",Jabugo,Huelva,21290,959121125
175,21002203,C.E.I.P. LAS GAVIOTAS (21002203),"Avda. Islantilla, s/n",La Antilla,Huelva,21449,959489742
176,21600908,C.P.R. ADERSA 6 (21600908),"C/ Cristóbal Colón, s/n. Campofrío",La Granada de Río-Tinto,Huelva,21668,959598516
177,21002513,C.E.I.P. CONDADO DE HUELVA (21002513),"Avda. de la Zarcilla, 70",La Palma del Condado,Huelva,21700,959438577
178,21003232,C.E.I.P. MANUEL SIUROT (21003232),"Avda. de Sevilla, 71",La Palma del Condado,Huelva,21700,600141245
179,21700460,I.E.S. LA PALMA (21700460),"Paseo de los Estudiantes, s/n",La Palma del Condado,Huelva,21700,600141644
180,21500057,S.E.P. LA PALMERA (21500057),"Plaza del Punto, 1",La Palma del Condado,Huelva,21700,959439711
181,21002148,C.E.I.P. PEDRO DE LOPE (21002148),"C/ Torre del Mar, 1",La Redondela,Huelva,21430,959349922
182,21000802,C.E.I.P. SANTA BÁRBARA (21000802),"C/ Extramuros, s/n",La Zarza,Huelva,21310,959559599
183,21002239,C.E.I.P. ALONSO BARBA (21002239),"C/ Sevilla, s/n",Lepe,Huelva,21440,959489507
184,21003438,C.E.I.P. CÉSAR BARRIOS (21003438),"C/ Pescadores, s/n. Bda. de la Pénd",Lepe,Huelva,21440,959489509
185,21600787,C.E.I.P. LA NORIA (21600787),"Urb. La Noria, s/n",Lepe,Huelva,21440,959489579
186,21003542,C.E.I.P. ORIA CASTAÑEDA (21003542),"C/ Balmes, s/n. Camino de Castillej",Lepe,Huelva,21440,959489582
187,21600726,C.E.I.P. RÍO PIEDRAS (21600726),"C/ Hermanos Pinzón, 10",Lepe,Huelva,21440,959489618
188,21003864,C.E.I.P. RODRIGO PÉREZ DE ACEVEDO (21003864),"C/ Sevilla, s/n",Lepe,Huelva,21440,959489955
189,21700411,I.E.S. JOSÉ ANTONIO FERNÁNDEZ MURIEL (21700411),Ctra. de Circunvalación Huelva-Ayam,Lepe,Huelva,21440,959489936
190,21700630,I.E.S. LA ARBOLEDA (21700630),"Avda. de la Arboleda, s/n",Lepe,Huelva,21440,959489904
191,21500461,S.E.P. LOTA(LEPE-LA ANTILLA) (21500461),"C/ Manuel Vela, 28",Lepe,Huelva,21440,959489548
192,21600933,C.P.R. ADERSA 2 (21600933),"C/ Noria, 1",Los Marines,Huelva,21293,959129509
193,21002288,C.E.I.P. MIGUEL DE CERVANTES (21002288),"Plaza Andalucía, s/n",Lucena del Puerto,Huelva,21820,959524607
194,21500550,S.E.P. EL PINALILLO (21500550),"Plaza de Andalucía, 2",Lucena del Puerto,Huelva,21820,959524405
195,21002291,C.E.I.P. MIGUEL HERNÁNDEZ (21002291),"Bda. Blas Infante, s/n",Manzanilla,Huelva,21890,959439621
196,21500070,S.E.P. EL VALLE (21500070),"C/ Villalba, 8",Manzanilla,Huelva,21890,959415813
197,21003426,C.E.I.P. DUNAS DE DOÑANA (21003426),"Otros Sector L, parcelas 97-98",Matalascañas o Torre de la Hig,uHeuraelva,21760,959439532
198,21003931,C.E.I.P. EL FARO (21003931),"C/ Bogotá, 1",Mazagón,Huelva,21130,959524100
199,21002975,I.E.S. ODÓN BETANZOS PALACIOS (21002975),"Avda. Santa Clara, s/n",Mazagón,Huelva,21130,959524417
200,21500562,S.E.P. EL VÍGIA(MAZAGÓN) (21500562),"C/ Bogotá, s/n. C.P. El Faro",Mazagón,Huelva,21130,959376235
201,21002355,C.E.I.P. VIRGEN DEL ROSARIO (21002355),"C/ Teleras, 3",Minas de Riotinto,Huelva,21660,959590932
202,21700290,I.E.S. CUENCA MINERA (21700290),"Avda. Juan Ramón Jiménez, s/n",Minas de Riotinto,Huelva,21660,671538687
203,21500151,S.E.P. LA CORTA (21500151),"C/ Muñoz Arteaga, s/n",Minas de Riotinto,Huelva,21660,959598513
204,21002422,C.E.I.P. PEDRO ALONSO NIÑO (21002422),"Avda. de España, s/n",Moguer,Huelva,21800,959524600
205,21002410,C.E.I.P. VIRGEN DE MONTEMAYOR (21002410),"Avda. Constitución, 1",Moguer,Huelva,21800,959373082
206,21600659,C.E.I.P. ZENOBIA CAMPRUBÍ (21600659),"Avda. V Centenario, s/n",Moguer,Huelva,21800,959524622
207,21700368,I.E.S. FRANCISCO GARFIAS (21700368),"C/ Angustias, s/n. Paraje de los Ag",Moguer,Huelva,21800,959524957
208,21004169,I.E.S. JUAN RAMÓN JIMÉNEZ (21004169),"Avda. V Centenario, s/n",Moguer,Huelva,21800,959524196
209,21500537,S.E.P. CAMARINA (21500537),"C/ Santo Domingo de la Calzada, 12",Moguer,Huelva,21800,959371422
210,21002458,C.E.I.P. MAESTRO ROJAS (21002458),"Avda. Reina Victoria, 1",Nerva,Huelva,21670,671566329
211,21700216,C.E.M. MANUEL ROJAS (21700216),"Plaza Hernán Cortés, s/n",Nerva,Huelva,21670,959598508
212,21002483,I.E.S. VÁZQUEZ DÍAZ (21002483),"C/ Cerro los Baños, s/n",Nerva,Huelva,21670,959598545
213,21500161,S.E.P. ADELA FRIGOLET MORENO (21500161),"C/ Antonio Machado, s/n",Nerva,Huelva,21670,959598511
214,21002495,C.E.I.P. SAN WALABONSO (21002495),"Ctra. Huelva-Sevilla, s/n",Niebla,Huelva,21840,959524920
215,21700459,I.E.S. ALFONSO ROMERO BARCOJO (21700459),"C/ Venida de la Virgen, s/n",Niebla,Huelva,21840,959524634
216,21500033,S.E.P. LEBLA (21500033),"C/ Condes de Niebla, s/n",Niebla,Huelva,21840,959524255
217,21002598,C.E.I.P. HERMANOS PINZÓN (21002598),"Avda. América, s/n",Palos de la Frontera,Huelva,21810,959524353
218,21002604,C.E.I.P. SAN JORGE (21002604),"C/ Huelva, 2",Palos de la Frontera,Huelva,21810,959524320
219,21500549,C.E.PER. ALJIBE (21500549),"Avda. Andalucía, s/n",Palos de la Frontera,Huelva,21810,959524302
220,21002628,C.P.I.F.P. PROFESOR JOSÉ LUIS GRAÍÑO (21002628),"Ctra. de la Rábida, s/n",Palos de la Frontera,Huelva,21819,959656127
221,21003128,I.E.S. CARABELAS (21003128),"C/ Evaristo Domínguez, s/n",Palos de la Frontera,Huelva,21810,959038676
222,21002653,C.E.I.P. SÁNCHEZ ARJONA (21002653),"C/ Maestro Sosa López, 4",Paterna del Campo,Huelva,21880,959439503
223,21700204,I.E.S. CAMPO DE TEJADA (21700204),"Avda. Diego Sosa López, 6",Paterna del Campo,Huelva,21880,959524103
224,21500082,S.E.P. TALYATA(PATERNA DEL CAMPO-ESCACENA) (21500082),"C/ La Plaza, 72",Paterna del Campo,Huelva,21880,959428798
225,21002677,C.E.I.P. EMILIO PÉREZ MOLINA (21002677),"C/ Don Manuel Márquez, 6",Paymogo,Huelva,21560,959559905
226,21500343,S.E.P. CIPRIANO MORA RAMIREZ (21500343),"C/ Real, 1",Paymogo,Huelva,21560,959559530
227,21002112,C.E.I.P. LA HIGUERITA (21002112),Ctra. Central s/n,Pozo Camino,Huelva,21420,959349507
228,21002690,C.E.I.P. SEBASTIÁN GARCÍA VÁZQUEZ (21002690),"Bda. del Santo, s/n",Puebla de Guzmán,Huelva,21550,959489848
229,21003736,I.E.S. DEL ANDÉVALO (21003736),"Avda. Francisco Pompey, s/n",Puebla de Guzmán,Huelva,21550,671568569
230,21500355,S.E.P. ALFAYAT (21500355),"C/ Serpa, s/n",Puebla de Guzmán,Huelva,21550,959489534
231,21600763,C.E.I.P. ENEBRAL (21600763),"Avda. de la Marina, s/n",Punta Umbría,Huelva,21100,959524194
232,21002732,C.E.I.P. SAN SEBASTIÁN (21002732),"Avda. Mar de Leva, s/n",Punta Umbría,Huelva,21100,671533122
233,21002744,C.E.I.P. SANTO CRISTO DEL MAR (21002744),"Avda. Andalucia, 25",Punta Umbría,Huelva,21100,959524557
234,21002720,C.E.I.P. VIRGEN DEL CARMEN (21002720),"C/ Dr. Prieto Toubes, 2",Punta Umbría,Huelva,21100,959524932
235,21710015,E.M.M. CIUDAD DE PUNTA UMBRÍA (21710015),Avda. de la Marina s/n.,Punta Umbría,Huelva,21100,959495191
236,21003074,I.E.S. BITÁCORA (21003074),"C/ Séneca, 18",Punta Umbría,Huelva,21100,600149016
237,21700307,I.E.S. SALTÉS (21700307),"C/ Pintor José Caballero, s/n",Punta Umbría,Huelva,21100,600141287
238,21500495,S.E.P. GALEÓN (21500495),"Avda. Miguel Hernández, s/n",Punta Umbría,Huelva,21100,959495164
239,21601111,C.E.I.P. LOS PERALES (21601111),"C/ Hermanos Pinzón, s/n",Rociana del Condado,Huelva,21720,959439903
240,21002756,C.E.I.P. SAN SEBASTIÁN (21002756),"C/ Balmes, 1",Rociana del Condado,Huelva,21720,959439929
241,21700599,I.E.S. VIRGEN DEL SOCORRO (21700599),"C/ Hermanos Pinzón, s/n",Rociana del Condado,Huelva,21720,959439963
242,21500021,S.E.P. LUISILLO (21500021),"C/ Balmes, 1",Rociana del Condado,Huelva,21720,959439583
243,21002768,C.E.I.P. NUESTRA SEÑORA DEL ROSARIO (21002768),"Plaza San Rafael, s/n",Rosal de la Frontera,Huelva,21250,959149502
244,21500203,S.E.P. SAN ISIDRO (21500203),"Avda. de Portugal, 101",Rosal de la Frontera,Huelva,21250,959149532
245,21002771,C.E.I.P. NARANJO MORENO (21002771),"Avda. del Parque, s/n",San Bartolomé de la Torre,Huelva,21510,959489594
246,21700514,I.E.S. PUERTA DEL ANDÉVALO (21700514),"Avda. del Parque, s/n",San Bartolomé de la Torre,Huelva,21510,959489502
247,21500380,S.E.P. ANAMORETA (21500380),"C/ Manuel Vázquez, s/n",San Bartolomé de la Torre,Huelva,21510,959489578
248,21002781,C.E.I.P. ALCALDE J.J.REBOLLO (21002781),"C/ Miramar, s/n",San Juan del Puerto,Huelva,21610,959524936
249,21003104,C.E.I.P. MARISMAS DEL TINTO (21003104),"C/ Inmaculada Concepción, s/n",San Juan del Puerto,Huelva,21610,959524528
250,21002161,E.M.M. SI BEMOL (21002161),"C/ Colón, 44",San Juan del Puerto,Huelva,21610,959356225
251,21700371,I.E.S. DIEGO RODRÍGUEZ ESTRADA (21700371),Avda. Andalucía,San Juan del Puerto,Huelva,21610,959524545
252,21500525,S.E.P. MATEO MORALES (21500525),"Plaza Real, 14",San Juan del Puerto,Huelva,21610,959524298
253,21600945,C.P.R. ADERÁN 3 (21600945),"C/ Rafael Alberti, 4",San Silvestre de Guzmán,Huelva,21591,959349929
254,21500422,S.E.P. LA DEHESA (21500422),"C/ Medio, 9",San Silvestre de Guzmán,Huelva,21591,959349511
255,21600970,C.E.I.P. VALDELAMUSA-SAN TELMO (21600970),"C/ Grupo Nuevo, s/n",San Telmo,Huelva,21330,652305876
256,21002859,C.E.I.P. SAN SEBASTIÁN (21002859),"C/ San Sebastián, s/n",Santa Bárbara de Casa,Huelva,21570,697952763
257,21700319,I.E.S. PUERTA DE ANDALUCÍA (21700319),"Avda. de Extremadura, s/n",Santa Olalla del Cala,Huelva,21260,959199900
258,21500185,S.E.P. MATÍAS FLORES (21500185),"C/ Callejón Real, s/n",Santa Olalla del Cala,Huelva,21260,959190365
259,21000322,C.E.I.P. ARGANTONIO (21000322),"Bda. Escolar, s/n",Tharsis,Huelva,21530,959489916
260,21002884,C.E.I.P. FRAY CLAUDIO (21002884),"C/ Miguel de Cervantes, 28",Trigueros,Huelva,21620,959524940
261,21600660,C.E.I.P. TRIANA (21600660),"C/ Francisco de Quevedo, s/n",Trigueros,Huelva,21620,959524945
262,21700198,C.E.M. JOSÉ DEL TORO (21700198),"C/ Labradores, 40",Trigueros,Huelva,21620,959524114
263,21700401,I.E.S. DOLMEN DE SOTO (21700401),"C/ Sevilla, 4",Trigueros,Huelva,21620,959524982
264,21500513,S.E.P. EL BOLLO (21500513),"C/ Félix Rodríguez de la Fuente, 3",Trigueros,Huelva,21620,959524374
265,21003554,C.E.I.P. JOSÉ NOGALES (21003554),"C/ Doctor Marañón, 14",Valverde del Camino,Huelva,21600,959559933
266,21600738,C.E.I.P. LOS MOLINOS (21600738),"C/ Cabezo Molino, s/n",Valverde del Camino,Huelva,21600,959559903
267,21002914,C.E.I.P. MENÉNDEZ Y PELAYO (21002914),"Ctra. de Calañas, s/n",Valverde del Camino,Huelva,21600,959559900
268,21700137,C.E.M. ANTONIO GARRIDO GAMONOSO (21700137),"Avda. Alcalde Américo Santos, s/n",Valverde del Camino,Huelva,21600,959559502
269,21500318,C.E.PER. EL PILAR (21500318),"Bda. Del Reposo, s/n",Valverde del Camino,Huelva,21600,959559517
270,21007021,E.M.M. VALVERDE DEL CAMINO (21007021),"Avda. Alcalde Américo Santos, s/n",Valverde del Camino,Huelva,21600,650211426
271,21003165,I.E.S. DIEGO ANGULO (21003165),"Ctra. de Calañas, s/n",Valverde del Camino,Huelva,21600,959559559
272,21002951,I.E.S. DON BOSCO (21002951),"C/ Diputación, s/n",Valverde del Camino,Huelva,21600,959559520
273,21002987,C.E.I.P. SAN ROQUE (21002987),"C/ Hermanos Pinzón, 7",Villablanca,Huelva,21590,959349904
274,21500471,S.E.P. AZAMOR (21500471),"C/ Real, 30",Villablanca,Huelva,21590,959349558
275,21002999,C.E.I.P. FRANCISCO ALCALÁ (21002999),"C/ Pinadero, s/n",Villalba del Alcor,Huelva,21860,959439932
276,21700605,I.E.S. ALCOR (21700605),"C/ Rábida, 1",Villalba del Alcor,Huelva,21860,959439944
277,21500100,S.E.P. EL ALCOR (21500100),"C/ Las Monjas, s/n",Villalba del Alcor,Huelva,21860,959420377
278,21500392,S.E.P. CHARNECAL (21500392),"C/ Juan Ramón Jiménez, s/n",Villanueva de las Cruces,Huelva,21592,955578033
279,21003050,C.E.I.P. SAN MATÍAS (21003050),"Avda. Maestro José Moreno Andrade,",Villanueva de los Castillejos,Huelva,21540,959489926
280,21700617,I.E.S. TRES MOLINOS (21700617),"C/ Agua de Verano, 4",Villanueva de los Castillejos,Huelva,21540,959489522
281,21500409,S.E.P. ANDELOS(VILLANUEVA DE LOS CASTILLEJOS-EL ALMENDRO) (21500409),"C/ Arcos, 7",Villanueva de los Castillejos,Huelva,21540,959489542
282,21003062,C.E.I.P. AZORÍN (21003062),"Avda. Constitución, s/n",Villarrasa,Huelva,21850,959439670
283,21500045,S.E.P. JOSÉ MARÍA BOZA (21500045),"C/ Pinta, s/n",Villarrasa,Huelva,21850,959419479
284,21003086,C.E.I.P. SAN VICENTE MÁRTIR (21003086),"C/ El Seto, s/n",Zalamea la Real,Huelva,21640,959559909
285,21700629,I.E.S. NUEVO MILENIO (21700629),"C/ El Seto, s/n",Zalamea la Real,Huelva,21640,959559605
286,21500136,S.E.P. EL JARDÍN (21500136),"C/ Don Juan Díaz, s/n",Zalamea la Real,Huelva,21640,959559513
287,21003098,C.E.I.P. SUTEFÍE (21003098),"C/ Linares, s/n",Zufre,Huelva,21210,671596432
288,21500288,S.E.P. LAS PEÑUELAS (21500288),Plaza de la Constitución,Zufre,Huelva,21210,959198294
1,23000015,C.E.I.P. FERNANDO MOLINA (23000015),"C/ Juan XXIII, 8",Albanchez de Mágina,Jaén,23538,953366133
2,23500334,S.E.P. AZNAITÍN (23500334),"Avda. de Hutar, s/n",Albanchez de Mágina,Jaén,23538,null
3,23000118,C.E.I.P. ALONSO DE ALCALÁ (23000118),"Ctra. de Granada, s/n",Alcalá la Real,Jaén,23680,953599569
4,23000076,C.E.I.P. JOSÉ GARNICA SALAZAR (23000076),"Psje. del Coto,18-Apart.De correos,",Alcalá la Real,Jaén,23680,671535601
5,23700153,C.E.M. PEP VENTURA (23700153),"Ctra. de las Mercedes, s/n. Palacio",Alcalá la Real,Jaén,23680,953599636
6,23500504,C.E.PER. ARCIPRESTE DE HITA (23500504),"Avda. de Iberoamérica, 9",Alcalá la Real,Jaén,23680,953599512
7,23601230,C.P.R. EL OLIVO (23601230),"C/ San Roque, s/n",Alcalá la Real,Jaén,23686,953599593
8,23000088,E.I. MARTÍNEZ MONTAÑÉS (23000088),"C/ Fuente Nueva, 7",Alcalá la Real,Jaén,23680,953599532
9,23005219,E.O.I. ALCALÁ LA REAL (23005219),"Psje. del Coto, s/n. Apto. Correos",Alcalá la Real,Jaén,23680,953599621
10,23000106,I.E.S. ALFONSO XI (23000106),"C/ Maestro Pascual Baca, 2",Alcalá la Real,Jaén,23680,953599534
11,23700542,I.E.S. ANTONIO DE MENDOZA (23700542),"Psje. del Coto, 16",Alcalá la Real,Jaén,23680,953599504
12,23000283,C.E.I.P. VIRGEN DEL CARMEN (23000283),"Ctra. de Córdoba, 77",Alcaudete,Jaén,23660,953366878
13,23000295,C.E.PR. JUAN PEDRO (23000295),"C/ Almendro,26.",Alcaudete,Jaén,23660,953366719
14,23005530,C.E.PR. RAFAEL ALDEHUELA (23005530),"C/ Rafael Aldehuela, 14",Alcaudete,Jaén,23660,953366601
15,23005220,E.I. VIRGEN DE LA FUENSANTA (23005220),"Ctra. Córdoba, s/n. Huerto Saleyes",Alcaudete,Jaén,23660,953366232
16,23000246,I.E.S. SALVADOR SERRANO (23000246),"Parque Parque de la Fuensanta, 2",Alcaudete,Jaén,23660,953366963
17,23500516,S.E.P. JUAN DE ALCAUDETE (23500516),"C/ Encarnación, 6",Alcaudete,Jaén,23660,953366427
18,23003211,C.E.I.P. SAN GABRIEL (23003211),"C/ José María Pemán, s/n",Aldeahermosa,Jaén,23267,953409912
19,23000362,C.E.I.P. SAN MIGUEL (23000362),"C/ Mesón, 32",Aldeaquemada,Jaén,23215,953609750
20,23000453,C.E.I.P. CAPITÁN CORTÉS (23000453),"Plaza de España, 2",Andújar,Jaén,23740,953500398
21,23000490,C.E.I.P. CRISTO REY (23000490),"Otros Accesoria de Cristo Rey, s/n",Andújar,Jaén,23740,953539994
22,23005177,C.E.I.P. FÉLIX RODRÍGUEZ DE LA FUENTE (23005177),"Avda. 28 de Febrero, s/n",Andújar,Jaén,23740,953539707
23,23004941,C.E.I.P. FRANCISCO ESTEPA LLAURENS (23004941),"C/ Ortega y Gasset, 3",Andújar,Jaén,23740,953539532
24,23000477,C.E.I.P. ISIDORO VILAPLANA (23000477),"Ronda Mestanza, s/n",Andújar,Jaén,23740,953515135
25,23000489,C.E.I.P. JOSÉ RUIZ DE GORDOA (23000489),"C/ Hernán Cortés, s/n",Andújar,Jaén,23740,953539520
26,23000465,C.E.I.P. SAN BARTOLOMÉ (23000465),"C/ Isaac Peral, 2",Andújar,Jaén,23740,953539513
27,23000507,C.E.I.P. SAN EUFRASIO (23000507),"C/ Rvda. Madre Marta, 30",Andújar,Jaén,23740,953501887
28,23700098,C.E.M. JUAN DE CASTRO (23700098),"C/ Maestra, 20",Andújar,Jaén,23740,953539577
29,23500607,C.E.PER. PEDRO DE ESCAVIAS (23500607),"C/ Maestras, 18",Andújar,Jaén,23740,953539536
30,23002346,E.M.M. MAESTRO VERA MEFRE (23002346),"Avda. Hernán Cortés, s/n",Andújar,Jaén,23740,953505957
31,23009638,E.O.I. ANDÚJAR (23009638),"C/ Avenida 28 de Febrero, s/n",Andújar,Jaén,23740,648285059
32,23005694,I.E.S. JÁNDULA (23005694),"Ctra. de los Villares, s/n",Andújar,Jaén,23740,953539508
33,23000556,I.E.S. NUESTRA SEÑORA DE LA CABEZA (23000556),"C/ Argimiro Rodríguez Álvarez, s/n",Andújar,Jaén,23740,953539525
34,23000131,I.E.S. SIERRA MORENA (23000131),"C/ Blas Infante, s/n",Andújar,Jaén,23740,953539567
35,23001147,C.E.I.P. GREGORIO AGUILAR (23001147),"Avda. Andalucía, 17",Arbuniel,Jaén,23193,953366454
36,23000696,C.E.I.P. SAN BONOSO Y SAN MAXIMIANO (23000696),"C/ San Nicasio, s/n",Arjona,Jaén,23760,953539585
37,23000261,I.E.S. CIUDAD DE ARJONA (23000261),"C/ San Nicasio, s/n",Arjona,Jaén,23760,953539588
38,23500620,S.E.P. URGAVO (23500620),"C/ Eras, 1",Arjona,Jaén,23760,953539601
39,23000726,C.E.I.P. GARCÍA MORENTE (23000726),"C/ García Lorca, s/n",Arjonilla,Jaén,23750,953539540
40,23700591,I.E.S. JUAN DEL VILLAR (23700591),"Avda. de Madrid, 3",Arjonilla,Jaén,23750,953539550
41,23500656,S.E.P. TROVADOR MACÍAS (23500656),"Avda. Andalucía, 13",Arjonilla,Jaén,23750,953539603
42,23009501,C.P.R. PUERTA DEL CONDADO (23009501),"C/ Juan Ramón Jiménez, s/n",Arquillos,Jaén,23230,953609929
43,23006042,E.M.M. INMA CUESTA (23006042),"Ctra. de Linares, 4",Arquillos,Jaén,23230,null
44,23500115,S.E.P. HELINGA (23500115),"C/ Colonia Escolar, 10",Arquillos,Jaén,23230,953609514
45,23005128,C.E.I.P. FRANCISCO VÍLCHEZ (23005128),"Avda. Ajozar, s/n",Arroyo del Ojanco,Jaén,23340,953429914
46,23700608,I.E.S. FUENTEBUENA (23700608),"C/ Ajozar, s/n",Arroyo del Ojanco,Jaén,23340,953429610
47,23000805,C.E.I.P. ÁNGEL LÓPEZ SALAZAR (23000805),"C/ Federico García Lorca, 2",Baeza,Jaén,23440,953779900
48,23000799,C.E.I.P. ANTONIO MACHADO (23000799),"C/ San Miguel de los Santos, 1",Baeza,Jaén,23440,953779914
49,23000787,C.E.I.P. SAN JUAN DE LA CRUZ (23000787),"Avda. Alcalde Puche Pardo,2.",Baeza,Jaén,23440,953779515
50,23700360,C.E.M. BARTOLOMÉ RAMOS DE PAREJA (23700360),"C/ Acera de la Trinidad, 35",Baeza,Jaén,23440,953779601
51,23000842,E.A. GASPAR BECERRA (23000842),"C/ Julio Burell, 24",Baeza,Jaén,23440,953779593
52,23710018,E.M.D. BOLERO (23710018),"Paseo de la Redonda, s/n",Baeza,Jaén,23440,953744030
53,23002243,E.M.M. BIATIA (23002243),"Plaza Fernando III, s/n",Baeza,Jaén,23440,953740150
54,23000830,I.E.S. ANDRÉS DE VANDELVIRA (23000830),"C/ Garnica, 3",Baeza,Jaén,23440,953779908
55,23000817,I.E.S. SANTÍSIMA TRINIDAD (23000817),"C/ Juan de Ávila, 2",Baeza,Jaén,23440,953779522
56,23500176,S.E.P. LA LOMA (23500176),"Avda. Puche Pardo, s/n",Baeza,Jaén,23440,953779695
57,23000921,C.E.I.P. DIECINUEVE DE JULIO (23000921),"C/ 19 de Julio, 123",Bailén,Jaén,23710,953609546
58,23005748,C.E.I.P. NTRA. SRA. DE ZOCUECA (23005748),"C/ Pablo Picasso, 22",Bailén,Jaén,23710,953609919
59,23000911,C.E.I.P. PEDRO CORCHADO (23000911),"C/ Juan Ramón Jiménez, 2",Bailén,Jaén,23710,953609921
60,23700219,C.E.M. REINA SOFÍA (23700219),"C/ Héroes de Bailén, 18",Bailén,Jaén,23710,953609592
61,23500012,C.E.PER. LOS OLIVOS (23500012),"C/ Juan Ramón Jiménez, 23",Bailén,Jaén,23710,953609527
62,23000039,C.E.PR. GENERAL CASTAÑOS (23000039),"C/ Francisco Tomás y Valiente, s/n",Bailén,Jaén,23710,953609926
63,23000891,E.I. EL CASTILLO (23000891),"Plaza de la Constitución, s/n",Bailén,Jaén,23710,953609542
64,23710043,E.M.M. JOSÉ LUIS VILCHEZ (23710043),"C/ Héroes de Bailén, 18",Bailén,Jaén,23710,953693407
65,23000143,I.E.S. HERMANOS MEDINA RIVILLA (23000143),"C/ Historiador Rus de la Puerta, s/",Bailén,Jaén,23710,953609507
66,23700840,I.E.S. MARÍA BELLIDO (23700840),"C/ Juan Salcedo Guillén, s/n",Bailén,Jaén,23710,953609535
67,23000945,C.E.I.P. NUESTRO PADRE JESÚS DEL LLANO (23000945),"C/ Rumblar, s/n",Baños de la Encina,Jaén,23711,953609585
68,23700611,I.E.S. BURY AL-HAMMA (23700611),"Ctra. del Rumblar, s/n",Baños de la Encina,Jaén,23711,671535986
69,23500024,S.E.P. TAMUJOSO (23500024),"C/ Rumblar, 5",Baños de la Encina,Jaén,23711,953609529
70,23000982,C.E.PR. VÍCTOR GARCÍA HOZ (23000982),"C/ Santa Teresa, s/n",Beas de Segura,Jaén,23280,671566612
71,23000970,E.I. SAN FERNANDO (23000970),"C/ San Francisco, 20",Beas de Segura,Jaén,23280,953429545
72,23700581,I.E.S. SIERRA DE SEGURA (23700581),"Brr. San Isidro, s/n",Beas de Segura,Jaén,23280,953429640
73,23500760,S.E.P. LA VILLA (23500760),"C/ Villa, 1",Beas de Segura,Jaén,23280,953429517
74,23001056,C.E.I.P. VIRGEN DE CUADROS (23001056),"C/ Alejandro Lucini, 18",Bedmar,Jaén,23537,953366900
75,23700621,I.E.S. ACCABE (23700621),"C/ Alejandro Lucini, 18",Bedmar,Jaén,23537,953366857
76,23500346,S.E.P. PUERTA DE MÁGINA(BEDMAR Y GARCÍEZ-JIMENA) (23500346),"Avda. de Andalucía, 1",Bedmar,Jaén,23537,636266226
77,23001068,C.E.I.P. RAMÓN MENDOZA (23001068),"Avda. Francisco Ortiz, 1",Begíjar,Jaén,23520,953779852
78,23700633,I.E.S. VERA CRUZ (23700633),"Avda. Andalucia, 4",Begíjar,Jaén,23520,953779511
79,23500188,S.E.P. VIRGEN DE LA CABEZA (23500188),"C/ Mesones, s/n",Begíjar,Jaén,23520,953779697
80,23001071,C.E.I.P. TORRE DEL LUCERO (23001071),"C/ Alonso Vega, s/n.",Bélmez de la Moraleda,Jaén,23568,953366789
81,23500322,S.E.P. VIRGEN DE LA PAZ (23500322),"C/ del Concejo, 8",Bélmez de la Moraleda,Jaén,23568,671596082
82,23500267,S.E.P. FELIPE ARCHE (23500267),"C/ Pío XII, s/n",Benatae,Jaén,23390,667809883
83,23001123,C.E.I.P. ARTURO DEL MORAL (23001123),"C/ Juan XXIII, 12",Cabra del Santo Cristo,Jaén,23550,953366791
84,23500310,S.E.P. SANTO CRISTO (23500310),"Plaza de la Constitución, s/n",Cabra del Santo Cristo,Jaén,23550,365508
85,23001159,C.E.I.P. CASTILLO DE ALHABAR (23001159),"Avda. San José de Calasanz, s/n",Cambil,Jaén,23120,953366468
86,23001160,C.E.I.P. VIRGEN DE LA CABEZA (23001160),"C/ Leonardo Martínez Valenzuela, 54",Campillo de Arenas,Jaén,23130,953366957
87,23700256,I.E.S. PUERTA DE ARENAS (23700256),"Avda. de Jaén, s/n",Campillo de Arenas,Jaén,23130,953366208
88,23500450,S.E.P. DOLORES GONZÁLEZ OSORIO(CAMPILLO DE ARENAS-LOS CARCHALES) (23500450),"C/ Leonardo Martínez Valenzuela,54",Campillo de Arenas,Jaén,23130,953366423
89,23003909,C.E.I.P. FEDERICO GARCÍA LORCA (23003909),"Ronda de las Moreras, s/n",Campillo del Río,Jaén,23519,953609953
90,23001172,C.E.I.P. NTRA. SRA. DE LOS REMEDIOS (23001172),"C/ Estación, 5",Canena,Jaén,23420,953779920
91,23002644,E.M.M. MAESTRO JOAQUÍN MOYA (23002644),"C/ Pablo Ruiz Picasso, 7",Canena,Jaén,23420,953770161
92,23500140,S.E.P. KINANA (23500140),"C/ Purificación Tirado, 9",Canena,Jaén,23420,953779647
93,23601163,C.E.I.P. LOS ÁLAMOS (23601163),"C/ Carolina, 19",Carboneros,Jaén,23211,953609605
94,23001214,C.E.I.P. MAESTRO CARLOS SOLER (23001214),"C/ Belenes, s/n",Carchelejo,Jaén,23192,953366959
95,23001329,C.E.I.P. ROMÁN CRESPO HOYO (23001329),"C/ Eloy Gonzalo, s/n",Castellar,Jaén,23260,953409904
96,23700645,I.E.S. COLEGIATA DE SANTIAGO (23700645),"Ctra. de Sabiote, s/n",Castellar,Jaén,23260,953409530
97,23500139,S.E.P. VICENTE SOTO (23500139),"C/ Calvario, s/n",Castellar,Jaén,23260,603664480
98,23001330,C.E.I.P. MIGUEL HERNÁNDEZ (23001330),"C/ El Pedregal, s/n",Castillo de Locubín,Jaén,23670,953599554
99,23700657,I.E.S. PABLO RUEDA (23700657),"C/ El Pedregal, s/n",Castillo de Locubín,Jaén,23670,953599922
100,23500528,S.E.P. EL CEREZO (23500528),"C/ Albergues, 8",Castillo de Locubín,Jaén,23670,953599563
101,23001366,C.E.I.P. MARTÍN PEINADO (23001366),"C/ Eras Altas, 8",Cazalilla,Jaén,23628,953366524
102,23500784,S.E.P. JUAN RAMÓN JIMÉNEZ (23500784),"C/ Donantes de Sangre, 17",Cazalilla,Jaén,23628,953537701
103,23001408,C.E.I.P. SAN ISICIO (23001408),"C/ Escuelas, 7",Cazorla,Jaén,23470,953711906
104,23001378,C.E.I.P. VIRGEN DE LA CABEZA (23001378),"C/ Profesor Laínez Alcalá, s/n",Cazorla,Jaén,23470,953711903
105,23700190,C.E.M. MAESTRO PATERNA (23700190),"C/ del Carmen, 15",Cazorla,Jaén,23470,953711595
106,23500668,C.E.PER. ADELANTADO DE CAZORLA (23500668),"C/ Gabriel García Ortega, 10",Cazorla,Jaén,23470,953710265
107,23001111,I.E.S. CASTILLO DE LA YEDRA (23001111),"C/ Cruz de Orea, 57",Cazorla,Jaén,23470,953711520
108,23001433,C.E.I.P. SANTA MARÍA DE NAZARET (23001433),Ctra. de Acceso s/n,Chiclana de Segura,Jaén,23264,953409905
109,23001469,C.E.I.P. NTRA. SRA. DE LA PAZ (23001469),"C/ Alcoray, s/n",Chilluévar,Jaén,23477,953711908
110,23500681,S.E.P. ALCORAY (23500681),"Avda. de Andalucía, s/n",Chilluévar,Jaén,23477,953711506
111,23601254,C.E.I.P. LOS VALLES (23601254),"C/ Carretera, 3",Collejares,Jaén,23480,953711719
112,23601291,C.E.I.P. SIERRA DE SEGURA (23601291),"C/ Ramón y Cajal, 1",Cortijos Nuevos,Jaén,23293,953499513
113,23700268,I.E.S. EL YELMO (23700268),"C/ Pío XII, 2",Cortijos Nuevos,Jaén,23293,953499508
114,23601138,C.P.R. ALTO GUADALQUIVIR (23601138),"Avda. del Segura, s/n",Coto Ríos,Jaén,23478,953711579
115,23004094,C.E.I.P. DONADIO (23004094),"C/ España, 5",Donadio,Jaén,23509,671595688
116,23001470,C.E.I.P. JOSÉ YANGUAS MESSÍA (23001470),"C/ Nueva, 40",Escañuela,Jaén,23657,953366470
117,23500644,S.E.P. EL PILAR (23500644),"Plaza 1 de Mayo, s/n",Escañuela,Jaén,23657,953366445
118,23002577,C.E.I.P. ALFONSO GARCÍA CHAMORRO (23002577),"Avda. de Linares, s/n",Estación Linares-Baeza,Jaén,23490,953609714
119,23001536,C.E.I.P. SANTA LUCÍA (23001536),"C/ Santa Lucía,14",Frailes,Jaén,23690,953599908
120,23001548,C.E.I.P. VIRGEN DE LA FUENSANTA (23001548),"C/ Encarnación López, s/n",Fuensanta de Martos,Jaén,23610,953366880
121,23700669,I.E.S. FUENTE DE LA NEGRA (23700669),"C/ Funtayala, s/n",Fuensanta de Martos,Jaén,23610,953366525
122,23001573,C.E.I.P. NTRA. SRA. DEL ROSARIO (23001573),"Avda. de Jaén, 12",Fuerte del Rey,Jaén,23180,953366614
123,23500541,S.E.P. FRANCISCO DE PAULA GARRIDO (23500541),"Avda. de Jaén, nº12",Fuerte del Rey,Jaén,23180,953366443
124,23001585,C.E.I.P. SAN MARCOS (23001585),"Plaza del Rey Juan Carlos, 8",Garcíez,Jaén,23539,953366961
125,23001627,C.E.I.P. CARLOS III (23001627),"C/ Luciano Alcaide, s/n",Guarromán,Jaén,23210,953609560
126,23700670,I.E.S. RÍO DE LOS GRANADOS (23700670),"Cmo. de la Sierra, s/n",Guarromán,Jaén,23210,671536333
127,23500073,S.E.P. NICOLÁS KERCHE (23500073),"C/ Luciano Alcaide, s/n",Guarromán,Jaén,23210,285670
128,23001652,C.E.I.P. SAN SEBASTIÁN (23001652),"C/ Moreno Torres, s/n",Higuera de Calatrava,Jaén,23611,953539914
129,23500589,S.E.P. NUESTRA SEÑORA DE LA INMACULADA (23500589),"C/ General Sanjurjo, s/n",Higuera de Calatrava,Jaén,23611,953539538
130,23601333,C.E.I.P. NTRA. SRA. DE LA ASUNCIÓN (23601333),"C/ Eras, s/n",Hornos,Jaén,23292,767861
131,23001743,C.E.I.P. VIRGEN DE LA FUENSANTA (23001743),"C/ García Lorca, s/n",Huelma,Jaén,23560,953366727
132,23700207,C.E.M. SEBASTIÁN VALERO (23700207),"C/ Doctor Quesada, s/n",Huelma,Jaén,23560,953366134
133,23004926,I.E.S. SIERRA MÁGINA (23004926),"C/ Albert Einstein, 52",Huelma,Jaén,23560,953366611
134,23500309,S.E.P. GUADALIJAR(HUELMA-CAMBIL) (23500309),"C/ Almodóvar, 1",Huelma,Jaén,23560,953366362
135,23001767,C.E.I.P. ALFÉREZ SEGURA (23001767),"C/ San Silvestre, s/n",Huesa,Jaén,23487,953711639
136,23700682,I.E.S. PICOS DEL GUADIANA (23700682),"C/ Pablo Picasso, 7",Huesa,Jaén,23487,953711537
137,23500735,S.E.P. GUADIANA MENOR (23500735),"C/ Virgen de la Cabeza, 7",Huesa,Jaén,23487,953711516
138,23001779,C.E.I.P. NTRA. SRA. DE LOS REMEDIOS (23001779),"C/ Nueva, 23. Ejido Alto",Ibros,Jaén,23450,953609950
139,23700694,I.E.S. PEDRO PABLO LÓPEZ DE LOS ARCOS (23700694),"Avda. de la Loma, 6",Ibros,Jaén,23450,953609910
140,23500164,S.E.P. LOS OLIVOS (23500164),"Avda. de Andalucía, s/n",Ibros,Jaén,23450,953609512
141,23001809,C.E.I.P. STO. CRISTO DE VERA CRUZ (23001809),"C/ Maestra Francisca Ruiz Roa, 1",Iznatoraf,Jaén,23338,953429601
142,23001810,C.E.I.P. NTRO. PADRE JESÚS (23001810),"Avda. de la Paz, s/n",Jabalquinto,Jaén,23712,953609718
143,23700700,I.E.S. MATEO FRANCISCO DE RIVAS (23700700),"Plaza C/ Ciudad de Jaén,11",Jabalquinto,Jaén,23712,953609524
144,23500097,S.E.P. TORRE ESTIVIEL(JABALQUINTO-TORREBLASCOPEDRO) (23500097),"Plaza de la Libertad, s/n",Jabalquinto,Jaén,23712,null
145,23002188,C.E.I.P. AGUSTÍN SERRANO DE HARO (23002188),"Avda. de Arjona, 1",Jaén,Jaén,23006,953366437
146,23002085,C.E.I.P. ALCALÁ VENCESLADA (23002085),"C/ Eras de Belén, 7",Jaén,Jaén,23003,953366887
147,23002176,C.E.I.P. ALFREDO CAZABÁN (23002176),"Ctra. de la Guardia, s/n",Jaén,Jaén,23001,953366975
148,23009432,C.E.I.P. ANTONIO PRIETO (23009432),"C/ Coruña, 5",Jaén,Jaén,23006,697950259
149,23002486,C.E.I.P. CÁNDIDO NOGALES (23002486),"C/ Ana María Noguera, s/n",Jaén,Jaén,23009,953366998
150,23004185,C.E.I.P. GLORIA FUERTES (23004185),"C/ Dr. Eduardo Balguerías, s/n",Jaén,Jaén,23009,953366450
151,23002206,C.E.I.P. JESÚS-MARÍA (23002206),"Alameda de Adolfo Suárez, 10",Jaén,Jaén,23003,953366438
152,23004793,C.E.I.P. MARÍA ZAMBRANO (23004793),"C/ Sauce, s/n",Jaén,Jaén,23006,953366584
153,23002191,C.E.I.P. MARTÍN NOGUERA (23002191),"Cmo. Fuente de la Peña, 67",Jaén,Jaén,23002,953366981
154,23002498,C.E.I.P. NAVAS DE TOLOSA (23002498),"C/ Europa, s/n.",Jaén,Jaén,23006,953366526
155,23002267,C.E.I.P. NTRA. SRA. DE LA CAPILLA (23002267),"Paseo de la Estación, 38",Jaén,Jaén,23008,953366994
156,23002164,C.E.I.P. RUIZ JIMÉNEZ (23002164),"C/ Molino Condesa, s/n",Jaén,Jaén,23003,953366237
157,23002048,C.E.I.P. SAN JOSÉ DE CALASANZ (23002048),"Ronda del Valle, 5",Jaén,Jaén,23009,953366886
158,23002127,C.E.I.P. SANTA CAPILLA DE SAN ANDRÉS (23002127),"C/ San Andrés, 10",Jaén,Jaén,23003,953366225
159,23002097,C.E.I.P. SANTO DOMINGO (23002097),"C/ Marqués Ensenada, s/n",Jaén,Jaén,23009,953366890
160,23002140,C.E.I.P. SANTO TOMÁS (23002140),"C/ Conde, 19",Jaén,Jaén,23002,953366895
161,23500425,C.E.PER. ALMADÉN (23500425),"C/ Martínez Molina, 50",Jaén,Jaén,23004,953366129
162,23500361,C.E.PER. ANTONIO MACHADO (23500361),"C/ José María Padilla, 2",Jaén,Jaén,23006,953366150
163,23003661,C.E.PER. ANTONIO MUÑOZ MOLINA (23003661),Ctra. Bailén-Motril km. 28,Jaén,Jaén,23080,null
164,23500395,C.E.PER. LA PASTIRA (23500395),"Plaza Virgen de la Esperanza, s/n",Jaén,Jaén,23009,953366151
165,23002255,C.E.PR. ALMADÉN (23002255),"C/ Virgen de la Cabeza, 1",Jaén,Jaén,23008,953366991
166,23700104,C.P.M. RAMÓN GARAY (23700104),"C/ Compañia, 1",Jaén,Jaén,23002,953366115
167,23008919,C.S.M. ANDRÉS DE VANDELVIRA (23008919),"C/ Compañía, nº 1",Jaén,Jaén,23002,953365610
168,23002462,E.A.S.D. JOSÉ NOGUÉ (23002462),"C/ Martínez Molina, 11",Jaén,Jaén,23004,953366111
169,23601141,E.I. ALFONSO SANCHO (23601141),"Avda. Muñoz Grandes, s/n",Jaén,Jaén,23007,953366286
170,23700141,E.O.I. XAUEN (23700141),"C/ Coruña, 1",Jaén,Jaén,23006,953366120
171,23005062,I.E.S. AURINGIS (23005062),"C/ Cerro de los Lirios, 1",Jaén,Jaén,23005,953366161
172,23700827,I.E.S. AZ-ZAIT (23700827),"Avda. Arjona, 3",Jaén,Jaén,23006,953366516
173,23700271,I.E.S. EL VALLE (23700271),"Ctra. de Madrid, 2",Jaén,Jaén,23009,953366732
174,23005906,I.E.S. FUENTE DE LA PEÑA (23005906),"Cmo. Fuente de la Peña, s/n",Jaén,Jaén,23002,953366760
175,23002474,I.E.S. JABALCUZ (23002474),"C/ Santa María del Valle, s/n",Jaén,Jaén,23009,953366457
176,23002449,I.E.S. LAS FUENTEZUELAS (23002449),"Avda. de Arjona, 5",Jaén,Jaén,23006,953366905
177,23005529,I.E.S. SAN JUAN BOSCO (23005529),"C/ Millán de Priego, 6",Jaén,Jaén,23007,953366753
178,23002413,I.E.S. SANTA CATALINA DE ALEJANDRÍA (23002413),"Avda. Ruiz Jiménez, 16",Jaén,Jaén,23008,953366619
179,23700839,I.E.S. SANTA TERESA (23700839),"C/ Doctor Bueno Fajardo, s/n",Jaén,Jaén,23009,953365593
180,23002401,I.E.S. VIRGEN DEL CARMEN (23002401),"Paseo de la Estación, 44",Jaén,Jaén,23008,953366942
181,23600021,I.P.E.P. JAÉN (23600021),"Ctra. de Madrid, 2",Jaén,Jaén,23009,953366146
182,23002504,C.E.I.P. PADRE REJAS (23002504),"C/ Lepanto, s/n",Jamilena,Jaén,23658,953366234
183,23700724,I.E.S. SIERRA DE LA GRANA (23700724),"C/ Molino Cañada, s/n",Jamilena,Jaén,23658,953366205
184,23500553,S.E.P. LOS PICONES (23500553),"C/ General Moscardo, s/n",Jamilena,Jaén,23658,953366431
185,23002516,C.E.I.P. NTRA. SRA. DE LOS REMEDIOS (23002516),"C/ San Sebastián, s/n",Jimena,Jaén,23530,953366800
186,23005451,C.E.I.P. DOCTOR FLÉMING (23005451),"C/ San Sebastián, s/n",Jódar,Jaén,23500,953779590
187,23002531,C.E.I.P. GENERAL FRESNEDA (23002531),"C/ Santo Cristo, 1",Jódar,Jaén,23500,953779925
188,23005773,C.E.PR. MAESTROS ARROQUIA-MARTÍNEZ (23005773),"C/ Sanabria, 1",Jódar,Jaén,23500,953779938
189,23002528,C.E.PR. VIRGEN DE FÁTIMA (23002528),"C/ Prior Requena, s/n.",Jódar,Jaén,23500,953779922
190,23601072,E.I. ANTONIO MACHADO (23601072),"C/ Prior Requena, s/n",Jódar,Jaén,23500,953779704
191,23600973,E.I. FRANCISCO SORIANO SERRANO (23600973),"C/ Santo Cristo, 3",Jódar,Jaén,23500,953779702
192,23710021,E.M.M. JESUS BARROSO NAVARRO (23710021),"C/ Juan de Mata Carriazo, s/n",Jódar,Jaén,23500,635601379
193,23004240,I.E.S. JUAN LÓPEZ MORILLAS (23004240),"C/ Andalucía, 9",Jódar,Jaén,23500,953779710
194,23500358,S.E.P. PUERTA DE MÁGINA (23500358),"Plaza de Fátima, s/n",Jódar,Jaén,23500,636692743
195,23000337,C.E.I.P. PABLO PICASSO (23000337),"C/ Pablo Picasso, s/n.",La Bobadilla,Jaén,23669,953366970
196,23001238,C.E.I.P. CARLOS III (23001238),"C/ Mendizábal, 26",La Carolina,Jaén,23200,953609599
197,23001263,C.E.I.P. MANUEL ANDÚJAR (23001263),"C/ Linares, s/n. Bda. del Egido",La Carolina,Jaén,23200,953609938
198,23001275,C.E.I.P. PALACIOS RUBIO (23001275),"C/ León Merino, 39",La Carolina,Jaén,23200,953609550
199,23700165,C.E.M. ENRIQUE GRANADOS (23700165),"C/ Cervantes, 14",La Carolina,Jaén,23200,953609607
200,23700232,E.O.I. SIERRA MORENA (23700232),"Plaza Sor Primitiva, s/n",La Carolina,Jaén,23200,953609594
201,23700554,I.E.S. JUAN PÉREZ CREUS (23700554),"C/ Alfredo Calderón, s/n",La Carolina,Jaén,23200,953609867
202,23001287,I.E.S. MARTÍN HALAJA (23001287),"Avda. de Madrid, s/n",La Carolina,Jaén,23200,953609944
203,23005049,I.E.S. PABLO DE OLAVIDE (23005049),"C/ Buenavista, 66",La Carolina,Jaén,23200,953609618
204,23500036,S.E.P. LA ILUSTRACIÓN (23500036),"Plaza de Sor Primitiva, s/n",La Carolina,Jaén,23200,953607532
205,23001603,C.E.I.P. REAL MENTESA (23001603),"C/ San Marcos, s/n",La Guardia de Jaén,Jaén,23170,953366795
206,23601114,C.P.R. JOSÉ GARCÍA LÁINEZ (23601114),"C/ Miradores del Guadalquivir, s/n",La Iruela,Jaén,23476,953721236
207,23500671,S.E.P. ARZOBISPO GÓMEZ MANRIQUE (23500671),"C/ San Antón, 1",La Iruela,Jaén,23476,953711504
208,23003405,C.E.I.P. SAN BLAS (23003405),"C/ Maestra Emilia García Bellón, 5",La Puerta de Segura,Jaén,23360,953499511
209,23009092,E.M.M. LA PUERTA DE SEGURA (23009092),"C/ Maestra Emilia García Bellón, nº",La Puerta de Segura,Jaén,null,null
210,23000210,I.E.S. PUERTA DE LA SIERRA (23000210),C/ Maestra Encarnación Cañada Fune,La Puerta de Segura,Jaén,23360,953487191
211,23500279,S.E.P. SAN BLAS-GUADALIMAR(LA PUERTA DE SEGURA-PUENTE GÉNAVE) (23500279),"C/ Maestra Emilia García Bellón, 5",La Puerta de Segura,Jaén,23360,486687
212,23001640,C.E.I.P. SANTA CLARA (23001640),"Avda. Andalucía, 5",Lahiguera,Jaén,23746,953539623
213,23500632,S.E.P. SAN SEBASTIÁN (23500632),"C/ Jacinto Benavente, s/n",Lahiguera,Jaén,23746,953539622
214,23002553,C.E.I.P. NTRA. SRA. DE LOS DOLORES (23002553),"C/ Gaspar Saro, s/n",Larva,Jaén,23591,953782001
215,23003041,C.E.I.P. ANTONIO PÉREZ CEREZO (23003041),"Avda. de la Cultura, s/n",Las Casillas,Jaén,23614,953366125
216,23001500,C.E.I.P. SAN JOSÉ (23001500),"C/ San Miguel, s/n",Las Estaciones de Espelúy,Jaén,23628,953366794
217,23001822,C.E.I.P. LAS INFANTAS (23001822),"C/ Infanta Beatriz,2.",Las Infantas,Jaén,23639,953366883
218,23002701,C.E.I.P. ANDALUCÍA (23002701),"C/ Andújar, s/n",Linares,Jaén,23700,953609564
219,23002796,C.E.I.P. COLÓN (23002796),"C/ Alfonso el Sabio, 17",Linares,Jaén,23700,953609583
220,23002693,C.E.I.P. EUROPA (23002693),"C/ Conde Romanones, 21.",Linares,Jaén,23700,697951477
221,23002760,C.E.I.P. JAÉN (23002760),"Ctra. de Jaén, 28",Linares,Jaén,23700,953609573
222,23601205,C.E.I.P. MARQUESES DE LINARES (23601205),"Paseo Marqueses de Linares, s/n",Linares,Jaén,23700,953609662
223,23002735,C.E.I.P. PADRE POVEDA (23002735),Avda. Andrés Segovia s/n.,Linares,Jaén,23700,953609800
224,23002711,C.E.I.P. SANTA ANA (23002711),"Ctra. Vadollano, s/n",Linares,Jaén,23700,953609566
225,23002772,C.E.I.P. SANTA TERESA DOCTORA (23002772),"C/ Turina, s/n",Linares,Jaén,23700,953609805
226,23002784,C.E.I.P. TETUÁN (23002784),"C/ Tetuan, 39",Linares,Jaén,23700,953609562
227,23002759,C.E.I.P. VIRGEN DE LINAREJOS (23002759),"C/ Rector Muñoz Fernández , s/n",Linares,Jaén,23700,953609802
228,23500085,C.E.PER. PAULO FREIRE (23500085),"C/ Pintor el Greco, s/n",Linares,Jaén,23700,953609668
229,23601187,C.E.PR. FRANCISCO BAÑOS (23601187),C/ Fernando de Herrera 1,Linares,Jaén,23700,953609846
230,23005189,C.E.PR. LOS ARRAYANES (23005189),"C/ Tirso de Molina, s/n",Linares,Jaén,23700,953609835
231,23700128,C.P.M. ANDRÉS SEGOVIA (23700128),"C/ Huerta de las Eras, 16",Linares,Jaén,23700,953609588
232,23601175,E.I. NIÑA MARÍA (23601175),"C/ Gonzalo de Berceo, s/n",Linares,Jaén,23700,953609600
233,23700372,E.O.I. CARLOTA REMFRY (23700372),"Avda. San Cristóbal, s/n",Linares,Jaén,23700,953609596
234,23005141,I.E.S. CÁSTULO (23005141),"C/ San Cristóbal, s/n",Linares,Jaén,23700,953609828
235,23005979,I.E.S. HIMILCE (23005979),"Ctra. de Arrayanes, s/n",Linares,Jaén,23700,953609839
236,23002841,I.E.S. HUARTE DE SAN JUAN (23002841),"C/ Rector Muñoz Fernández, s/n",Linares,Jaén,23700,953609891
237,23700281,I.E.S. ORETANIA (23700281),"C/ Fernando de Herrera, 8",Linares,Jaén,23700,953609851
238,23002851,I.E.S. REYES DE ESPAÑA (23002851),"Avda. San Cristóbal, s/n",Linares,Jaén,23700,953609862
239,23700888,I.E.S. SANTA ENGRACIA (23700888),"C/ Santa Engracia, 17",Linares,Jaén,23700,953609574
240,23700396,S.I.P.E.P. FANNY RUBIO (23700396),"C/ Tesoro,1",Linares,Jaén,23700,953609627
241,23601151,C.P.R. GUADALQUIVIR (23601151),"Tvsía. de los Jazmines, s/n",Llanos del Sotillo,Jaén,23747,953515252
242,23002905,C.E.I.P. MIGUEL DE CERVANTES (23002905),"C/ Eleuterio Risoto, 2",Lopera,Jaén,23780,953539917
243,23700748,I.E.S. GAMONARES (23700748),"C/ Martín de Valcárcel, s/n",Lopera,Jaén,23780,953539631
244,23500577,S.E.P. LUPARIA (23500577),"C/ Eleuterio Risoto, nº3",Lopera,Jaén,23780,953539607
245,23004641,C.E.I.P. NTRA. SRA. DEL ROSARIO (23004641),"C/ Peraleda, s/n",Los Villares,Jaén,23160,953366608
246,23500437,C.E.PER. GENERACIÓN DEL 27 (23500437),"C/ Huerta de la Virgen, 2",Los Villares,Jaén,23160,671566891
247,23700220,I.E.S. LA PANDERA (23700220),"Avda. Juana I, 29",Los Villares,Jaén,23160,953366668
248,23009511,C.P.R. (23009511),"C/ Escuelas, 3",Lupión,Jaén,23528,671536200
249,23601311,C.E.I.P. SAN JOSÉ DE CALASANZ (23601311),"C/ Maestra, s/n",Mancha Real,Jaén,23100,953366848
250,23601321,C.E.I.P. SAN MARCOS (23601321),"C/ La Cruz, s/n. Edificio las Pilas",Mancha Real,Jaén,23100,953366630
251,23002942,C.E.I.P. SIXTO SÍGLER (23002942),"C/ San Marcos, 3",Mancha Real,Jaén,23100,953366802
252,23001895,E.M.M. MANUEL ROSA JIMÉNEZ (23001895),"C/ Carnicería, 72",Mancha Real,Jaén,23100,953355440
253,23005074,I.E.S. PEÑA DEL ÁGUILA (23005074),"Ctra. de Pegalajar, s/n",Mancha Real,Jaén,23100,953366774
254,23005153,I.E.S. SIERRA MÁGINA (23005153),"C/ Tetuán, s/n",Mancha Real,Jaén,23100,953366558
255,23500474,S.E.P. LOS JARDINILLOS (23500474),"C/ La Zambra, 4, 2ª planta",Mancha Real,Jaén,23100,655645053
256,23002991,C.E.PR. SAN JULIÁN (23002991),"C/ San Cristóbal, 1",Marmolejo,Jaén,23770,953539514
257,23005013,E.I. NTRA. SRA. DE LA PAZ (23005013),"Paseo de la Libertad, s/n",Marmolejo,Jaén,23770,953539503
258,23700293,I.E.S. VIRGEN DE LA CABEZA (23700293),"C/ Calvario,146",Marmolejo,Jaén,23770,953539933
259,23500619,S.E.P. ENTREOLIVOS (23500619),"C/ Nuestra Señora de Belén, 3",Marmolejo,Jaén,23770,953539609
260,23003090,C.E.I.P. SAN AMADOR (23003090),"C/ Torredonjimeno, 83",Martos,Jaén,23600,953366804
261,23005463,C.E.I.P. TUCCI (23005463),"Avda. San Amador, 111",Martos,Jaén,23600,953366820
262,23000040,C.E.PR. HERMANOS CARVAJALES (23000040),Avda. de Alhambra s/n,Martos,Jaén,23600,953366952
263,23003107,C.E.PR. VIRGEN DE LA VILLA (23003107),"Avda. de los Olivares, s/n",Martos,Jaén,23600,953366500
264,23000611,E.I. SAN FERNANDO (23000611),"Avda. Moris Marrodan, 1",Martos,Jaén,23600,953366241
265,23003119,I.E.S. FERNANDO III (23003119),"Parque Manuel Carrasco, s/n",Martos,Jaén,23600,953550025
266,23003132,I.E.S. SAN FELIPE NERI (23003132),"C/ Río Jandula, 1",Martos,Jaén,23600,953366810
267,23500449,S.E.P. GARCÍA LORCA(MARTOS-FUENSANTA DE MARTOS) (23500449),"C/ Dolores Torres, nº 41",Martos,Jaén,23600,953366281
268,23003181,C.E.I.P. JOSÉ PLATA (23003181),"C/ Federico García Lorca, s/n",Mengíbar,Jaén,23620,953366344
269,23005207,C.E.I.P. MANUEL DE LA CHICA (23005207),"C/ Almería, 3",Mengíbar,Jaén,23620,953366935
270,23005131,C.E.I.P. SANTA MARÍA MAGDALENA (23005131),"Avda. Andalucía, s/n",Mengíbar,Jaén,23620,953366648
271,23700301,I.E.S. MARÍA CABEZA ARELLANO MARTÍNEZ (23700301),"Avda. Andalucía, 5",Mengíbar,Jaén,23620,953366505
272,23500796,S.E.P. JOSEFA TRUJILLO (23500796),"C/ Veracruz, 8",Mengíbar,Jaén,23620,953366433
273,23005967,C.E.I.P. MIRAELRÍO (23005967),C/ Poblado Miraelrío,Miraelrío,Jaén,23499,600160737
274,23009869,C.P.R. NUEVO (23009869),"C/ Padre Luis Jiménez, 49",Mogón,Jaén,23310,null
275,23003168,C.E.I.P. FERNANDO IV (23003168),C/ Nueva s/n,Monte Lope-Álvarez,Jaén,23615,953366220
276,23003247,C.E.PR. VIRGEN DE LA ESTRELLA (23003247),"Ctra. Villacarrillo, s/n",Navas de San Juan,Jaén,23240,953609667
277,23000957,E.I. ALCALDE PARRILLA DE LARA (23000957),"C/ Florencio Ruiz, s/n",Navas de San Juan,Jaén,23240,953609759
278,23002620,E.M.M. EUTERPE (23002620),"C/ Pablo iglesias, 21",Navas de San Juan,Jaén,23240,953687663
279,23700578,I.E.S. SAN JUAN BAUTISTA (23700578),"Avda. del Olivo, 6",Navas de San Juan,Jaén,23240,953609655
280,23500127,S.E.P. VIRGEN DE LA ESTRELLA (23500127),"C/ Benavente, s/n",Navas de San Juan,Jaén,23240,953609518
281,23001299,C.E.I.P. NAVAS DE TOLOSA (23001299),"C/ Álamos, s/n",Navas de Tolosa,Jaén,23212,953609949
282,23003260,C.E.I.P. NTRA. SRA. DE BELÉN (23003260),"C/ Real, s/n",Noalejo,Jaén,23140,953366829
283,23500498,S.E.P. NUESTRA SEÑORA DE BELÉN (23500498),"C/ Juán de Dios Sánchez Valverde, s",Noalejo,Jaén,23140,953365511
284,23000349,C.E.I.P. SAN MIGUEL (23000349),"Avda. Delicias, s/n",Noguerones,Jaén,23669,953366123
285,23601281,C.P.R. SANTA MARÍA DE LA PEÑA (23601281),"C/ Joaquín Paya, 5",Orcera,Jaén,23370,953499919
286,23009481,E.M.M. ORCERA (23009481),"C/ Joaquín Paya, 7",Orcera,Jaén,23370,null
287,23700751,I.E.S. GANDHI (23700751),"C/ Joaquín Paya, 5",Orcera,Jaén,23370,953499921
288,23500292,S.E.P. PEÑALTA (23500292),"C/ Joaquín Paya, s/n",Orcera,Jaén,23370,953499550
289,23005931,C.E.I.P. ANTONIO MACHADO (23005931),"Avda. Antonio Machado, 162",Peal de Becerro,Jaén,23460,953711544
290,23003284,C.E.I.P. NTRA. SRA. DE LA ENCARNACIÓN (23003284),"C/ Escuelas, s/n",Peal de Becerro,Jaén,23460,953711524
291,23700487,I.E.S. ALMICERÁN (23700487),"C/ Camilo José Cela, s/n",Peal de Becerro,Jaén,23460,953711943
292,23500701,S.E.P. FEDERICO GARCÍA LORCA (23500701),"C/ Prolongación de la Nava, s/n",Peal de Becerro,Jaén,23460,953711510
293,23003302,C.E.I.P. NTRA. SRA. DE LAS NIEVES (23003302),"Plaza Autor Francisco Almagro, 8",Pegalajar,Jaén,23110,953366844
294,23700761,I.E.S. ALHAJAR (23700761),"Plaza Autor Francisco Almagro, 8",Pegalajar,Jaén,23110,953366865
295,23500462,S.E.P. FRANCISCO ALMAGRO(PEGALAJAR-LA GUARDIA) (23500462),"C/ Eras, s/n",Pegalajar,Jaén,23110,953366283
296,23500759,S.E.P. EL ALMORCHÓN (23500759),"C/ Saliente, s/n",Pontones,Jaén,23290,669996812
297,23005475,C.E.I.P. JUAN CARLOS I (23005475),"C/ García Morato, 13",Porcuna,Jaén,23790,953539900
298,23700852,I.E.S. NTRA. SRA. DE ALHARILLA (23700852),"C/ García Morato, s/n",Porcuna,Jaén,23790,671536014
299,23500565,S.E.P. MOLINILLO VIEJO (23500565),"C/ Alférez Joaquín López Ramos, s/n",Porcuna,Jaén,23790,953539561
300,23003387,C.E.I.P. NTRA. SRA. DE LOS DOLORES (23003387),"C/ Santo, 21.",Pozo Alcón,Jaén,23485,953711636
301,23005372,I.E.S. GUADALENTÍN (23005372),"Ctra. El Fontanar, s/n",Pozo Alcón,Jaén,23485,953711921
302,23500723,S.E.P. SIERRA DEL POZO (23500723),"C/ Huertos, 4",Pozo Alcón,Jaén,23485,953711514
303,23003399,C.E.I.P. SAN ISIDRO LABRADOR (23003399),"C/ Pedro Nares, s/n",Puente de Génave,Jaén,23350,953429900
304,23700773,I.E.S. VALLE DEL GUADALIMAR (23700773),"C/ Clara Campoamor, s/n",Puente de Génave,Jaén,23350,600141575
305,23005943,C.E.I.P. JOSÉ LUIS VERDES (23005943),Avda. de Quesada por la Paz y la De,Quesada,Jaén,23480,953711530
306,23003429,C.E.I.P. VIRGEN DEL TÍSCAR (23003429),"C/ Atalaya, 3",Quesada,Jaén,23480,953711527
307,23700426,I.E.S. CAÑADA DE LAS FUENTES (23700426),"Ctra. de Huesa, 25",Quesada,Jaén,23480,953711941
308,23500711,S.E.P. CASA CHAIDA (23500711),"C/ Cesario Rodríguez Aguilera, 4",Quesada,Jaén,23480,953711512
309,23003442,C.E.I.P. NUEVA ANDALUCÍA (23003442),"C/ Zigotal, 2",Rus,Jaén,23430,953779927
310,23700785,I.E.S. RURADIA (23700785),"C/ Eras del Moral, s/n",Rus,Jaén,23430,671534805
311,23500152,S.E.P. VALDECANALES (23500152),"C/ Triana, s/n",Rus,Jaén,23430,953779645
312,23003454,C.E.I.P. SAN GINÉS DE LA JARA (23003454),"C/ Menéndez Pidal, 11",Sabiote,Jaén,23410,953779529
313,23700797,I.E.S. IULIA SALARIA (23700797),"C/ San Antón, 1",Sabiote,Jaén,23410,953779505
314,23500206,S.E.P. ARTURO RODRÍGUEZ (23500206),"Parque de Velázquez, s/n",Sabiote,Jaén,23410,953777901
315,23601102,C.P.R. SIERRA SUR (23601102),"C/ Escuelas, 3",Santa Ana,Jaén,23692,953599911
316,23003466,C.E.I.P. CARLOS III (23003466),"C/ Carlos III, 25",Santa Elena,Jaén,23213,953609717
317,23500061,S.E.P. MARTÍN ALHAJA (23500061),C/ Granada s/n,Santa Elena,Jaén,23213,953609733
318,23003478,C.E.I.P. SANTIAGO APÓSTOL (23003478),"C/ San Sebastián, 19",Santiago de Calatrava,Jaén,23612,953539919
319,23009158,C.P.R. ALTO SEGURA (23009158),"C/ San Antonio, s/n",Santiago de la Espada,Jaén,23290,953711901
320,23700414,I.E.S. VILLA DE SANTIAGO (23700414),"C/ Postigos, s/n",Santiago de la Espada,Jaén,23290,953429505
321,23003612,C.E.I.P. BACHILLER PÉREZ DE MOYA (23003612),"C/ Alcalde Medina Berzosa, s/n",Santisteban del Puerto,Jaén,23250,953409910
322,23000404,E.M.M. COMARCA EL CONDADO (23000404),"C/ Constitución, 1",Santisteban del Puerto,Jaén,23250,953402744
323,23700566,I.E.S. VIRGEN DEL COLLADO (23700566),"Avda. de Andalucía, 6",Santisteban del Puerto,Jaén,23250,953409900
324,23500103,S.E.P. ILUCIA (23500103),"C/ Sancho IV, 29",Santisteban del Puerto,Jaén,23250,953409501
325,23003673,C.E.I.P. NTRA. SRA. DE LOS REMEDIOS (23003673),"Ctra. de Cazorla, s/n",Santo Tomé,Jaén,23311,953711913
326,23500693,S.E.P. BAÉCULA (23500693),"C/ Alhambra, 11",Santo Tomé,Jaén,23311,953711508
327,23500280,C.E.PER. TAVARA (23500280),"C/ Las Dolores, 1",Segura de la Sierra,Jaén,23293,953499548
328,23003843,C.E.I.P. SANTA TERESA DE JESÚS (23003843),"C/ Doctor Vigueras, 67",Siles,Jaén,23380,953499907
329,23009110,E.M.M. SILES (23009110),C/ Pinos s/n,Siles,Jaén,null,null
330,23700323,I.E.S. DOCTOR FRANCISCO MARÍN (23700323),"Ctra. de la Puerta, 49",Siles,Jaén,23380,953499911
331,23500243,S.E.P. SIERRA DE SEGURA (23500243),"Plaza de la Verdura, s/n",Siles,Jaén,23380,953499536
332,23601199,C.P.R. LA VEGA (23601199),"C/ Manuel Fernández Peña, s/n",Solana de Torralba,Jaén,23314,953779751
333,23003880,C.E.I.P. ANTONIO MACHADO (23003880),"C/ La Virgen, s/n",Solera,Jaén,23569,671537989
334,23003892,C.E.I.P. PADRE MANJÓN (23003892),"Avda. de Andalucía, s/n",Sorihuela del Guadalimar,Jaén,23270,953429905
335,23500231,S.E.P. FEDERICO GARCÍA LORCA (23500231),"C/ Colón, 9",Sorihuela del Guadalimar,Jaén,23270,953429632
336,23003910,C.E.I.P. SAN JOSÉ ARTESANO (23003910),"Avda. Andalucía, s/n",Torreblascopedro,Jaén,23510,953609955
337,23005505,C.E.I.P. JUAN CARLOS I (23005505),"C/ Fuente Nueva, s/n",Torredelcampo,Jaén,23640,671530532
338,23005499,C.E.I.P. PRÍNCIPE FELIPE (23005499),"Paseo de la Estación, 17",Torredelcampo,Jaén,23640,953366141
339,23003922,C.E.I.P. SAN ISIDORO (23003922),"Avda. de la Constitución, 1",Torredelcampo,Jaén,23640,953366137
340,23005487,C.E.I.P. SAN MIGUEL (23005487),"C/ República Argentina, 1",Torredelcampo,Jaén,23640,953366139
341,23002061,E.M.M. MAESTRO PEDRO BENITO PANCORBO (23002061),"C/ Quinto Centenario, s/n",Torredelcampo,Jaén,23640,953568649
342,23003934,I.E.S. MIGUEL SÁNCHEZ LÓPEZ (23003934),"Avda. de la Constitución, s/n",Torredelcampo,Jaén,23640,953366284
343,23000180,I.E.S. TORRE OLVIDADA (23000180),C/ Almería,Torredelcampo,Jaén,23640,953366947
344,23500531,S.E.P. LA FLORESTA (23500531),"C/ V Centenario, s/n",Torredelcampo,Jaén,23640,953366429
345,23004008,C.E.I.P. EL OLIVO (23004008),"Paseo de la Estación, 46",Torredonjimeno,Jaén,23650,953366816
346,23005827,C.E.I.P. MARTINGORDO (23005827),"C/ Vía Augusta, 13",Torredonjimeno,Jaén,23650,953366825
347,23005839,C.E.I.P. PONCE DE LEÓN (23005839),"C/ Ponce de León, s/n",Torredonjimeno,Jaén,23650,953366827
348,23003971,C.E.I.P. PUERTA DE MARTOS (23003971),"C/ Puerta de Martos,5.",Torredonjimeno,Jaén,23650,953366102
349,23005815,C.E.I.P. SAN ROQUE (23005815),"C/ Cristobal Colon, 92",Torredonjimeno,Jaén,23650,953366230
350,23003961,C.E.I.P. TOXIRIA (23003961),"C/ Cesar Gallo, 5",Torredonjimeno,Jaén,23650,953366814
351,23500590,C.E.PER. MIGUEL HERNÁNDEZ (23500590),"C/ Ruiz Jiménez, 20",Torredonjimeno,Jaén,23650,953366346
352,23700335,I.E.S. ACEBUCHE (23700335),"C/ Antonio Machado, 4",Torredonjimeno,Jaén,23650,671537996
353,23003983,I.E.S. SANTO REINO (23003983),"Avda. del Parque, 67",Torredonjimeno,Jaén,23650,953366835
354,23004011,C.E.I.P. NTRA. SRA. DE LA MISERICORDIA (23004011),"C/ Lope de Vega, s/n",Torreperogil,Jaén,23320,953779518
355,23005591,C.E.I.P. PERO XIL (23005591),"Avda. de Cazorla, s/n",Torreperogil,Jaén,23320,953779918
356,23009390,E.M.M.D. MARCOS VILLAR (23009390),"C/ Andalucía, 11",Torreperogil,Jaén,null,null
357,23700244,I.E.S. GIL DE ZÁTICO (23700244),"C/ Víctor Pradera, s/n",Torreperogil,Jaén,23320,953779730
358,23500191,S.E.P. TORRES DE HAMDÓN (23500191),"C/ Cervantes, s/n",Torreperogil,Jaén,23400,953776526
359,23601278,C.E.I.P. LA PAZ (23601278),"Avda. Ejército Español, s/n",Torrequebradilla,Jaén,23638,670946113
360,23004057,C.E.I.P. AZNAITÍN (23004057),"C/ Santa María, s/n",Torres,Jaén,23540,953366633
361,23500486,S.E.P. TORRES (23500486),"Plaza España, 1",Torres,Jaén,23540,953365564
362,23601126,C.P.R. EL COLLAO (23601126),"Avda. Andalucía, s/n",Torres de Albánchez,Jaén,23391,953499961
363,23500255,S.E.P. LA YEDRA (23500255),"C/ Virgen del Campo, 39",Torres de Albánchez,Jaén,23391,953499538
364,23005517,C.E.E.E. ANTONIO MACHADO (23005517),"Ctra. de Baeza, s/n",Úbeda,Jaén,23400,953779520
365,23005190,C.E.I.P. JUAN PASQUAU (23005190),"Ctra. de Albacete, s/n",Úbeda,Jaén,23400,953779549
366,23004197,C.E.I.P. SANTÍSIMA TRINIDAD (23004197),"C/ Trinidad, 2",Úbeda,Jaén,23400,671533569
367,23004239,C.E.I.P. SEBASTIÁN DE CÓRDOBA (23004239),"C/ Explanada, 2",Úbeda,Jaén,23400,953779537
368,23004215,C.E.I.P. VIRGEN DE GUADALUPE (23004215),"C/ Maestra María José Morillas, 3",Úbeda,Jaén,23400,953779535
369,23500747,C.E.PER. ALTO GUADALQUIVIR (23500747),"C/ Blas Infante, s/n",Úbeda,Jaén,23400,679520594
370,23700086,C.P.M. MARÍA DE MOLINA (23700086),"Plaza 1 de Mayo, 30",Úbeda,Jaén,23400,953779585
371,23004276,E.A. CASA DE LAS TORRES (23004276),"Plaza de San Lorenzo, 7",Úbeda,Jaén,23400,953779595
372,23000601,E.M.M. JOAQUÍN SABINA (23000601),"C/ Fernando Barrios, s/n",Úbeda,Jaén,23400,953779582
373,23006029,I.E.S. FRANCISCO DE LOS COBOS (23006029),"Plaza Primero de Mayo, 9",Úbeda,Jaén,23400,953779582
374,23004264,I.E.S. LOS CERROS (23004264),"C/ Cronista Juan de la Torre, s/n",Úbeda,Jaén,23400,953779990
375,23004252,I.E.S. SAN JUAN DE LA CRUZ (23004252),"C/ Ramón y Cajal, 3",Úbeda,Jaén,23400,953779543
376,23005608,C.E.I.P. SAN JUAN (23005608),"C/ Eras del Chaparral, s/n",Valdepeñas de Jaén,Jaén,23150,953366127
377,23004291,C.E.I.P. SANTIAGO APÓSTOL (23004291),"Avda. de Andalucía, 32",Valdepeñas de Jaén,Jaén,23150,953366927
378,23700347,I.E.S. SIERRA SUR (23700347),"Paseo del Chorrillo, s/n",Valdepeñas de Jaén,Jaén,23150,953366931
379,23003235,C.E.I.P. PADRE POVEDA (23003235),"C/ Padre Poveda, s/n",Venta de los Santos,Jaén,23265,671566417
380,23601242,C.P.R. VALLE DE SAN JUAN (23601242),"C/ Iglesia, s/n",Ventas del Carrizal,Jaén,23693,953599516
381,23004379,C.E.I.P. NTRA. SRA. DEL CASTILLO (23004379),C/ Camino Real s/n,Vilches,Jaén,23220,953609817
382,23000635,E.M.M. VILCHES (23000635),"C/ Camino Real, s/n",Vilches,Jaén,23220,953630075
383,23700359,I.E.S. ABULA (23700359),"C/ Molera, s/n",Vilches,Jaén,23220,953609908
384,23500051,S.E.P. GIRIBAILE (23500051),"C/ Camino Real, s/n",Vilches,Jaén,23220,953609510
385,23004495,C.E.I.P. NTRA. SRA. DEL ROSARIO (23004495),"Ctra. de Mogón, s/n",Villacarrillo,Jaén,23300,953429537
386,23005611,C.E.I.P. PINTOR CRISTÓBAL RUIZ (23005611),"C/ Santa Isabel, s/n",Villacarrillo,Jaén,23300,953429910
387,23500218,C.E.PER. TORRE DE MINGO PRIEGO (23500218),"C/ La Feria, 26",Villacarrillo,Jaén,23300,953429512
388,23001305,E.M.M. JOSÉ ÁNGEL TORTOSA GRANADOS (23001305),"C/ Ramón y Cajal, 8",Villacarrillo,Jaén,23300,953440000
389,23003867,E.O.I. VILLACARRILLO (23003867),"Ctra. de Mogón, s/n",Villacarrillo,Jaén,23300,953429521
390,23700864,I.E.S. SIERRA DE LAS VILLAS (23700864),"Ctra. de Mogón, s/n",Villacarrillo,Jaén,23300,953429606
391,23004562,C.E.I.P. SANTA POTENCIANA (23004562),"C/ San Marcos, s/n",Villanueva de la Reina,Jaén,23730,953539566
392,23700803,I.E.S. JUAN DE BARRIONUEVO MOYA (23700803),"C/ San Cristóbal, 2",Villanueva de la Reina,Jaén,23730,953539660
393,23500772,S.E.P. XIMENA JURADO (23500772),"C/ Cervantes, 5",Villanueva de la Reina,Jaén,23730,953537079
394,23004604,C.E.I.P. NTRA. SRA. DE LA FUENSANTA (23004604),"Avda. Doctor Blanco Rodríguez, 65",Villanueva del Arzobispo,Jaén,23330,953450874
395,23700499,I.E.S. NIEVES LÓPEZ PASTOR (23700499),"C/ Maestro Ricardo López, 17",Villanueva del Arzobispo,Jaén,23330,953429536
396,23500221,S.E.P. GARCÍA K-HITO (23500221),"C/ García K-Hito, 9",Villanueva del Arzobispo,Jaén,23330,953429515
397,23004631,C.E.I.P. SAN FRANCISCO DE ASÍS (23004631),"Plaza del Castillo, s/n",Villardompardo,Jaén,23659,953366819
398,23004653,C.E.I.P. FRANCISCO BADILLO (23004653),C/ Ramon y Cajal s/n,Villargordo,Jaén,23630,953366107
399,23700815,I.E.S. LLANO DE LA VIÑA (23700815),"C/ Donantes de Sangre, s/n",Villargordo,Jaén,23630,953366871
400,23500802,S.E.P. EL OLIVO (23500802),"C/ Pablo Iglesias, s/n",Villargordo,Jaén,23630,953366348
401,23500826,S.E.P. EL CALLAO(VILLARODRIGO-GÉNAVE) (23500826),"Ctra. de Bienservida, s/n",Villarrodrigo,Jaén,23393,953499555
1,29000013,C.E.I.P. SAN FRANCISCO DE ASÍS (29000013),"C/ 1º de Mayo, 9",Alameda,Málaga,29530,952712676
2,29701209,I.E.S. JACOBO ORELLANA GARRIDO (29701209),"C/ Miguel Hernández, s/n",Alameda,Málaga,29530,952712712
3,29500897,S.E.P. LAS ERAS (29500897),"C/ Retamar, s/n",Alameda,Málaga,29530,952712653
4,29009041,C.E.I.P. ALEJANDRO GARCÍA GARRIDO (29009041),"C/ Carrión, 2",Alcaucín,Málaga,29711,951289962
5,29500198,S.E.P. MANUEL HURTADO SOTO(CANILLAS DE ACEITUNO-ALCAUCÍN) (29500198),"C/ Carrión, 4",Alcaucín,Málaga,29711,697953412
6,29000131,C.E.I.P. NTRA. SRA. DE MONSALUD (29000131),"C/ Federico García Lorca, s/n",Alfarnate,Málaga,29194,952712915
7,29500149,S.E.P. AL-FARNAT (29500149),"C/ Gadea, 5",Alfarnate,Málaga,29194,671567074
8,29000165,C.E.I.P. JOSÉ GIL LÓPEZ (29000165),"C/ del Río, s/n",Algarrobo,Málaga,29750,951289591
9,29700680,I.E.S. TRAYAMAR (29700680),"C/ Trayamar, s/n",Algarrobo,Málaga,29750,951289584
10,29500022,S.E.P. MEDITERRÁNEO (29500022),"C/ Antonio Ruiz Rivas, nº21",Algarrobo,Málaga,29750,638892597
11,29601847,C.E.I.P. ENRIQUE RAMOS RAMOS (29601847),"C/ Buenavista, s/n",Algarrobo-Costa,Málaga,29750,951289577
12,29602025,C.P.R. SIERRA DEL ESPINO (29602025),"C/ Pérez Jiménez, 17",Algatocín,Málaga,29491,952159914
13,29000311,I.E.S. VALLE DEL GENAL (29000311),"C/ Los Hoyos, s/n",Algatocín,Málaga,29491,952159900
14,29500216,S.E.P. EL LLANO DEL REY (29500216),"C/ Panera del Posito, 4",Algatocín,Málaga,29491,952159527
15,29005631,C.E.I.P. ALGAZARA (29005631),"C/ Goleta, s/n. Urb. Retamar",Alhaurín de la Torre,Málaga,29130,951293841
16,29004250,C.E.I.P. CLARA CAMPOAMOR (29004250),"Urb. Torresol, s/n",Alhaurín de la Torre,Málaga,29130,952426250
17,29601628,C.E.I.P. ISAAC PERAL (29601628),"C/ Isaac Peral, s/n",Alhaurín de la Torre,Málaga,29130,951298659
18,29000293,C.E.I.P. LOS MANANTIALES (29000293),"Urb. Los Manantiales, s/n",Alhaurín de la Torre,Málaga,29130,951298692
19,29008875,C.E.I.P. MARUJA MALLO (29008875),"C/ Nelson Mandela, s/n. Urb. Taralp",Alhaurín de la Torre,Málaga,29130,671595236
20,29602281,C.E.I.P. SAN JUAN (29602281),"C/ Granada, 15",Alhaurín de la Torre,Málaga,29130,951298679
21,29009314,C.E.I.P. SAN SEBASTIÁN (29009314),"C/ Juan Carlos I, s/n",Alhaurín de la Torre,Málaga,29130,951297992
22,29602499,C.E.I.P. ZAMBRANA (29602499),"C/ Aljarafe, s/n. Bda. Ermita del C",Alhaurín de la Torre,Málaga,29130,951297971
23,29500423,C.E.PER. VICTORIA KENT (29500423),"Finca La Moraga, s/n",Alhaurín de la Torre,Málaga,29130,952249871
24,29020279,C.P.M. MIGUEL ANGEL HUESCA MARISCAL (29020279),"C/ Punto Industrial, s/n",Alhaurín de la Torre,Málaga,29130,null
25,29000190,E.M.M.D. MIGUEL ÁNGEL HUESCA MARISCAL (29000190),"C/ Vicente Aleixandre, s/n",Alhaurín de la Torre,Málaga,29130,952417150
26,29000062,I.E.S. CAPELLANÍA (29000062),"C/ Zarzuela, s/n",Alhaurín de la Torre,Málaga,29130,951293853
27,29008802,I.E.S. GALILEO (29008802),"C/ Amadeo Vives, 10",Alhaurín de la Torre,Málaga,29130,951293691
28,29700114,I.E.S. GERALD BRENAN (29700114),"C/ Isaac Peral, s/n",Alhaurín de la Torre,Málaga,29130,951298313
29,29701210,I.E.S. HUERTA ALTA (29701210),"Avda. Las Malagueñas, s/n. Urb. Hue",Alhaurín de la Torre,Málaga,29130,951298685
30,29500721,S.E.P. ALHAURÍN DE LA TORRE (29500721),"Avda. San Sebastián, nº7",Alhaurín de la Torre,Málaga,29130,951293896
31,29000505,C.E.I.P. EL CHORRO (29000505),"C/ Molinos de Arriba, 175",Alhaurín el Grande,Málaga,29120,951269924
32,29000402,C.E.I.P. EMILIA OLIVARES (29000402),"Ctra. de Málaga, s/n",Alhaurín el Grande,Málaga,29120,951269921
33,29602402,C.E.I.P. FÉLIX PLAZA RAMOS (29602402),"Finca La Gaseosa, s/n",Alhaurín el Grande,Málaga,29120,951269849
34,29011771,C.E.I.P. JORGE GUILLÉN (29011771),"C/ Monseñor Romero, 2",Alhaurín el Grande,Málaga,29120,951267502
35,29009326,C.E.I.P. PABLO RUIZ PICASSO (29009326),"C/ Albaicín, s/n",Alhaurín el Grande,Málaga,29120,951269810
36,29010249,C.E.I.P. SALVADOR GONZÁLEZ CANTOS (29010249),"C/ Campillos, s/n",Alhaurín el Grande,Málaga,29120,951267500
37,29701362,E.M.M. FRANCISCO DÍAZ (PACO GUARDAMONTES) (29701362),"Plaza de la Legión, s/n",Alhaurín el Grande,Málaga,29120,952297935
38,29000529,I.E.S. ANTONIO GALA (29000529),"C/ Giner de los Ríos, s/n",Alhaurín el Grande,Málaga,29120,951269928
39,29700692,I.E.S. FUENTE LUCENA (29700692),"C/ Fuente Lucena, 15",Alhaurín el Grande,Málaga,29120,951267506
40,29500733,S.E.P. ALHAURÍN EL GRANDE (29500733),"C/ Nueva, 30",Alhaurín el Grande,Málaga,29120,951268547
41,29000530,C.E.I.P. LA PARRA (29000530),"C/ Polideportivo, 8",Almáchar,Málaga,29718,951289915
42,29500174,S.E.P. EL LAGAR (29500174),"C/ Cornellá, 1",Almáchar,Málaga,29718,951289754
43,29000542,C.E.I.P. MAESTRO JOSÉ DURÁN (29000542),"C/ Corredera, s/n",Almargen,Málaga,29330,952169510
44,29500265,S.E.P. LOS DOS PRADOS (29500265),"C/ Muelle, 12",Almargen,Málaga,29330,952182146
45,29008346,C.E.I.P. JUAN PANIAGUA (29008346),"Ctra. Almayate-Cádiz, s/n",Almayate Alto,Málaga,29749,951289930
46,29010894,C.E.I.P. MIGUEL HERNÁNDEZ (29010894),"Cuesta Campanillas, nº 6, Los Núñez",Almogía,Málaga,29150,697952642
47,29000566,C.E.I.P. PADRE MIGUEL SÁNCHEZ (29000566),"C/ Rehoyada, s/n",Almogía,Málaga,29150,951298694
48,29700989,I.E.S. DIEGO GAITÁN (29700989),"C/ Rehoyada, s/n",Almogía,Málaga,29150,951298929
49,29500526,S.E.P. DIEGO GAITÁN (29500526),"C/ Marcelo San Esteban, 11",Almogía,Málaga,29150,951293890
50,29000682,C.E.I.P. EL HACHO (29000682),"C/ Suspiros, s/n",Álora,Málaga,29500,951269574
51,29000785,C.E.I.P. LOS LLANOS (29000785),"Avda. Pablo Ruiz Picasso, s/n",Álora,Málaga,29500,951269729
52,29010250,C.E.PR. MIGUEL DE CERVANTES (29010250),"C/ Carambuco,12",Álora,Málaga,29500,951269615
53,29010328,E.I. ARCO IRIS (29010328),"C/ Cerrillo, s/n",Álora,Málaga,29500,951269674
54,29000694,I.E.S. LAS FLORES (29000694),"Avda. de la Constitución, s/n. Puen",Álora,Málaga,29500,951269668
55,29011229,I.E.S. VALLE DEL SOL (29011229),"Avda. Pablo Ruiz Picasso, s/n",Álora,Málaga,29500,951268524
56,29500630,S.E.P. ÁLORA (29500630),"C/ Negrillos, 8",Álora,Málaga,29500,951268545
57,29000876,C.E.I.P. ARQUITECTO SÁNCHEZ SEPÚLVEDA (29000876),"Paseo Calvario, 3",Alozaina,Málaga,29567,951268553
58,29700618,I.E.S. SERRANÍA (29700618),"C/ Severo Ochoa, s/n",Alozaina,Málaga,29567,951269676
59,29500678,S.E.P. ALOZAINA (29500678),"C/ María Sagredo, s/n",Alozaina,Málaga,29567,671593759
60,29000347,C.E.I.P. SANTA ANA (29000347),Plaza Santa Ana,Alquería,Málaga,29130,951293565
61,29010523,C.E.I.P. TORRIJOS (29010523),"C/ Escuelas, s/n",Alquería,Málaga,29130,951298334
62,29000967,C.E.I.P. INFANTE DON FERNANDO (29000967),"C/ Rodrigo de Narváez, s/n",Antequera,Málaga,29200,952712619
63,29000979,C.E.I.P. LA VERA CRUZ (29000979),"C/ Cerro de la Cruz, s/n",Antequera,Málaga,29200,952712964
64,29000891,C.E.I.P. LEÓN MOTTA (29000891),"Avda. Estación, s/n",Antequera,Málaga,29200,952712611
65,29011886,C.E.I.P. REINA SOFÍA (29011886),"Urb. Santa Catalina, s/n",Antequera,Málaga,29200,952712650
66,29000955,C.E.I.P. ROMERO ROBLEDO (29000955),"C/ Calzada, 39",Antequera,Málaga,29200,952712617
67,29000921,C.E.I.P. SAN JUAN (29000921),"Ctra. del Valle, s/n",Antequera,Málaga,29200,952712615
68,29700461,C.E.M. ANA CÁRDENAS (29700461),"C/ Carreteros, 8",Antequera,Málaga,29200,952712529
69,29500794,C.E.PER. IGNACIO DE TOLEDO (29500794),"C/ Plato, 7",Antequera,Málaga,29200,952712636
70,29601975,C.P.R. ATALAYA (29601975),"C/ Las Flores, s/n",Antequera,Málaga,29260,952712794
71,29000189,E.M.M. (29000189),"C/ C/ Rodrigo de Narvaez, s/n. C.P.",Antequera,Málaga,29200,952708343
72,29006519,E.O.I. ANTEQUERA (29006519),"C/ Carrera, 12. IES Pedro Espinosa",Antequera,Málaga,29200,600148593
73,29012052,I.E.S. LOS COLEGIALES (29012052),"Paseo de los Colegiales, s/n",Antequera,Málaga,29200,952712500
74,29001145,I.E.S. PEDRO ESPINOSA (29001145),"C/ Carrera, 12",Antequera,Málaga,29200,952712963
75,29010857,I.E.S. PINTOR JOSÉ MARÍA FERNÁNDEZ (29010857),"Ctra. Carretera de Málaga, 8",Antequera,Málaga,29200,952712991
76,29001406,C.E.I.P. SAN SEBASTIÁN (29001406),"Avda. Pablo Picasso, s/n",Archidona,Málaga,29300,952712665
77,29001443,C.E.I.P. VIRGEN DE GRACIA (29001443),"Plaza de San Antonio, s/n",Archidona,Málaga,29300,952712989
78,29019563,C.E.PER. NELSON MANDELA (29019563),Ctra. Archidona-Villanueva del Trab,Archidona,Málaga,29300,951575089
79,29010869,I.E.S. JOSÉ NAVARRO Y ALBA (29010869),"Avda. Pablo Picasso, s/n",Archidona,Málaga,29300,671538608
80,29001421,I.E.S. LUIS BARAHONA DE SOTO (29001421),"C/ Carrera, 37",Archidona,Málaga,29300,952712680
81,29500800,S.E.P. MANUEL ALTOLAGUIRRE (29500800),"C/ Santo Domingo, 49 Bajo",Archidona,Málaga,29300,600687336
82,29001509,C.E.I.P. JOSÉ NÚÑEZ LEÓN (29001509),"C/ Fray Juan, 30",Ardales,Málaga,29550,951268624
83,29500708,S.E.P. ARDALES-CARRATRACA (29500708),"C/ El Baño, 3",Ardales,Málaga,29550,951268713
84,29001522,C.E.I.P. RAMÓN MARÍA DEL VALLE INCLÁN (29001522),"Carril del Cementerio, s/n",Arenas,Málaga,29753,951289719
85,29500046,S.E.P. ZUHEILA (29500046),"C/ Escuelas, 4",Arenas,Málaga,29753,951289723
86,29001546,C.E.I.P. VIRGEN DE LA AURORA (29001546),"Avda. de Andalucía, 3",Arriate,Málaga,29350,952169535
87,29700606,I.E.S. ESCULTOR MARÍN HIGUERO (29700606),"C/ Marqués de Moctezuma, s/n",Arriate,Málaga,29350,600145148
88,29500319,S.E.P. LOS VERGELES (29500319),"C/ Cordones, 4",Arriate,Málaga,29350,671596384
89,29000608,C.E.I.P. RAFAEL ALBERTI (29000608),"C/ Los Morritos, s/n",Arroyo de Coche,Málaga,29150,600168488
90,29001637,C.E.I.P. EL TOMILLAR (29001637),"Avda. Constitución, 30",Arroyo de la Miel-Benalmáden,Málaga,29631,951298900
91,29601653,C.E.I.P. LA LEALA (29601653),"C/ Moscatel, 6",Arroyo de la Miel-Benalmádena,MCáolsatgaa,29630,951298874
92,29602232,C.E.I.P. LA PALOMA (29602232),"Avda. de la Paz, s/n",Arroyo de la Miel-Benalmáden,Málaga,29630,951298717
93,29005801,C.E.I.P. MARIANA PINEDA (29005801),"Avda. de Cibeles, 6",Arroyo de la Miel-Benalmádena,MCáolsatgaa,29631,951293997
94,29010109,C.E.I.P. POETA SALVADOR RUEDA (29010109),"Avda. Las Palmeras, s/n",Arroyo de la Miel-Benalmáden,Málaga,29631,951293647
95,29009636,C.E.PR. MIGUEL HERNÁNDEZ (29009636),"Avda. Inmaculada Concepción, 138",Arroyo de la Miel-Benalmádena,MCáolsatgaa,29630,951298700
96,29020188,E.I. EL PANAL (29020188),"Avda. Manantial, 6",Arroyo de la Miel-Benalmáden,Málaga,29631,951293662
97,29009892,I.E.S. AL-BAYTAR (29009892),"Avda. Erasa, s/n. Urb. Béjar",Arroyo de la Miel-Benalmádena,MCáolsatgaa,29639,951293825
98,29012064,I.E.S. ARROYO DE LA MIEL (29012064),"Avda. Inmaculada Concepción, s/n",Arroyo de la Miel-Benalmáden,Málaga,29631,951297980
99,29006945,I.E.S. BENALMÁDENA (29006945),"Avda. Cibeles, 4",Arroyo de la Miel-Benalmádena,MCáolsatgaa,29630,951293582
100,29700621,I.E.S. CERRO DEL VIENTO (29700621),"Avda. del Cerro del Viento, 11",Arroyo de la Miel-Benalmáden,Málaga,29630,951298727
101,29701222,I.E.S. POETAS ANDALUCES (29701222),"Avda. Medina Azahara, s/n",Arroyo de la Miel-Benalmádena,MCáolsatgaa,29631,951298706
102,29501075,S.E.P. BENALMÁDENA-ARROYO DE LA MIEL (29501075),"Avda. Inmaculada Concepción, s/n. I",Arroyo de la Miel-Benalmáden,Málaga,29631,604882827
103,29601999,C.P.R. SERRANÍA (29601999),"C/ Cruz, 11",Atajate,Málaga,29491,671567575
104,29000633,C.E.I.P. FEDERICO GARCÍA LORCA (29000633),"Bda. Los Moras, s/n",Barranco de Zafra,Málaga,29150,951834138
105,29501063,S.E.P. BENADALID (29501063),"C/ San Isidoro, 16",Benadalid,Málaga,29493,696512677
106,29009004,C.E.I.P. NTRA. SRA. DE LA CANDELARIA (29009004),"Avda. de la Candelaria, s/n",Benagalbón,Málaga,29738,951293668
107,29001601,C.E.I.P. DAIDÍN (29001601),"C/ La Moraleda, s/n",Benahavís,Málaga,29679,951270732
108,29009077,C.E.I.P. SAN FAUSTINO (29009077),"C/ Campo de la Iglesia, s/n",Benajarafe,Málaga,29790,951289742
109,29500253,S.E.P. BENALAURÍA (29500253),"C/ Cruz, s/n",Benalauría,Málaga,29491,696512677
110,29001674,C.E.I.P. JACARANDA (29001674),"C/ Camino de la Fuentezuela, s/n",Benalmádena,Málaga,29639,951298941
111,29701374,E.M.M.D. (29701374),"C/ Las Flores, s/n. Arroyo de la Mi",Benalmádena,Málaga,29631,952566549
112,29001686,C.E.I.P. MIGUEL FORTES FORTES (29001686),"C/ Los Escolares, 12",Benamargosa,Málaga,29718,951289594
113,29500162,S.E.P. BENAMARGOSA (29500162),"C/ del Arroyo Limón, s/n",Benamargosa,Málaga,29718,952517401
114,29001716,C.E.I.P. EDUARDO OCÓN RIVAS (29001716),"C/ Zarzuela, s/n",Benamocarra,Málaga,29719,951289907
115,29011953,I.E.S. LA MAROMA (29011953),C/ Zona La Loma,Benamocarra,Málaga,29719,600161603
116,29500150,S.E.P. BENAMOCARRA-IZNATE (29500150),"C/ Zarzuela, s/n",Benamocarra,Málaga,29719,671593543
117,29001731,C.E.I.P. NTRA. SRA. DEL ROSARIO (29001731),"C/ Constitución, s/n",Benaoján,Málaga,29370,952169552
118,29501026,S.E.P. BENAOJÁN (29501026),"Plaza de San Marcos, 1",Benaoján,Málaga,29370,722299488
119,29500241,S.E.P. BENARRABÁ (29500241),"C/ Calvario, s/n",Benarrabá,Málaga,29490,654143292
120,29500769,S.E.P. MARÍA ZAMBRANO(BOBADILLA) (29500769),"C/ Manuel Granados, 54",Bobadilla,Málaga,29200,952712638
121,29001194,C.E.I.P. FÉLIX RODRÍGUEZ DE LA FUENTE (29001194),"C/ San Isidro, s/n",Bobadilla Estación,Málaga,29540,952712792
122,29008437,C.E.I.P. MAESTRO GENARO RINCÓN (29008437),"C/ Sierra Nevada, 13",Caleta de Vélez,Málaga,29751,951289933
123,29010006,C.E.I.P. CAYETANO BOLÍVAR (29010006),"C/ Romero, 2. Bda. Santa Rosalía",Campanillas,Málaga,29591,951293823
124,29602086,C.E.I.P. COLMENAREJO (29602086),"C/ Principal, s/n",Campanillas,Málaga,29590,951298741
125,29011783,C.E.I.P. CUPIANA (29011783),"C/ Portales de la Victoria, 22",Campanillas,Málaga,29590,951293509
126,29602293,C.E.I.P. FRANCISCO QUEVEDO (29602293),"C/ Tiziano, s/n. Urb. Brillante",Campanillas,Málaga,29590,951293916
127,29003270,C.E.I.P. JOSÉ CALDERÓN (29003270),"C/ Jacob, 21",Campanillas,Málaga,29590,951298332
128,29011795,C.E.I.P. LUIS CERNUDA (29011795),"C/ Samaniego, 80",Campanillas,Málaga,29590,951293520
129,29020231,C.P.I.F.P. ALAN TURING (29020231),C/ Frederick Terman 3,Campanillas,Málaga,29590,951040449
130,29700990,I.E.S. MARÍA VICTORIA ATENCIA (29700990),Ronda del Norte 1. Santa Rosalía,Campanillas,Málaga,29591,951293808
131,29700011,I.E.S. CAMPANILLAS (29700011),Bda. Campanillas,Campanillas,Málaga,29590,952620947
132,29701313,I.E.S. TORRE DEL PRADO (29701313),"C/ Cristobalina Fernández, 8",Campanillas,Málaga,29590,951298610
133,29001820,C.E.I.P. MANZANO JIMÉNEZ (29001820),"Avda. Santa María del Reposo, 9",Campillos,Málaga,29320,952722213
134,29710028,E.M.M. RAFAEL REYES VERGEL (29710028),"Avda. Santa María del Reposo, s/n",Campillos,Málaga,29320,952725280
135,29001868,I.E.S. CAMILO JOSÉ CELA (29001868),"Avda. Familia de Pascual Duarte, 4",Campillos,Málaga,29320,952712690
136,29500836,S.E.P. LA PAZ (29500836),"C/ Salgueros, 68",Campillos,Málaga,29320,952725000
137,29007032,C.E.I.P. ISDABE DEL MAR (29007032),"Avda. del Norte, 25. Bda. Isdabe",Cancelada,Málaga,29688,951270602
138,29002782,C.E.I.P. RAMÓN LAGO (29002782),"C/ Constitución, s/n",Cancelada,Málaga,29688,951270930
139,29004080,I.E.S. PROFESOR TOMÁS HORMIGO (29004080),"C/ Lomas del Retamar, s/n",Cancelada,Málaga,29688,951270541
140,29001881,C.E.I.P. VIRGEN DE LA CABEZA (29001881),"Avda. Andalucía, 15",Canillas de Aceituno,Málaga,29716,951289919
141,29001984,C.E.I.P. NUESTRA SEÑORA DE CAÑOS SANTOS (29001984),"C/ Lugar el Prado, s/n",Cañete la Real,Málaga,29340,952169515
142,29500277,S.E.P. SÁBORA (29500277),"C/ Sabora, s/n",Cañete la Real,Málaga,29340,183203
143,29002009,C.E.I.P. MARÍA AUXILIADORA (29002009),"C/ Carril, 19",Carratraca,Málaga,29551,951268627
144,29601859,C.E.I.P. LA MATA (29601859),"Ctra. Alhaurín, s/n",Cártama,Málaga,29570,951269838
145,29002046,C.E.I.P. NTRA. SRA. DE LOS REMEDIOS (29002046),"C/ Moral, 8",Cártama,Málaga,29570,951269946
146,29010213,E.M.M. CARLOS ÁLVAREZ (29010213),"C/ Eugenio Chicano, s/n",Cártama,Málaga,29570,952428502
147,29701003,I.E.S. JARIFA (29701003),"C/ Abencerraje, 7",Cártama,Málaga,29570,951269581
148,29700631,I.E.S. VALLE DEL AZAHAR (29700631),"C/ Pitágoras,2",Cártama,Málaga,29580,951269502
149,29602426,C.E.I.P. LA PEÑA (29602426),C/ Teniente Alcalde Antonio Gonzále,Cartaojal,Málaga,29250,952712840
150,29002186,C.E.I.P. SAN SEBASTIÁN (29002186),"Paseo Puerto de la Horca, s/n",Casabermeja,Málaga,29160,952712507
151,29701015,I.E.S. CASABERMEJA (29701015),"C/ Picasso, 4",Casabermeja,Málaga,29160,952712927
152,29500101,S.E.P. MONTE CALVARIO (29500101),"C/ San Antonio, s/n",Casabermeja,Málaga,29160,697642805
153,29002216,C.E.I.P. SERAFÍN ESTÉBANEZ CALDERÓN (29002216),"Avda. Juan XXIII, 25",Casarabonela,Málaga,29566,951269571
154,29500681,S.E.P. CASARABONELA (29500681),"C/ Balvertei, 1",Casarabonela,Málaga,29566,null
155,29002228,C.E.I.P. BLAS INFANTE (29002228),"C/ Puerto de la Cruz, s/n",Casares,Málaga,29690,951270507
156,29602441,C.P.R. MARIANA PINEDA (29602441),"C/ Ronda del Sur, 4",Cerralba,Málaga,29569,951269852
157,29003397,C.E.I.P. CIUDAD DE JAÉN (29003397),"C/ Torremolinos, 65",Churriana,Málaga,29140,951293850
158,29003403,C.E.I.P. MANUEL FERNÁNDEZ (29003403),"C/ La Carolina, s/n",Churriana,Málaga,29140,951293805
159,29007147,I.E.S. CARLOS ÁLVAREZ (29007147),"C/ Benito Juárez, 1",Churriana,Málaga,29140,951293673
160,29700357,I.E.S. JACARANDA (29700357),"C/ Gaspar Sanz, 1. Urb. Platero",Churriana,Málaga,29140,951293816
161,29500502,S.E.P. CHURRIANA (29500502),"C/ La Carolina, s/n",Churriana,Málaga,29140,951293615
162,29002253,C.E.I.P. CARAZONY (29002253),Avda. Alcalde Salvador González Gon,Coín,Málaga,29100,951269949
163,29011588,C.E.I.P. HUERTAS VIEJAS (29011588),"C/ Camino de Huertas Viejas, s/n",Coín,Málaga,29100,951269500
164,29002356,C.E.I.P. LOPE DE VEGA (29002356),"C/ Azahar, 35",Coín,Málaga,29100,951268510
165,29010560,C.E.I.P. XIMÉNEZ DE GUZMÁN (29010560),"C/ Pintor Leandro de la Rubia, s/n",Coín,Málaga,29100,951268820
166,29002265,C.E.PR. PINTOR PALOMO Y ANAYA (29002265),"C/ Picasso, 2",Coín,Málaga,29100,951269952
167,29010626,E.I. SAN SEBASTIÁN (29010626),"C/ Mercadillo, 1-2",Coín,Málaga,29100,951269609
168,29018698,E.M.M.D. COÍN (29018698),"Urb. Buenos Aires, C/ Mar del Plata",Coín,Málaga,null,674247828
169,29015594,E.O.I. COÍN (29015594),"C/ Urbano Pineda, s/n",Coín,Málaga,29100,951268795
170,29002332,I.E.S. CIUDAD DE COÍN (29002332),"C/ Urbano Pineda, s/n",Coín,Málaga,29100,951268500
171,29700928,I.E.S. LOS MONTECILLOS (29700928),"Ctra. de Mijas Km 1,5",Coín,Málaga,29100,951269915
172,29500757,S.E.P. COÍN (29500757),"C/ Pajarera, s/n. Edificio Universi",Coín,Málaga,29100,951268559
173,29002401,C.E.I.P. VIRGEN DE LA CANDELARIA (29002401),"C/ Francisco de Coalla, 28",Colmenar,Málaga,29170,952712917
174,29700849,I.E.S. LOS MONTES (29700849),"C/ Francisco Coalla, 28",Colmenar,Málaga,29170,952712925
175,29500113,S.E.P. LA CRUZ (29500113),"Cmo. de Málaga, 60",Colmenar,Málaga,29170,664248068
176,29602542,C.P.R. SAN HILARIO DE POITIERS (29602542),"C/ Encinilla, 5",Comares,Málaga,29195,951289984
177,29002541,C.E.I.P. CÁNDIDO LARA (29002541),"C/ San Antonio, 63",Cómpeta,Málaga,29754,951289700
178,29700941,I.E.S. EL ALMIJAR (29700941),"Avda. Constitución, 47 B",Cómpeta,Málaga,29754,951289542
179,29500034,S.E.P. ALMIJARA (29500034),"C/ San Antonio, 58",Cómpeta,Málaga,29754,699094969
180,29002617,C.E.I.P. NTRA. SRA. DEL ROSARIO (29002617),"Ctra. de la Estación, 20",Cortes de la Frontera,Málaga,29380,952159909
181,29011734,I.E.S. ANDRÉS PÉREZ SERRANO (29011734),"Avda. de la Libertad, s/n",Cortes de la Frontera,Málaga,29380,952159500
182,29500231,S.E.P. PAZ MÁRQUEZ Y JOSÉ BENEROSO (29500231),"Cmo. de Ronda, s/n",Cortes de la Frontera,Málaga,29380,645770320
183,29002630,C.E.I.P. SAN JUAN BAUTISTA (29002630),"C/ Real, 80",Cuevas Bajas,Málaga,29220,952712695
184,29500939,S.E.P. GENIL (29500939),"C/ Río, 8",Cuevas Bajas,Málaga,29220,952728898
185,29002708,C.E.I.P. CIUDAD DE BELDA (29002708),"C/ Granada, 64",Cuevas de San Marcos,Málaga,29210,952712706
186,29701027,I.E.S. GENIL (29701027),"C/ Granada, 64",Cuevas de San Marcos,Málaga,29210,952712769
187,29500927,S.E.P. BLAS INFANTE (29500927),"Avda. Andalucía, 37",Cuevas de San Marcos,Málaga,29210,952728898
188,29002666,C.E.I.P. SAN JOSÉ OBRERO (29002666),"Avda. Las Escuelas, s/n",Cuevas del Becerro,Málaga,29470,952169512
189,29500289,S.E.P. RAFAEL ALBERTI (29500289),"Avda. Las Escuelas, s/n",Cuevas del Becerro,Málaga,29470,661516717
190,29001790,C.E.I.P. ANTONIO GALA (29001790),"C/ Mojaría, s/n",El Borge,Málaga,29718,951289917
191,29500186,S.E.P. LA MOJARÍA (29500186),"C/ Mojaria, 20",El Borge,Málaga,29718,952512033
192,29001807,C.E.I.P. SAN AGUSTÍN (29001807),"C/ Erillas, 4",El Burgo,Málaga,29420,952169938
193,29500666,S.E.P. EL BURGO (29500666),"C/ Erillas, 4",El Burgo,Málaga,29420,952169577
194,29000827,C.E.I.P. GUADALHORCE (29000827),"C/ Giner de los Ríos, 2",Estación,Málaga,29510,951269612
195,29011576,C.E.I.P. CANO-CARTAMÓN (29011576),"C/ Francia, nº 60",Estación (Cártama),Málaga,29580,951268518
196,29009582,C.E.I.P. EL SEXMO (29009582),"C/ Goya, 39",Estación (Cártama),Málaga,29580,951269533
197,29016161,C.E.I.P. FLOR DE AZAHAR (29016161),"Avda. Francisco Gómez Cañete, s/n",Estación (Cártama),Málaga,29580,951289568
198,29002125,C.E.I.P. LA CAMPIÑA (29002125),"C/ Granada, s/n",Estación (Cártama),Málaga,29580,951268520
199,29500711,C.E.PER. VALLE DEL GUADALHORCE (29500711),"C/ Bruselas, 20",Estación (Cártama),Málaga,29580,951268557
200,29002150,C.E.PR. PABLO NERUDA (29002150),"C/ Ojén, 28. Bda. Cártama Estación",Estación (Cártama),Málaga,29580,951269594
201,29602301,E.I. ARCO IRIS (29602301),"C/ Cervantes, s/n",Estación (Cártama),Málaga,29580,951268507
202,29009107,I.E.S. CARTIMA (29009107),"C/ Van Gogh, s/n",Estación (Cártama),Málaga,29580,951267200
203,29002575,C.E.I.P. SANTIAGO APÓSTOL (29002575),"C/ Fátima, 13",Estación de Gaucín-El Colmen,aMr álaga,29390,952159542
204,29010274,C.E.I.P. ANTONIO MACHADO (29010274),"C/ Juan Brito, s/n",Estepona,Málaga,29680,951270981
205,29009430,C.E.I.P. FEDERICO GARCÍA LORCA (29009430),"Avda. Pablo Picasso, 1",Estepona,Málaga,29680,951270963
206,29009193,C.E.I.P. MARÍA ESPINOSA (29009193),"C/ Virgen de la Cabeza, s/n",Estepona,Málaga,29680,951270631
207,29002800,C.E.I.P. NTRA. SRA. DEL CARMEN (29002800),"C/ Tres Banderas, 73",Estepona,Málaga,29680,951270937
208,29010262,C.E.I.P. RAMÓN GARCÍA (29010262),"Avda. Juan Carlos I, 53",Estepona,Málaga,29680,951270979
209,29002794,C.E.I.P. SANTO TOMÁS DE AQUINO (29002794),"Avda. Santo Tomás de Aquino, s/n",Estepona,Málaga,29680,951270575
210,29601665,C.E.I.P. SIERRA BERMEJA (29601665),"C/ Vereda de los Frailes, 79",Estepona,Málaga,29680,951270998
211,29002824,C.E.I.P. SIMÓN FERNÁNDEZ (29002824),"Plaza del Reloj, s/n",Estepona,Málaga,29680,951270938
212,29016173,C.E.I.P. VALERIANO LÓPEZ (29016173),"Ctra. de Ronda, s/n",Estepona,Málaga,29680,951270596
213,29002848,C.E.PR. VÍCTOR DE LA SERNA (29002848),"Avda. San Lorenzo, 33",Estepona,Málaga,29680,951270941
214,29004481,E.I. GLORIA FUERTES (29004481),"C/ Belén, s/n",Estepona,Málaga,29680,951270565
215,29011761,E.O.I. ESTEPONA (29011761),C/ Fuente de María Gil,Estepona,Málaga,29680,697953189
216,29009909,I.E.S. MAR DE ALBORÁN (29009909),"C/ Fuente de María Gil, 30",Estepona,Málaga,29680,951551096
217,29700953,I.E.S. MEDITERRÁNEO (29700953),"C/ Melilla, 20",Estepona,Málaga,29680,951270728
218,29002885,I.E.S. MONTERROSO (29002885),"Avda. Santo Tomás de Aquino, s/n",Estepona,Málaga,29680,951270583
219,29009119,I.E.S. PUERTA DEL MAR (29009119),C/ Eslovaquia S/N,Estepona,Málaga,29680,671595405
220,29500599,S.E.P. LOS REALES (29500599),"C/ Terraza, 37",Estepona,Málaga,29680,951270592
221,29002915,C.E.I.P. ENRIQUE GINÉS (29002915),"Avda. Carlos Cano, 3",Frigiliana,Málaga,29788,951289596
222,29500083,S.E.P. ZACATÍN (29500083),"Avda. Príncipe de Asturias, 2",Frigiliana,Málaga,29753,null
223,29009648,C.E.I.P. ACAPULCO (29009648),"C/ Antonio Chenel ""Antoñete"", 2",Fuengirola,Málaga,29640,951269816
224,29009569,C.E.I.P. ANDALUCÍA (29009569),"C/ Mallorca, 7",Fuengirola,Málaga,29640,951269598
225,29602219,C.E.I.P. AZAHAR (29602219),"C/ Feria de Jerez, 17",Fuengirola,Málaga,29640,951269843
226,29009651,C.E.I.P. EL TEJAR (29009651),"C/ Rodrigo de Triana, s/n",Fuengirola,Málaga,29640,951269819
227,29002927,C.E.I.P. LOS BOLICHES (29002927),"C/ Santa Gema y Sta.Catalina, s/n",Fuengirola,Málaga,29640,951269963
228,29601574,C.E.I.P. MIGUEL DE CERVANTES (29601574),"C/ Isla Cabrera, 4",Fuengirola,Málaga,29640,951269566
229,29003002,C.E.I.P. PABLO RUIZ PICASSO (29003002),"C/ San Salvador, 39",Fuengirola,Málaga,29640,951269557
230,29602098,C.E.I.P. SANTA AMALIA (29602098),"C/ Méndez Núñez, s/n",Fuengirola,Málaga,29640,951269840
231,29002939,C.E.I.P. SOHAIL (29002939),"Avda. Condes de San Isidro, s/n",Fuengirola,Málaga,29640,951269964
232,29015739,C.E.I.P. SYALIS (29015739),"C/ María de las Mercedes, s/n",Fuengirola,Málaga,29640,951268808
233,29602591,C.E.I.P. VALDELECRÍN (29602591),"C/ de la Cantera, 10. Urb. Los Paco",Fuengirola,Málaga,29640,951269569
234,29700643,C.P.M. COSTA DEL SOL (29700643),"Parque de los Naranjos, s/n",Fuengirola,Málaga,29640,600140906
235,29700655,E.O.I. FUENGIROLA (29700655),"Avda. de Miramar, s/n. Edificio Sig",Fuengirola,Málaga,29640,952467978
236,29011311,I.E.S. EDUARDO JANEIRO (29011311),"C/ Enebro, s/n",Fuengirola,Málaga,29640,951268801
237,29003041,I.E.S. FUENGIROLA Nº 1 (29003041),"C/ Camino de Santiago, 3",Fuengirola,Málaga,29640,951269967
238,29701416,I.E.S. LAS SALINAS (29701416),"C/ Domingo Ortega, 24",Fuengirola,Málaga,29640,951269890
239,29700497,I.E.S. LOS BOLICHES (29700497),"C/ Frascuelo, s/n",Fuengirola,Málaga,29640,951269910
240,29701428,I.E.S. MERCEDES LABRADOR (29701428),"C/ Feria de Abril, s/n",Fuengirola,Málaga,29640,952665780
241,29009910,I.E.S. SANTIAGO RAMÓN Y CAJAL (29009910),"C/ Doctor García Verdugo, 1",Fuengirola,Málaga,29640,951269821
242,29501105,S.E.P. FUENGIROLA (29501105),"Avda. Miramar, s/n. Edificio Centro",Fuengirola,Málaga,29640,951268549
243,29003087,C.E.I.P. SAN IGNACIO (29003087),"C/ Juan Carlos I, 21",Fuente de Piedra,Málaga,29520,952712710
244,29500885,S.E.P. CLARA CAMPOAMOR (29500885),"C/ Juán Carlos I, 21",Fuente de Piedra,Málaga,29502,652213262
245,29003099,C.E.I.P. GUZMÁN EL BUENO (29003099),"Ctra. Gaucín-Manilva, s/n",Gaucín,Málaga,29480,952159507
246,29501038,S.E.P. MONTE HACHO (29501038),"C/ Guzmán el Bueno, s/n",Gaucín,Málaga,29480,null
247,29500290,S.E.P. RÍO GENAL (29500290),"C/ Arroyo, s/n",Genalguacil,Málaga,29492,null
248,29003129,C.E.I.P. LOS ALMENDROS (29003129),"Avda. Andalucía, 73",Guaro,Málaga,29108,951269596
249,29501051,S.E.P. GUARO (29501051),"Avda. Andalucía, s/n",Guaro,Málaga,29108,null
250,29003130,C.E.I.P. NTRA. SRA. DEL ROSARIO (29003130),Tvsía. Hermanos Fernández de la Fue,Humilladero,Málaga,29531,952712720
251,29701039,I.E.S. JOSÉ SARAMAGO (29701039),"C/ Francisco Giner de los Ríos, 1",Humilladero,Málaga,29531,952712544
252,29500873,S.E.P. GABRIELA MISTRAL (29500873),"C/ Herradura, 5",Humilladero,Málaga,29531,null
253,29003142,C.E.I.P. SANTA ROSA DE LIMA (29003142),"C/ Genal, s/n",Igualeja,Málaga,29440,952169562
254,29501002,S.E.P. LOS CASTAÑARES (29501002),"Plaza de Andalucía, s/n",Igualeja,Málaga,29440,654149124
255,29003154,C.E.I.P. FRANCISCA RUIZ (29003154),"C/ Tajo Banderas, s/n",Istán,Málaga,29611,951270525
256,29500629,S.E.P. LA GLORIETA (29500629),"C/ Calvario,14",Istán,Málaga,29611,951270593
257,29003166,C.E.I.P. MARQUÉS DE IZNATE (29003166),"C/ Vélez, 1",Iznate,Málaga,29719,951289924
258,29602013,C.P.R. ALMAZARA (29602013),"C/ Algatocín, s/n",Jubrique,Málaga,29492,671592029
259,29500307,S.E.P. JUBRIQUE (29500307),Plaza de Andalucía,Jubrique,Málaga,29492,630909106
260,29007573,C.E.I.P. GREGORIO MARAÑÓN (29007573),"C/ Paseo de Filipinas, 2",La Cala del Moral,Málaga,29720,951293607
261,29009132,C.E.I.P. MARÍA DEL MAR ROMERA (29009132),"Urb. Parque Victoria, s/n",La Cala del Moral,Málaga,29730,951293683
262,29700369,I.E.S. BEN AL JATIB (29700369),"C/ Sorolla, 38",La Cala del Moral,Málaga,29720,951293501
263,29002733,I.E.S. PUERTA DE LA AXARQUÍA (29002733),"Paseo de Filipinas, 2",La Cala del Moral,Málaga,29720,951298322
264,29602001,C.P.R. VALLE DEL GUADIARO (29602001),"C/ Costerilla II, s/n",La Cañada del Real Tesoro,Málaga,29391,952159911
265,29601732,C.E.I.P. EL ALBERO (29601732),"Avda. de los Lirios, 45",Las Lagunas,Málaga,29650,951269899
266,29011394,C.E.I.P. INDIRA GANDHI (29011394),"Avda. AMPA las Caracolas, s/n",Las Lagunas,Málaga,29651,647752810
267,29011382,C.E.I.P. LAS CAÑADAS (29011382),"C/ Palomar, nº 9",Las Lagunas,Málaga,29651,951269831
268,29602220,C.E.I.P. LOS CAMPANALES (29602220),"Cmo. del Albero, 12",Las Lagunas,Málaga,29650,600141353
269,29009144,C.E.I.P. MARÍA ZAMBRANO (29009144),"C/ Vicente Aleixandre, 3",Las Lagunas,Málaga,29651,951268657
270,29007007,C.E.I.P. NTRA. SRA. VIRGEN DE LA PEÑA (29007007),"C/ Virgen de Fátima, 2",Las Lagunas,Málaga,29650,951269801
271,29004614,C.E.I.P. TAMIXA (29004614),"C/ Vicente Aleixandre, 5",Las Lagunas,Málaga,29651,951269546
272,29500587,C.E.PER. LA JARA (29500587),"C/ Río de las Pasadas, s/n. I.E.S.",Las Lagunas,Málaga,29650,951268543
273,29019320,"I.E.S. ANA CARMONA ""VELETA"" (29019320)",C/ Vicente Aleixandre,Las Lagunas,Málaga,29640,682937243
274,29700709,I.E.S. LAS LAGUNAS (29700709),"Cmo. del Albero, 18",Las Lagunas,Málaga,29650,951269881
275,29007329,I.E.S. VEGA DE MIJAS (29007329),"C/ Don Antonio García Moreno, 5",Las Lagunas,Málaga,29651,951268758
276,29010900,C.E.I.P. LAS MELLIZAS (29010900),"Cmo. del Río, s/n. Barriada Bermejo",Las Mellizas-Los Llanos,Málaga,29593,951268541
277,29003646,C.E.E.E. SANTA ROSA DE LIMA (29003646),"C/ Corregidor Carlos Garafa, s/n. B",Málaga,Málaga,29007,951298417
278,29011357,C.E.I.P. ALEGRÍA DE LA HUERTA (29011357),"C/ Borde Alegre, 12",Málaga,Málaga,29014,951298557
279,29016185,C.E.I.P. ALMUDENA GRANDES (29016185),"C/ Dr. Miguel Díaz Recio, s/n",Málaga,Málaga,29010,951298645
280,29004511,C.E.I.P. ÁNGEL GANIVET (29004511),"C/ La Alberca, 5",Málaga,Málaga,29014,951298869
281,29005618,C.E.I.P. ANTONIO GUTIÉRREZ MATA (29005618),Ctra. de Olías s/n,Málaga,Málaga,29018,951298602
282,29009715,C.E.I.P. ANTONIO MACHADO (29009715),"C/ Corregidor Carlos Garafa, 5",Málaga,Málaga,29007,951298754
283,29003610,C.E.I.P. ARDIRA (29003610),"C/ Corcherito, 5",Málaga,Málaga,29004,951298943
284,29003750,C.E.I.P. ARTURO REYES (29003750),"C/ Corregidor Francisco de Molina,",Málaga,Málaga,29006,951298624
285,29011813,C.E.I.P. BENITO PÉREZ GALDÓS (29011813),"C/ María de Zayas y Sotomayor, 1",Málaga,Málaga,29014,951293540
286,29005394,C.E.I.P. BERGAMÍN (29005394),"C/ Pelayo,16",Málaga,Málaga,29009,951298699
287,29009703,C.E.I.P. BLAS INFANTE (29009703),"C/ Alcalde José Hernández, 4",Málaga,Málaga,29014,951298752
288,29009351,C.E.I.P. CAMINO DE SAN RAFAEL (29009351),"C/ Guerrita, 3",Málaga,Málaga,29006,951298852
289,29009338,C.E.I.P. CARMEN DE BURGOS (29009338),"C/ Dr. Miguel Díaz Recio, s/n",Málaga,Málaga,29010,951294135
290,29004699,C.E.I.P. CERRO CORONADO (29004699),"C/ Duero, s/n. Bda. La Palma",Málaga,Málaga,29011,951298867
291,29003567,C.E.I.P. CIUDAD DE MOBILE (29003567),"Plaza Conde de Ferrería, s/n",Málaga,Málaga,29009,951298622
292,29003831,C.E.I.P. CIUDAD DE POPAYÁN (29003831),"Avda. Herrera Oria, 86",Málaga,Málaga,29007,951298633
293,29006143,C.E.I.P. CLARA CAMPOAMOR (29006143),"Avda. Imperio Argentina, 2",Málaga,Málaga,29004,951293601
294,29003543,C.E.I.P. CONSTITUCIÓN 1978 (29003543),"C/ Francisco Ballesteros, 2 y 4",Málaga,Málaga,29003,951298474
295,29003737,C.E.I.P. CRISTO DE MENA (29003737),"C/ Montalbán, 10",Málaga,Málaga,29002,951298890
296,29005357,C.E.I.P. DOCTOR FLÉMING (29005357),"Psje. Horacio Lengo, 3",Málaga,Málaga,29006,951298697
297,29003877,C.E.I.P. DOCTOR GÁLVEZ MOLL (29003877),"C/ Doctor Gálvez Moll, 13",Málaga,Málaga,29011,951298876
298,29005345,C.E.I.P. DOMINGO LOZANO (29005345),"C/ Virgen de la Esperanza, s/n",Málaga,Málaga,29007,951298646
299,29011825,C.E.I.P. EDUARDO OCÓN (29011825),"C/ Tomas de Echevarria, 4",Málaga,Málaga,29002,951298778
300,29003361,C.E.I.P. EL TARAJAL (29003361),"C/ Generación, 31. Políg. La Huerte",Málaga,Málaga,29196,951298854
301,29011710,C.E.I.P. EL TORCAL (29011710),"C/ Cayetano de Cabra, 7",Málaga,Málaga,29003,951298419
302,29010687,C.E.I.P. FUENTE ALEGRE (29010687),"C/ Fuente Alegre, 7",Málaga,Málaga,29190,951298650
303,29602049,C.E.I.P. GANDHI (29602049),"C/ Juan de Ortega, 13",Málaga,Málaga,29190,951298780
304,29009685,C.E.I.P. GARCÍA LORCA (29009685),"C/ Alemania, 14",Málaga,Málaga,29001,951298598
305,29006337,C.E.I.P. GINER DE LOS RÍOS (29006337),"Avda. Ortega y Gasset, 12",Málaga,Málaga,29006,951298737
306,29601872,C.E.I.P. HANS CHRISTIAN ANDERSEN (29601872),"C/ Dulce Chacón, 1",Málaga,Málaga,29006,951298540
307,29011904,C.E.I.P. HERNÁNDEZ CANOVAS (29011904),"C/ Antonio Moreno Verdejo, 25",Málaga,Málaga,29006,600140879
308,29003816,C.E.I.P. HOGARSOL (29003816),"C/ Ayala, 86",Málaga,Málaga,29002,951298888
309,29010912,C.E.I.P. INTELHORCE (29010912),"Ctra. José Mª Jacquard, 18",Málaga,Málaga,29196,671565369
310,29011709,C.E.I.P. JÁBEGA (29011709),"C/ Alcalde Joaquín Alonso, 19",Málaga,Málaga,29003,951293518
311,29003762,C.E.I.P. JORGE GUILLÉN (29003762),"Ctra. de Olías, s/n",Málaga,Málaga,29018,951298648
312,29004161,C.E.I.P. JOSÉ MARÍA HINOJOSA (29004161),"C/ Héroe Sostoa, 49",Málaga,Málaga,29002,951298871
313,29602050,C.E.I.P. JOSÉ MORENO VILLA (29602050),"C/ Godino, 13",Málaga,Málaga,29009,951298769
314,29602566,C.E.I.P. JULIO CARO BAROJA (29602566),"C/ Conde Lucanor, s/n. Urb. Guadalm",Málaga,Málaga,29004,951298544
315,29003580,C.E.I.P. LA BIZNAGA (29003580),"C/ Suceso Luengo, 15",Málaga,Málaga,29018,951298945
316,29003555,C.E.I.P. LAS FLORES (29003555),"C/ Obispo Bartolomé Espejo, 20. Urb",Málaga,Málaga,29014,951298947
317,29602438,C.E.I.P. LEX FLAVIA MALACITANA (29602438),"C/ Numancia, s/n",Málaga,Málaga,29013,951298309
318,29010018,C.E.I.P. LOS ÁNGELES (29010018),"C/ Josep Pla, s/n",Málaga,Málaga,29011,951298765
319,29009946,C.E.I.P. LOS GUINDOS (29009946),"Avda. Gregorio Diego, 41",Málaga,Málaga,29004,951298306
320,29009673,C.E.I.P. LOS MORALES (29009673),C/ Escritor Antonio Navarro Trujill,Málaga,Málaga,29190,951298863
321,29003351,C.E.I.P. LOS PRADOS (29003351),"C/ Joseíto de Málaga, 6. Bda. Los P",Málaga,Málaga,29006,671533824
322,29003828,C.E.I.P. LUIS BRAILLE (29003828),"Plaza Guerrero Strachan, s/n",Málaga,Málaga,29007,951298627
323,29003890,C.E.I.P. LUIS BUÑUEL (29003890),"Avda. Lope de Vega, 7",Málaga,Málaga,29010,951298640
324,29601884,C.E.I.P. LUIS DE GÓNGORA (29601884),"C/ Góngora, 11",Málaga,Málaga,29002,951298530
325,29011928,C.E.I.P. MANOLO GARVAYO (29011928),"C/ Encarnación Fontiveros, 2",Málaga,Málaga,29010,951298529
326,29006131,C.E.I.P. MANUEL ALTOLAGUIRRE (29006131),"C/ Arlanza, 6",Málaga,Málaga,29011,951298856
327,29009776,C.E.I.P. MANUEL DE FALLA (29009776),"C/ Bocanegra, 3",Málaga,Málaga,29003,951298319
328,29601941,C.E.I.P. MARÍA DE LA O (29601941),"Bda. Los Asperones, s/n",Málaga,Málaga,29010,600169100
329,29006155,C.E.I.P. MARÍA ZAMBRANO (29006155),"Avda. María Zambrano, 1",Málaga,Málaga,29006,951293522
330,29003701,C.E.I.P. MIGUEL DE CERVANTES (29003701),"C/ López Domínguez, 6",Málaga,Málaga,29013,951298892
331,29011898,C.E.I.P. MIGUEL HERNÁNDEZ (29011898),"Avda. Dr. Gutiérrez Mata, s/n",Málaga,Málaga,29018,951298542
332,29004742,C.E.I.P. MIRAFLORES DE LOS ÁNGELES (29004742),"Avda. Miraflores de los Ángeles, 6",Málaga,Málaga,29011,951298642
333,29010353,C.E.I.P. NEILL (29010353),"C/ Arenisca, 13",Málaga,Málaga,29006,951298600
334,29003695,C.E.I.P. NTRA. SRA. DE GRACIA (29003695),"C/ Ferrándiz, 2",Málaga,Málaga,29012,951298894
335,29003491,C.E.I.P. NUESTRA SEÑORA DE LA LUZ (29003491),"Avda. de la Luz, 30",Málaga,Málaga,29004,951293511
336,29020176,C.E.I.P. NUEVO GUADALJAIRE (29020176),"C/ Cámara, 3",Málaga,Málaga,29003,951298553
337,29011591,C.E.I.P. PABLO NERUDA (29011591),"C/ José Manuel Pérez Estrada, 7",Málaga,Málaga,29006,951298552
338,29007731,C.E.I.P. PARQUE CLAVERO (29007731),"C/ Federico Fellini, s/n",Málaga,Málaga,29016,951293562
339,29009697,C.E.I.P. PAULO FREIRE (29009697),"C/ Eduardo de Palacio, 8",Málaga,Málaga,29004,951298742
340,29011916,C.E.I.P. PEDRO SALINAS (29011916),"C/ Jacinto, 16",Málaga,Málaga,29190,951298537
341,29011345,C.E.I.P. PINTOR DENIS BELGRANO (29011345),"C/ Juan Villarrazo, 36. Finca La Pa",Málaga,Málaga,29010,951298559
342,29005047,C.E.I.P. PINTOR FÉLIX REVELLO DE TORO (29005047),"C/ Navarro Ledesma, 168",Málaga,Málaga,29010,951298573
343,29003622,C.E.I.P. PRÁCTICAS N-1 (29003622),"C/ Rodríguez Rubí, 1",Málaga,Málaga,29008,951293543
344,29011618,C.E.I.P. PROFESOR TIERNO GALVÁN (29011618),"C/ Esquilo, 4",Málaga,Málaga,29010,951298771
345,29010067,C.E.I.P. RAFAEL ALBERTI (29010067),"C/ Marqués de Mantua, 13",Málaga,Málaga,29014,951298787
346,29009727,C.E.I.P. RAMÓN DEL VALLE INCLÁN (29009727),"C/ Escultor Marín Higueros, s/n",Málaga,Málaga,29017,951298759
347,29003889,C.E.I.P. RAMÓN SIMONET (29003889),"C/ Enrique Beltrán, 2",Málaga,Málaga,29010,951298636
348,29011412,C.E.I.P. RECTORA ADELAIDA DE LA CALLE (29011412),"C/ Alicia Alonso, 1",Málaga,Málaga,29010,671599192
349,29005175,C.E.I.P. RICARDO LEÓN (29005175),"C/ Archidona, 30",Málaga,Málaga,29007,951298303
350,29009296,C.E.I.P. ROSA DE GÁLVEZ (29009296),"Avda. Jane Bowles, 34",Málaga,Málaga,29014,951293576
351,29011606,C.E.I.P. SALVADOR ALLENDE (29011606),"C/ Víctor Hugo, 3",Málaga,Málaga,29190,951298766
352,29009259,C.E.I.P. SALVADOR RUEDA (29009259),"C/ Donato Jiménez, 8",Málaga,Málaga,29014,951298739
353,29009739,C.E.I.P. SEVERO OCHOA (29009739),"Plaza Luis Cernuda, 1",Málaga,Málaga,29010,951298794
354,29011692,C.E.I.P. SIMÓN BOLÍVAR (29011692),"C/ Sanhedón, 5",Málaga,Málaga,29006,951298774
355,29010298,C.E.I.P. TARTESSOS (29010298),"C/ Ntra. Sra. de las Candelas, 37",Málaga,Málaga,29004,951298406
356,29006325,C.E.I.P. VICENTE ALEIXANDRE (29006325),"Cmo. de la Térmica, 21",Málaga,Málaga,29004,951298396
357,29601860,C.E.I.P. VICTORIA KENT (29601860),"C/ Camino del Pato, 6",Málaga,Málaga,29004,951298534
358,29004687,C.E.I.P. VIRGEN DE BELÉN (29004687),"Avda. Virgen de Belén, 7-10",Málaga,Málaga,29004,951298301
359,29700266,C.E.M. EDUARDO OCÓN (29700266),"C/ Practicante Fernández Alcolea, 3",Málaga,Málaga,29018,951298355
360,29700291,C.E.M. MAESTRO ARTOLA (29700291),"C/ Corregidor Carlos Garafa, 5",Málaga,Málaga,29007,951298358
361,29700552,C.E.M. PABLO RUIZ PICASSO (29700552),"C/ Arango, s/n",Málaga,Málaga,29007,951298359
362,29500541,C.E.PER. BAHÍA CAPUCHINOS (29500541),"C/ Alameda de Capuchinos, 29",Málaga,Málaga,29014,951293894
363,29500371,C.E.PER. EL TORCAL (29500371),"C/ Gaucín s/n,",Málaga,Málaga,29003,951293870
364,29500393,C.E.PER. HUELIN (29500393),"C/ Isla Cristina, s/n",Málaga,Málaga,29003,951293874
365,29500368,C.E.PER. LA PALMA (29500368),"C/ Antonio María Isola, s/n",Málaga,Málaga,29011,951293868
366,29500332,C.E.PER. MEDITERRÁNEO (29500332),"C/ Mendivil, s/n",Málaga,Málaga,29002,951293862
367,29500401,C.E.PER. PORTADA ALTA (29500401),"C/ Doctor Pallardo, 4",Málaga,Málaga,29007,951293876
368,29009740,C.E.PR. PABLO RUIZ PICASSO (29009740),"C/ Honduras,1",Málaga,Málaga,29007,951298760
369,29009752,C.E.PR. SAN JOSÉ DE CALASANZ (29009752),"C/ Hilera, s/n",Málaga,Málaga,29007,951298792
370,29700813,C.P.D. PEPA FLORES (29700813),"C/ Cerrojo, 5",Málaga,Málaga,29007,951298382
371,29700281,C.P.M. GONZALO MARTÍN TENLLADO (29700281),"Glor. Glorieta 11 de marzo, 2 (esqu",Málaga,Málaga,29004,951298372
372,29700278,C.P.M. MANUEL CARRA (29700278),"Avda. Jacinto Benavente, 11-13",Málaga,Málaga,29014,951298366
373,29001391,C.S.D. ÁNGEL PERICET (29001391),"C/ Cerrojo, 5",Málaga,Málaga,29007,951298350
374,29011291,C.S.M. (29011291),"Plaza Maestro Artola, 2",Málaga,Málaga,29013,951298340
375,29006179,E.A.S.D. SAN TELMO (29006179),"C/ Ejido, 3",Málaga,Málaga,29013,951298363
376,29009481,E.I. ADELFA (29009481),"C/ Santa Elena, s/n",Málaga,Málaga,29007,951298796
377,29010948,E.I. ALTABACA (29010948),"Plaza Hipólito Lancha, 4",Málaga,Málaga,29010,951298563
378,29011369,E.I. GIBRALJAIRE (29011369),"C/ Mirazucena, s/n",Málaga,Málaga,29011,951298555
379,29009764,E.I. GLORIA FUERTES (29009764),"C/ Hilera, 12",Málaga,Málaga,29007,951298790
380,29003853,E.I. MARTIRICOS (29003853),"Paseo Martiricos, 2",Málaga,Málaga,29009,951298886
381,29011333,E.I. TIRO DE PICHÓN (29011333),"C/ Corregidor Antonio de Bobadilla,",Málaga,Málaga,29006,951298561
382,29011308,E.O.I. MÁLAGA (29011308),"Paseo de Martiricos, 26",Málaga,Málaga,29009,951298343
383,29700308,E.S.A.D. MÁLAGA (29700308),"C/ Béla Bártok, 2",Málaga,Málaga,29010,951298376
384,29018650,I.A.D. INSTITUTO ANDALUZ DEL DEPORTE (29018650),"Avda. Santa Rosa de Lima, nº 5",Málaga,Málaga,29007,null
385,29010201,I.E.S. BELÉN (29010201),"Avda. Isaac Peral, 16",Málaga,Málaga,29004,951298425
386,29012076,I.E.S. BEN GABIROL (29012076),"C/ Agustín Martín Carrión, 6",Málaga,Málaga,29006,951298509
387,29005977,I.E.S. CÁNOVAS DEL CASTILLO (29005977),"C/ San Millán, s/n",Málaga,Málaga,29013,951298512
388,29701118,I.E.S. CARLINDA (29701118),"C/ Hipócrates, s/n",Málaga,Málaga,29010,951298471
389,29701350,I.E.S. CHRISTINE PICASSO (29701350),"C/ Rachmaninov, 4",Málaga,Málaga,29002,951298604
390,29701106,I.E.S. CIUDAD DE MELILLA (29701106),"C/ Salvador Tomasetti, s/n",Málaga,Málaga,29003,600160727
391,29700795,I.E.S. CIUDAD JARDÍN (29700795),"C/ Jerez Perchet, 36",Málaga,Málaga,29014,951293535
392,29009922,I.E.S. EL PALO (29009922),"Cmo. Viejo de Vélez, s/n",Málaga,Málaga,29018,951298521
393,29009260,I.E.S. EMILIO PRADOS (29009260),"C/ Luis Barahona de Soto, 16",Málaga,Málaga,29004,951298484
394,29700503,I.E.S. FERNANDO DE LOS RÍOS (29700503),"C/ Ntra. Sra. de las Candelas, 15",Málaga,Málaga,29004,951298439
395,29701091,I.E.S. GUADALMEDINA (29701091),"Avda. La Palmilla, 22",Málaga,Málaga,29011,951298482
396,29011539,I.E.S. HUELIN (29011539),"C/ Tomás Echeverria, 2",Málaga,Málaga,29002,951298494
397,29701040,I.E.S. ISAAC ALBÉNIZ (29701040),"C/ Corregidor Francisco Molina, 20",Málaga,Málaga,29006,951297973
398,29701088,I.E.S. JARDÍN DE MÁLAGA (29701088),"C/ Marqués de Mantua, 11",Málaga,Málaga,29014,951298653
399,29700527,I.E.S. JARDINES DE PUERTA OSCURA (29700527),"C/ Mirazucena, s/n. Miraflores de l",Málaga,Málaga,29011,951297939
400,29701234,I.E.S. JOSÉ MARÍA TORRIJOS (29701234),"Psje. Alcalde Joaquín Alonso, 3",Málaga,Málaga,29003,951297950
401,29701076,I.E.S. JUAN RAMÓN JIMÉNEZ (29701076),"C/ Fernández Fermina, 17",Málaga,Málaga,29006,951298845
402,29005916,I.E.S. LA ROSALEDA (29005916),"Avda. Luis Buñuel, 8",Málaga,Málaga,29011,952640035
403,29700096,I.E.S. LITORAL (29700096),"Avda. Los Guindos, 46",Málaga,Málaga,29004,951298400
404,29701246,I.E.S. MANUEL ALCÁNTARA (29701246),"C/ Peso de la Harina, 12",Málaga,Málaga,29007,951298454
405,29010870,I.E.S. MARE NOSTRUM (29010870),"C/ Villanueva de Algaidas, 9",Málaga,Málaga,29004,951298446
406,29700047,I.E.S. MARTÍN DE ALDEHUELA (29700047),"C/ Llobregat, s/n. Ciudad Jardín",Málaga,Málaga,29014,951297964
407,29700060,I.E.S. MAYORAZGO (29700060),"C/ Las Espuelas, 12",Málaga,Málaga,29016,951298672
408,29700746,I.E.S. MEDITERRÁNEO (29700746),"C/ Idumea, s/n",Málaga,Málaga,29018,951298937
409,29012106,I.E.S. MIGUEL ROMERO ESTEO (29012106),"C/ Agustín Martín Carrión, s/n",Málaga,Málaga,29006,951298668
410,29700102,I.E.S. MIRAFLORES DE LOS ÁNGELES (29700102),"Avda. Arroyo de los Ángeles, 138",Málaga,Málaga,29011,951298390
411,29005928,I.E.S. NUESTRA SEÑORA DE LA VICTORIA (29005928),"Paseo Martiricos, 11",Málaga,Málaga,29009,951298502
412,29700242,I.E.S. NÚM. 1. UNIVERSIDAD LABORAL (29700242),"C/ Julio Verne, 6.",Málaga,Málaga,29080,951298580
413,29009272,I.E.S. PABLO PICASSO (29009272),"C/ Camino de los Castillejos, 8",Málaga,Málaga,29010,951298666
414,29005989,I.E.S. POLITÉCNICO JESÚS MARÍN (29005989),"C/ Politécnico, 1",Málaga,Málaga,29007,951297914
415,29700412,I.E.S. PORTADA ALTA (29700412),"C/ Portada Alta, s/n",Málaga,Málaga,29007,951297929
416,29010365,I.E.S. PROFESOR ISIDORO SÁNCHEZ (29010365),"C/ Cámara, nº 3",Málaga,Málaga,29003,951293909
417,29700400,I.E.S. PUERTO DE LA TORRE (29700400),"C/ Cristo de los Milagros, 25",Málaga,Málaga,29190,951297923
418,29701258,I.E.S. RAFAEL PÉREZ ESTRADA (29701258),"C/ Alozaina, 39",Málaga,Málaga,29006,951297900
419,29701052,I.E.S. SAGRADO CORAZÓN (29701052),"C/ Cardenal Herrera Oria, 28",Málaga,Málaga,29007,951297947
420,29009934,I.E.S. SALVADOR RUEDA (29009934),"C/ Corregidor Antonio de Bobadilla,",Málaga,Málaga,29006,951298588
421,29700333,I.E.S. SANTA BÁRBARA (29700333),"Avda. de Europa, 128",Málaga,Málaga,29004,951298434
422,29005965,I.E.S. SIERRA BERMEJA (29005965),"Avda. Ramón y Cajal, 113",Málaga,Málaga,29014,951297990
423,29016264,I.E.S. TEATINOS (29016264),"C/ Giordano Bruno, s/n",Málaga,Málaga,29010,951040450
424,29701064,I.E.S. TORRE ATALAYA (29701064),"Avda. Navarro Ledesma, 170",Málaga,Málaga,29010,600140763
425,29005953,I.E.S. VICENTE ESPINEL (29005953),"C/ Gaona, s/n",Málaga,Málaga,29012,951297909
426,29701301,I.P.E.P. MÁLAGA (29701301),Paseo Paseo Marítimo Antonio Macha,Málaga,Málaga,29002,951293640
427,29500460,S.E.P. AL-ÁNDALUS (29500460),"C/ Gustavo García Herrera, s/n",Málaga,Málaga,29007,951293884
428,29500472,S.E.P. ASPERONES (29500472),"Ctra. Colonia de Santa Inés, s/n",Málaga,Málaga,29010,671565664
429,29500496,S.E.P. CAMPANILLAS (29500496),"C/ Ruiz y Maiquez, 4. Campanillas",Málaga,Málaga,29590,951293517
430,29500538,S.E.P. CIUDAD JARDÍN (29500538),"C/ Borde Alegre, 12",Málaga,Málaga,29014,951293892
431,29500344,S.E.P. CRUZ DE HUMILLADERO (29500344),C/ Calle Fernández Fermina 25,Málaga,Málaga,29006,951293864
432,29500356,S.E.P. EL PALO (29500356),"Ctra. de Olías, 48",Málaga,Málaga,29018,671597394
433,29500484,S.E.P. LOS PRADOS (29500484),"C/ Joseíto de Málaga, s/n",Málaga,Málaga,29006,951293995
434,29500459,S.E.P. MIRAFLORES (29500459),"Avda. Miraflores, s/n",Málaga,Málaga,29011,952288361
435,29500435,S.E.P. NUEVA MÁLAGA (29500435),"Tvsía. de Gamarra, 3",Málaga,Málaga,29010,951293878
436,29500411,S.E.P. PUERTO DE LA TORRE (29500411),"C/ Víctor Hugo, s/n",Málaga,Málaga,29190,951293609
437,29500381,S.E.P. SAN ANDRÉS (29500381),"C/ Camaras, s/n",Málaga,Málaga,29003,951293872
438,29500447,S.E.P. TRINIDAD (29500447),"Plaza Zumaya, 1",Málaga,Málaga,29009,951293629
439,29006271,C.E.I.P. MAICANDIL (29006271),"Avda. de la Paz, s/n",Manilva,Málaga,29692,951270745
440,29006581,C.E.I.P. PABLO PICASSO (29006581),"C/ Ocaña, 12",Manilva,Málaga,29691,951270914
441,29006601,C.E.I.P. SAN LUIS DE SABINILLAS (29006601),"C/ Duquesa de Arcos, s/n",Manilva,Málaga,29692,951270917
442,29005254,E.M.M. JOSÉ CSTILLO COLLADO (29005254),"C/ Doctor Álvarez Leyva, s/n",Manilva,Málaga,29691,647543855
443,29700722,I.E.S. LAS VIÑAS (29700722),"Ctra. del Peñoncillo, s/n",Manilva,Málaga,29692,951270714
444,29500617,S.E.P. ANA ANDRADES (29500617),"C/ Duquesa, 25",Manilva,Málaga,29691,619321767
445,29601550,C.E.I.P. ANTONIO MACHADO (29601550),"Plaza de la Concordia, 1",Marbella,Málaga,29600,951270547
446,29601719,C.E.I.P. FEDERICO GARCÍA LORCA (29601719),"C/ San Antonio, 26.",Marbella,Málaga,29600,951270516
447,29006714,C.E.I.P. HERMANOS GIL MUÑIZ (29006714),"C/ San Francisco, 4. Bda. Leganitos",Marbella,Málaga,29600,951270950
448,29011187,C.E.I.P. JUAN RAMÓN JIMÉNEZ (29011187),"Avda. Cánovas del Castillo, s/n",Marbella,Málaga,29600,951270947
449,29011801,C.E.I.P. LAS ALBARIZAS (29011801),"Avda. Las Albarizas, s/n",Marbella,Málaga,29600,951270514
450,29006842,C.E.I.P. LOS OLIVOS (29006842),Avda. Mayorazgo 18-20,Marbella,Málaga,29600,951270957
451,29017268,C.E.I.P. MARIO VARGAS LLOSA (29017268),"C/ Trapiche, s/n. Urb. La Florida",Marbella,Málaga,29602,951270747
452,29010171,C.E.I.P. MIGUEL DE CERVANTES (29010171),"C/ Fray Agustín de San Pascual, s/n",Marbella,Málaga,29600,951270900
453,29006684,C.E.I.P. NTRA. SRA. DEL CARMEN (29006684),C/ Escuelas 6. Barrio del Castillo,Marbella,Málaga,29600,951270920
454,29006775,C.E.I.P. RAFAEL FERNÁNDEZ-MAYORALAS (29006775),"C/ Fray Agustín de San Pascual, 8",Marbella,Málaga,29600,951270955
455,29006696,C.E.I.P. SANTA TERESA (29006696),"C/ Magallanes, 4",Marbella,Málaga,29600,951270944
456,29010304,C.E.I.P. VALDEOLLETAS (29010304),"C/ Maestro Enrique Gómez, s/n",Marbella,Málaga,29600,951270984
457,29009511,C.E.I.P. VICENTE ALEIXANDRE (29009511),"C/ San Antonio, s/n. Bda. Santa Mar",Marbella,Málaga,29600,951270539
458,29007810,C.E.I.P. XARBLANCA (29007810),"C/ La Pimienta, s/n. Urb. Xarblanca",Marbella,Málaga,29600,951270628
459,29500551,C.E.PER. FERNANDO ALCALÁ MARÍN (29500551),"C/ Juanar, Edificio España, Barriad",Marbella,Málaga,29601,670947474
460,29006659,C.E.PR. PLATERO (29006659),"C/ Joaquín Rodrigo, s/n. Urb. Elvir",Marbella,Málaga,29604,951270527
461,29004641,E.I. PINOLIVO (29004641),"C/ La Hacienda, s/n . Urb. El Oliva",Marbella,Málaga,29604,951270615
462,29019708,E.M.M.D. MARBELLA (29019708),"Parque de la Constitución, s/n",Marbella,Málaga,29601,952938808
463,29700564,E.O.I. PUERTA DE LA MAR (29700564),"C/ Alfredo Palma, 32 - bajo. Edific",Marbella,Málaga,29603,951270563
464,29000335,I.E.S. BAHÍA DE MARBELLA (29000335),"C/ Calvario, 5",Marbella,Málaga,29600,951270925
465,29017785,I.E.S. CILNIANA (29017785),C/ SIN DETERMINAR,Marbella,Málaga,null,690879614
466,29007299,I.E.S. DUNAS DE LAS CHAPAS (29007299),"C/ La Hacienda, s/n. Urb. Hacienda",Marbella,Málaga,29604,951270624
467,29006830,I.E.S. GUADALPÍN (29006830),Blvar. Principe Alfonso de Hohenloh,Marbella,Málaga,29602,951270906
468,29701325,I.E.S. PROFESOR PABLO DEL SAZ (29701325),"C/ Calvario, 30",Marbella,Málaga,29600,951270505
469,29700126,I.E.S. RÍO VERDE (29700126),"C/ Notario Luis Oliver,18",Marbella,Málaga,29600,951270557
470,29006854,I.E.S. SIERRA BLANCA (29006854),"Avda. Doctor Maiz Viñals, 24",Marbella,Málaga,29600,952828384
471,29700758,I.E.S. VICTORIA KENT (29700758),"C/ Alfredo Palma, s/n",Marbella,Málaga,29600,951270613
472,29010742,C.E.I.P. LAS MARAVILLAS (29010742),"C/ San Miguel, s/n",Maro,Málaga,29787,951289638
473,29006970,C.E.I.P. EL OLMO (29006970),"C/ Cártama, s/n",Mijas,Málaga,29649,951268513
474,29005931,C.E.I.P. JARDÍN BOTÁNICO (29005931),"C/ Abelia, 3. Urb. Jardín Botánico",Mijas,Málaga,29649,951268555
475,29007019,C.E.I.P. SAN SEBASTIÁN (29007019),"Avda. Méjico, s/n",Mijas,Málaga,29650,951269803
476,29602244,C.E.PR. EL CHAPARRAL (29602244),"Urb. El Limonar, s/n",Mijas,Málaga,29649,951268648
477,29002721,E.I. LOS CLAVELES (29002721),"Urb. Los Claveles, 3",Mijas,Málaga,29649,951269536
478,29701431,I.E.S. LA CALA DE MIJAS (29701431),"C/ Llano de la Cala, s/n",Mijas,Málaga,29649,951269538
479,29700023,I.E.S. SIERRA DE MIJAS (29700023),"C/ Río las Pasadas, 1",Mijas,Málaga,29649,951269860
480,29004109,I.E.S. TORRE ALMENARA (29004109),"Urb. El Limonar, s/n",Mijas,Málaga,29649,951269986
481,29701121,I.E.S. VILLA DE MIJAS (29701121),"C/ Cantillar, 15",Mijas,Málaga,29650,600141360
482,29602505,C.P.R. SALVADOR RUEDA (29602505),"C/ San Bartolomé, 17",Moclinejo,Málaga,29738,951293549
483,29007093,C.E.I.P. GERARDO FERNÁNDEZ (29007093),"C/ Santillán, 7",Mollina,Málaga,29532,952712671
484,29701131,I.E.S. LAS VIÑAS (29701131),"Avda. de América, 36",Mollina,Málaga,29532,671569402
485,29500861,S.E.P. SANTILLÁN (29500861),"Avda. América, 36",Mollina,Málaga,29532,null
486,29007111,C.E.I.P. REMEDIOS ROJO (29007111),"Bda. del Castillo, s/n",Monda,Málaga,29110,951268561
487,29501041,S.E.P. MONDA (29501041),"C/ Teniente Rojo, s/n",Monda,Málaga,29110,951268551
488,29602530,C.E.I.P. ALDEA DE MONDRÓN (29602530),"Plaza de la Iglesia, 7",Mondrón,Málaga,29710,951289726
489,29007688,C.E.I.P. JOAQUÍN PEINADO (29007688),Ctra. Ronda 30 y Nacimiento s/n,Montecorto,Málaga,29430,952169523
490,29007135,C.E.I.P. VIRGEN DE LA CONCEPCIÓN (29007135),"Avda. Andalucía, s/n",Montejaque,Málaga,29360,952169554
491,29501014,S.E.P. MONTEJAQUE (29501014),"Ctra. Ronda, s/n",Montejaque,Málaga,29360,167196
492,29009961,C.E.I.P. FUENTE DEL BADÉN (29009961),"Bda. de los Poetas, s/n",Nerja,Málaga,29780,671598532
493,29007184,C.E.I.P. MAESTRO JOAQUÍN HERRERA ÁLVAREZ (29007184),"C/ Antonio Ferrándiz ""Chanquete"", 8",Nerja,Málaga,29780,951289657
494,29011643,C.E.I.P. NARIXA (29011643),"Avda. Pescia, s/n",Nerja,Málaga,29780,951289614
495,29010961,C.E.I.P. NUEVA NERJA (29010961),"C/ San Antonio, 2",Nerja,Málaga,29780,951289644
496,29007238,C.E.I.P. SAN MIGUEL (29007238),"Avda. Castilla Pérez, s/n",Nerja,Málaga,29780,951289563
497,29710016,E.M.M.D. (29710016),"C/ Hernando de Carabeo, 80",Nerja,Málaga,29780,952548410
498,29007241,I.E.S. EL CHAPARIL (29007241),C/ Antonio Ferrandis (Chanquete),Nerja,Málaga,29780,951289628
499,29007214,I.E.S. SIERRA ALMIJARA (29007214),"Avda. de Pescia, s/n",Nerja,Málaga,29780,951289600
500,29500071,S.E.P. BALCÓN DE EUROPA (29500071),"C/ Diputación, 2",Nerja,Málaga,29780,520190
501,29006866,C.E.I.P. JOSÉ BANÚS (29006866),"C/ Gustavo Adolfo Bécquer, 34-40",Nueva-Andalucía,Málaga,29660,951270530
502,29004158,I.E.S. NUEVA ANDALUCÍA (29004158),"C/ Quevedo, s/n",Nueva-Andalucía,Málaga,29660,951270571
503,29007263,C.E.I.P. LOS LLANOS (29007263),"C/ Los Llanos, s/n",Ojén,Málaga,29610,951270961
504,29500563,S.E.P. PINSAPAR (29500563),"C/ Charcas, s/n",Ojén,Málaga,29610,951270520
505,29601963,C.P.R. ALTO GENAL (29601963),"C/ Calvario, s/n",Parauta,Málaga,29451,952169910
506,29000396,E.I. ZAPATA (29000396),"C/ de las Cintas, s/n",Peñón-Zapata-Molina,Málaga,29130,951298329
507,29007354,C.E.I.P. SAN ISIDRO (29007354),"Cmo. de la Estación, 1",Periana,Málaga,29710,951289926
508,29700761,I.E.S. ALTA AXARQUÍA (29700761),"C/ Alta Axarquía, 1",Periana,Málaga,29710,951289910
509,29500137,S.E.P. JOSÉ ALARCÓN (29500137),"C/ Pablo Picasso, 14",Periana,Málaga,29710,951289613
510,29601586,C.E.I.P. GUADALHORCE (29601586),"Psje. de Jerez, s/n",Pizarra,Málaga,29560,951268570
511,29007421,C.E.I.P. NTRA. SRA. DE FUENSANTA (29007421),"C/ Independencia, s/n",Pizarra,Málaga,29560,951269806
512,29701261,I.E.S. FUENTE LUNA (29701261),"C/ Ronda El Olivar, s/n",Pizarra,Málaga,29560,951269883
513,29500745,S.E.P. PIZARRA (29500745),"C/ La Peseta, 1",Pizarra,Málaga,29060,951268619
514,29006258,C.E.I.P. CARMEN MARTÍN GAITE (29006258),"C/ Ángeles Navas Atencia, 12",Rincón de la Victoria,Málaga,29730,951293604
515,29602271,C.E.I.P. MANUEL LAZA PALACIO (29602271),"C/ Escuela, s/n",Rincón de la Victoria,Málaga,29730,951298731
516,29007585,C.E.I.P. PROFESOR TIERNO GALVÁN (29007585),"C/ Malvaloca, s/n",Rincón de la Victoria,Málaga,29730,951298662
517,29002599,E.M.M.D. (29002599),"C/ Malvaloca, s/n. Urb. Gran Sol.",Rincón de la Victoria,Málaga,29730,629518139
518,29700059,I.E.S. BEZMILIANA (29700059),"Urb. Gran Sol, s/n",Rincón de la Victoria,Málaga,29730,951293832
519,29500010,S.E.P. PACO ALONSO (29500010),Psje. de Antequera s/n. Edificio Ja,Rincón de la Victoria,Málaga,29730,951293860
520,29007639,C.E.I.P. NTRA. SRA. DE GRACIA (29007639),"C/ de la Universidad, s/n",Riogordo,Málaga,29180,952712977
521,29500125,S.E.P. RÍO DE LA CUEVA (29500125),"C/ Pablo Picasso, 12",Riogordo,Málaga,29180,952732508
522,29602062,C.E.I.P. HERMANOS AGUILERA (29602062),"Ctra. Ronda- Setenil, s/n. Bda. Lo",Ronda,Málaga,29400,952169542
523,29007718,C.E.I.P. JUAN CARRILLO (29007718),"Avda. de Andalucía, 24",Ronda,Málaga,29400,952169924
524,29602268,C.E.I.P. JUAN MARTÍN PINZÓN (29602268),"C/ Tolox, 4",Ronda,Málaga,29400,952169532
525,29007706,C.E.I.P. MIGUEL DE CERVANTES (29007706),"Avda. de Málaga, 55",Ronda,Málaga,29400,952169922
526,29007809,C.E.I.P. NTRA. SRA. DE LA PAZ (29007809),"C/ Lauria, 24",Ronda,Málaga,29400,952169500
527,29007780,C.E.I.P. NTRO. PADRE JESÚS (29007780),"C/ María Cabrera, 48",Ronda,Málaga,29400,952169927
528,29007755,C.E.I.P. VICENTE ESPINEL (29007755),"C/ Granada, 47",Ronda,Málaga,29400,952169539
529,29602074,C.E.I.P. VIRGEN DE LA CABEZA (29602074),"C/ Villamartín, 19",Ronda,Málaga,29400,952169940
530,29500320,C.E.PER. CONSTITUCIÓN ESPAÑOLA (29500320),"C/ Lauria, 39",Ronda,Málaga,29400,952169506
531,29700539,C.P.M. RAMÓN CORRALES (29700539),"Plaza María Auxiliadora, s/n",Ronda,Málaga,29400,952169536
532,29000220,E.M.M.D. RONDA (29000220),"C/ Fatima, 26",Ronda,Málaga,29400,635013774
533,29700667,E.O.I. RONDA (29700667),"Plaza San Antonio, s/n. Bda. D. Váz",Ronda,Málaga,29400,671536270
534,29700230,I.E.S. DR. RODRÍGUEZ DELGADO (29700230),"C/ Dolores Ibarruri, 2",Ronda,Málaga,29400,952169900
535,29007962,I.E.S. MARTÍN RIVERO (29007962),"C/ Fernando de los Ríos, 1",Ronda,Málaga,29400,952169907
536,29007998,I.E.S. PÉREZ DE GUZMÁN (29007998),"C/ Dolores Ibarruri, 3",Ronda,Málaga,29400,697954302
537,29700035,I.E.S. PROFESOR GONZALO HUESA (29700035),"C/ San Vicente de Paul, s/n",Ronda,Málaga,29400,671538612
538,29010195,C.E.I.P. AL-ÁNDALUS (29010195),"C/ Vega del Mar, s/n. Bda. El Arqui",San Pedro de Alcántara,Málaga,29670,951270976
539,29602256,C.E.I.P. FUENTE NUEVA (29602256),"C/ Amor, 2",San Pedro de Alcántara,Málaga,29670,951270903
540,29007901,C.E.I.P. MARÍA TERESA LEÓN (29007901),"C/ Camino La Caseta, s/n",San Pedro de Alcántara,Málaga,29600,951270751
541,29009533,C.E.I.P. MIGUEL HERNÁNDEZ (29009533),"Avda. Jorge Guillén, s/n. Bda. Arqu",San Pedro de Alcántara,Málaga,29670,951270551
542,29006908,C.E.I.P. SAN PEDRO DE ALCÁNTARA (29006908),"C/ Caravaca, 1-B",San Pedro de Alcántara,Málaga,29670,951270533
543,29700771,I.E.S. GUADAIZA (29700771),"C/ Juan Illesca, s/n. Urb. Fuente N",San Pedro de Alcántara,Málaga,29670,951270716
544,29011540,I.E.S. SALDUBA (29011540),"Finca El Arquillo, s/n",San Pedro de Alcántara,Málaga,29670,951270705
545,29010444,I.E.S. VEGA DE MAR (29010444),"Finca La Granja, s/n. Zona Deportiv",San Pedro de Alcántara,Málaga,29670,951270509
546,29500575,S.E.P. ROSA VERDE(SAN PEDRO DE ALCÁNTARA-BENAHAVÍS) (29500575),"Plaza de la Libertad, Bloque 3",San Pedro de Alcántara,Málaga,29600,951270522
547,29017013,S.E.S.O. (ZONA AZUCARERA) (29017013),C/ SIN DETERMINAR,San Pedro de Alcántara,Málaga,null,686356947
548,29602451,C.P.R. ALMIJARA (29602451),"C/ Nueva, 6",Sayalonga,Málaga,29752,951289581
549,29010614,C.E.I.P. LOS ALMENDROS (29010614),"Urb. Sotocolorado, s/n",Secadero,Málaga,29692,951270606
550,29008048,C.E.I.P. BLAS INFANTE (29008048),"C/ Caminillo, s/n",Serrato,Málaga,29471,952169540
551,29008139,C.E.I.P. SANTÍSIMA TRINIDAD (29008139),"C/ Federico García Lorca, s/n",Sierra de Yeguas,Málaga,29328,952712566
552,29701143,I.E.S. SIERRA DE YEGUAS (29701143),"C/ García Lorca, s/n",Sierra de Yeguas,Málaga,29328,952712586
553,29500851,S.E.P. GARCÍA LORCA (29500851),"C/ Hospital, 1",Sierra de Yeguas,Málaga,29328,952712660
554,29008152,C.E.I.P. NTRA. SRA. DEL ROSARIO (29008152),"C/ Pimienta, s/n",Teba,Málaga,29327,952712667
555,29701337,I.E.S. ITABA (29701337),"C/ Extramuros, s/n",Teba,Málaga,29327,952712745
556,29500848,S.E.P. ANTONIO MACHADO (29500848),"C/ Nueva, 5",Teba,Málaga,29327,null
557,29008188,C.E.I.P. SAN ROQUE (29008188),"C/ Nueva, s/n",Tolox,Málaga,29109,951268579
558,29500691,S.E.P. TOLOX (29500691),"C/ Nueva, s/n",Tolox,Málaga,29109,951238583
559,29009417,C.E.I.P. JOSEFINA ALDECOA (29009417),"C/ Putt, s/n. Urb. Añoreta Golf",Torre de Benagalbón,Málaga,29738,951294372
560,29016963,C.E.I.P. LOS JARALES (29016963),"C/ Torrox, 2",Torre de Benagalbón,Málaga,29738,671599194
561,29017839,I.E.S. MARGARITA SALAS (29017839),"C/ Mediodía, 4",Torre de Benagalbón,Málaga,29738,647551187
562,29009570,C.E.I.P. ANTONIO CHECA MARTÍNEZ (29009570),"C/ Rodrigo de Vivar, 35",Torre del Mar,Málaga,29740,951289575
563,29008474,C.E.I.P. BLAS INFANTE (29008474),"C/ Miguel de Cervantes, 8",Torre del Mar,Málaga,29740,951289645
564,29008462,C.E.I.P. CUSTODIO PUGA (29008462),"C/ Maestro Genaro Rincón, s/n",Torre del Mar,Málaga,29740,951289508
565,29009387,C.E.I.P. VICENTE ALEIXANDRE (29009387),"Plaza Rodríguez Acosta, 2",Torre del Mar,Málaga,29740,951289964
566,29700540,C.E.M. JOSÉ HIDALGO (29700540),"C/ Antigua Casa Larios, s/n",Torre del Mar,Málaga,29740,951289603
567,29008012,I.E.S. JOAQUÍN LOBATO (29008012),"C/ Gerald Brenan, 2",Torre del Mar,Málaga,29740,951289831
568,29011552,I.E.S. MARÍA ZAMBRANO (29011552),"C/ Cipriano Maldonado Jiménez, s/n",Torre del Mar,Málaga,29740,951289559
569,29700345,I.E.S. MIRAYA DEL MAR (29700345),Urb. Jardines del Rocío,Torre del Mar,Málaga,29740,951289990
570,29006374,C.E.I.P. ALBAIDA (29006374),"C/ Chiriva, 23",Torremolinos,Málaga,29620,951293638
571,29006349,C.E.I.P. ATENEA (29006349),"C/ Ava Gadner, 19",Torremolinos,Málaga,29620,951293800
572,29601707,C.E.I.P. BENYAMINA (29601707),"Ronda Alta de Benyamina, 58",Torremolinos,Málaga,29620,951297920
573,29006428,C.E.I.P. CIUDAD PALMA DE MALLORCA (29006428),"C/ Periodista Federico Alba, 23",Torremolinos,Málaga,29620,951298590
574,29006386,C.E.I.P. LA PAZ (29006386),"C/ Horacio Lengo, 8",Torremolinos,Málaga,29620,951293644
575,29602608,C.E.I.P. MAESTRA VIRGINIA GAITÁN (29602608),"C/ Francisco de Jorge Gallardo, 1-3",Torremolinos,Málaga,29620,951298720
576,29008243,C.E.I.P. MAR ARGENTEA (29008243),"C/ Villa del Río, 1",Torremolinos,Málaga,29620,951293597
577,29601896,C.E.I.P. SAN MIGUEL (29601896),"C/ Loma del Colegial, 11",Torremolinos,Málaga,29620,951298713
578,29001856,E.M.M. (29001856),"C/ Horacio Lengo, s/n",Torremolinos,Málaga,29620,952379548
579,29008061,I.E.S. CONCHA MÉNDEZ CUESTA (29008061),"C/ Giordano Bruno, s/n",Torremolinos,Málaga,29620,951293569
580,29700916,I.E.S. COSTA DEL SOL (29700916),"C/ Periodista Federico Alba, 13",Torremolinos,Málaga,29620,951297995
581,29006568,I.E.S. LOS MANANTIALES (29006568),"C/ Periodista Federico Alba, 21",Torremolinos,Málaga,29620,952387159
582,29701349,I.E.S. PLAYAMAR (29701349),Ronda Alta Benyamina,Torremolinos,Málaga,29620,951293898
583,29500514,S.E.P. TORREMOLINOS (29500514),"C/ Rafael Quintana, 28",Torremolinos,Málaga,29620,613476109
584,29008221,C.E.I.P. COLINA DEL SOL (29008221),"C/ Colina del Sol, s/n",Torrox,Málaga,29770,951289512
585,29010778,C.E.I.P. MARE NOSTRUM (29010778),"Avda. Isaac Albéniz, s/n",Torrox,Málaga,29770,951289520
586,29701155,I.E.S. ALFAGUAR (29701155),"Urb. Santa Rosa, s/n",Torrox,Málaga,29793,951289900
587,29009958,I.E.S. JORGE GUILLÉN (29009958),"C/ Isaac Albéniz, s/n",Torrox,Málaga,29770,951289513
588,29500061,S.E.P. LAS MORERAS (29500061),"C/ Río de la Plata, 8",Torrox,Málaga,29793,951289651
589,29008231,C.E.I.P. EL FARO (29008231),C/ Urb. Torrox Park Tablazo Norte,Torrox-Costa,Málaga,29790,671591492
590,29008309,C.E.I.P. EL MORCHE (29008309),"C/ Copo, 2",Torrox-Costa,Málaga,29793,951289652
591,29602463,C.E.I.P. LOS LLANOS (29602463),"Urb. Santa Rosa, s/n",Torrox-Costa,Málaga,29793,951289582
592,29008310,C.E.I.P. VIRGEN DEL ROSARIO (29008310),"Avda. Andalucía, 16",Totalán,Málaga,29197,951293650
593,29008504,C.E.I.P. JUAN PORRAS (29008504),"Ctra. Benamargosa, s/n",Triana,Málaga,29718,951289659
594,29008322,C.E.I.P. NESCANIA (29008322),"C/ Viento, s/n",Valle de Abdalajís,Málaga,29240,951268550
595,29500642,S.E.P. CRISTO DE LA SIERRA (29500642),"C/ Málaga, 10",Valle de Abdalajís,Málaga,29240,951268659
596,29010316,C.E.I.P. ANDALUCÍA (29010316),"C/ Alcalde Manuel Reyna, s/n",Vélez-Málaga,Málaga,29700,951289969
597,29008589,C.E.I.P. AUGUSTO SANTIAGO BELLIDO (29008589),"C/ Reñidero, 9",Vélez-Málaga,Málaga,29700,951289942
598,29009600,C.E.I.P. EL ROMERAL (29009600),"C/ Parque del Romeral, 19",Vélez-Málaga,Málaga,29700,951289967
599,29008590,C.E.I.P. JOSÉ LUIS VILLAR PALASÍ (29008590),"C/ Doctor Laureano Casquero, s/n",Vélez-Málaga,Málaga,29700,951289946
600,29601902,C.E.I.P. JUAN HERRERA ALCAUSA (29601902),"C/ Clavel, s/n",Vélez-Málaga,Málaga,29700,951289977
601,29011941,C.E.I.P. LA AXARQUÍA (29011941),"C/ Camino de Málaga, s/n",Vélez-Málaga,Málaga,29700,951289974
602,29011655,C.E.I.P. LA GLORIA (29011655),"C/ La Gloria, s/n",Vélez-Málaga,Málaga,29700,951289972
603,29016240,C.E.I.P. LAS NACIONES (29016240),"C/ Alfarero, 1",Vélez-Málaga,Málaga,29700,951289826
604,29008577,C.E.I.P. NTRA. SRA. DE LOS REMEDIOS (29008577),"C/ Fernando Vivar, s/n. Bda. Ntra.",Vélez-Málaga,Málaga,29700,951289939
605,29500095,C.E.PER. MARÍA ZAMBRANO (29500095),"C/ Paseo Nuevo, 14",Vélez-Málaga,Málaga,29700,951289609
606,29601987,C.P.R. TORREJARAL (29601987),"Urb. Valle-Niza, 2",Vélez-Málaga,Málaga,29791,951289557
607,29000177,E.M.M.D. (29000177),"C/ Antigua Vía, s/n",Vélez-Málaga,Málaga,29700,644813222
608,29700679,E.O.I. AXARQUÍA (29700679),"C/ San Francisco, s/n. Casa Cervant",Vélez-Málaga,Málaga,29700,952506027
609,29700424,I.E.S. ALMENARA (29700424),"C/ Francisco Labao Gámez, 1",Vélez-Málaga,Málaga,29700,951289999
610,29008681,I.E.S. JUAN DE LA CIERVA (29008681),"C/ Doctor Fernando Vivar, 2",Vélez-Málaga,Málaga,29700,951289959
611,29008671,I.E.S. REYES CATÓLICOS (29008671),"Avda. Vivar Téllez, s/n",Vélez-Málaga,Málaga,29700,951289948
612,29701295,I.E.S. SALVADOR RUEDA (29701295),"C/ Hermanos López Campos, 14",Vélez-Málaga,Málaga,29700,951289500
613,29000517,C.E.I.P. CARMEN ARÉVALO (29000517),"C/ Las Flores, 7",Villafranco del Guadalhorce,Málaga,29570,951269510
614,29008841,C.E.I.P. MIGUEL BERROCAL (29008841),"C/ de San Francisco, 2",Villanueva de Algaidas,Málaga,29310,952712569
615,29017475,E.M.M. LA FLAUTA MÁGICA (29017475),"C/ San Francisco, 2",Villanueva de Algaidas,Málaga,29310,655886434
616,29701167,I.E.S. DOÑA SALVADORA MUÑOZ (29701167),"Cmo. del Albaicín, 1",Villanueva de Algaidas,Málaga,29310,952712590
617,29500903,S.E.P. BERROCAL (29500903),"C/ San Francisco, 2 (C.P. Miguel Be",Villanueva de Algaidas,Málaga,29310,646855434
618,29001297,C.E.I.P. CIUDAD DE OSCUA (29001297),"C/ Príncipe Felipe, nº 1",Villanueva de la Concepción,Málaga,29230,952712514
619,29701179,I.E.S. MANUEL ROMERO (29701179),"C/ Ciprés, s/n",Villanueva de la Concepción,Málaga,29230,952712809
620,29500782,S.E.P. VILLANUEVA DE LA CONCEPCIÓN (29500782),"C/ Pablo VI, 6",Villanueva de la Concepción,Málaga,29230,null
621,29008942,C.E.I.P. RAFAEL ALBERTI (29008942),"C/ Cervantes, 4",Villanueva de Tapia,Málaga,29315,952712574
622,29500915,S.E.P. EL ENTREDICHO (29500915),Parque De la Virgen. Edif. José Cha,Villanueva de Tapia,Málaga,29315,952712663
623,29008887,C.E.I.P. VELASCO Y MERINO (29008887),"Avda. Blas Infante, s/n",Villanueva del Rosario,Málaga,29312,952712571
624,29002241,E.M.M. (29002241),Plaza Nueva del Saucedo,Villanueva del Rosario,Málaga,29312,952742263
625,29701180,I.E.S. PINTOR JOSÉ HERNÁNDEZ (29701180),"C/ Cerrillo la Arena, s/n",Villanueva del Rosario,Málaga,29312,952712597
626,29500812,S.E.P. PABLO PICASSO (29500812),Plaza de la Iglesia,Villanueva del Rosario,Málaga,29312,677020158
627,29008905,C.E.I.P. LÓPEZ MAYOR (29008905),"Avda. de Málaga, s/n",Villanueva del Trabuco,Málaga,29313,952712535
628,29018078,E.M.M.D. PABLO RUIZ PICASSO (29018078),"Paseo San Antonio, 39",Villanueva del Trabuco,Málaga,29313,null
629,29701192,I.E.S. SIERRA DE SAN JORGE (29701192),"Urb. Las Suertes, s/n",Villanueva del Trabuco,Málaga,29313,952712604
630,29500824,S.E.P. GUADALHORCE (29500824),"Avda. de Málaga, s/n",Villanueva del Trabuco,Málaga,29313,null
631,29602037,C.P.R. ALCALDE JUAN GARCÍA (29602037),"C/ Castillo, 26",Viñuela,Málaga,29712,951289982
632,29500204,S.E.P. CLARA CAMPOAMOR (29500204),"C/ Vélez, 27",Viñuela,Málaga,29712,951289758
633,29008991,C.E.I.P. SIERRA DE LAS NIEVES (29008991),"C/ Ermita,14",Yunquera,Málaga,29410,951269550
634,29700931,I.E.S. ALFAGUARA (29700931),"C/ Alfaguara, 14",Yunquera,Málaga,29410,951268577
635,29500654,S.E.P. YUNQUERA (29500654),"C/ del Pozo, s/n",Yunquera,Málaga,29410,646236315
1,41000016,C.E.I.P. MAESTRO JOSÉ PÁEZ MORIANA (41000016),"C/ Santa Ana, s/n",Aguadulce,Sevilla,41550,954822535
2,41008647,E.M.M. ANTONIO FERMÍN MONTERO MONTAÑO (41008647),"C/ Juan Ramón Jiménez, 1",Aguadulce,Sevilla,41550,954816592
3,41501111,S.E.P. AGUADULCE (41501111),"Avda. de las Palmeras, s/n",Aguadulce,Sevilla,41550,954822698
4,41000028,C.E.I.P. ALANÍS (41000028),"C/ Granada, s/n",Alanís,Sevilla,41380,955889900
5,41500803,S.E.P. ALANÍS (41500803),"C/ Pedro Alonso, 1",Alanís,Sevilla,41380,955889517
6,41008891,C.E.I.P. SAN SEBASTIÁN (41008891),"C/ Virgen del Rocío, esquina C/ Jua",Albaida del Aljarafe,Sevilla,41809,955623335
7,41000031,C.E.I.P. SANTA TERESA (41000031),"C/ Soleá, s/n",Albaida del Aljarafe,Sevilla,41809,955622882
8,41000296,C.E.I.P. ALCALDE JOAQUÍN GARCÍA (41000296),"C/ Escultor Esteban Domínguez, s/n",Alcalá de Guadaíra,Sevilla,41500,955622736
9,41000181,C.E.I.P. ÁNGELES MARTÍN MATEO (41000181),"Bda. de la Liebre, s/n",Alcalá de Guadaíra,Sevilla,41500,955623285
10,41000156,C.E.I.P. ANTONIO MACHADO (41000156),"C/ Francisco Calatrava Jurado, 2",Alcalá de Guadaíra,Sevilla,41500,955622665
11,41018860,C.E.I.P. ANTONIO RODRÍGUEZ ALMODÓVAR (41018860),"C/ Ana María Matute, s/n",Alcalá de Guadaíra,Sevilla,41500,955035663
12,41602119,C.E.I.P. BLAS INFANTE (41602119),"Avda. Antonio Mairena, s/n",Alcalá de Guadaíra,Sevilla,41500,955622130
13,41000065,C.E.I.P. CERVANTES (41000065),"Plaza Doctor Fléming, s/n",Alcalá de Guadaíra,Sevilla,41500,955622348
14,41000077,C.E.I.P. CONCEPCIÓN VÁZQUEZ (41000077),"C/ Vascongadas, s/n",Alcalá de Guadaíra,Sevilla,41500,955622369
15,41009470,C.E.I.P. FEDERICO GARCÍA LORCA (41009470),"C/ Maestro José Casado, s/n",Alcalá de Guadaíra,Sevilla,41500,955622349
16,41000107,C.E.I.P. HERMELINDA NÚÑEZ (41000107),"C/ Daoiz, s/n",Alcalá de Guadaíra,Sevilla,41500,955622520
17,41000119,C.E.I.P. JOSÉ RAMÓN (41000119),"C/ Galeota, 11",Alcalá de Guadaíra,Sevilla,41500,955622521
18,41017132,C.E.I.P. LOS CERCADILLOS (41017132),"C/ Hogaza, s/n",Alcalá de Guadaíra,Sevilla,41500,955624746
19,41000120,C.E.I.P. MANUEL ALONSO (41000120),"C/ Blanca de los Ríos, 24",Alcalá de Guadaíra,Sevilla,41500,955622501
20,41017144,C.E.I.P. OROMANA (41017144),"C/ Cardenal Amigo Vallejo, 1",Alcalá de Guadaíra,Sevilla,41500,955512026
21,41000132,C.E.I.P. PEDRO GUTIÉRREZ (41000132),"Plaza de España, 1",Alcalá de Guadaíra,Sevilla,41500,671539376
22,41602260,C.E.I.P. POETA RAFAEL ALBERTI (41602260),"Ctra. Mairena, s/n. Bda. San Rafael",Alcalá de Guadaíra,Sevilla,41500,955623303
23,41011403,C.E.I.P. PUERTA DE ALCALÁ (41011403),"Avda. Escultora la Roldana, s/n",Alcalá de Guadaíra,Sevilla,41500,955624512
24,41000168,C.E.I.P. REINA FABIOLA (41000168),"C/ Arriero, s/n",Alcalá de Guadaíra,Sevilla,41500,955622685
25,41000171,C.E.I.P. SAN MATEO (41000171),"Plaza Madre de Dios, s/n. Bda. Pabl",Alcalá de Guadaíra,Sevilla,41500,955622690
26,41601841,C.E.I.P. SILOS (41601841),"C/ Alfredo Kraus, s/n",Alcalá de Guadaíra,Sevilla,41500,955622738
27,41700804,C.E.M. MANUEL GARCÍA MATOS (41700804),"C/ Orense, s/n",Alcalá de Guadaíra,Sevilla,41500,955623377
28,41500256,C.E.PER. DIAMANTINO GARCÍA ACOSTA (41500256),"Plaza del Guadalquivir, s/n. Apto.",Alcalá de Guadaíra,Sevilla,41500,671590830
29,41500232,C.E.PER. EL PEREJIL (41500232),Plaza El Perejil s/n,Alcalá de Guadaíra,Sevilla,41500,955656846
30,41700932,E.O.I. ALCALÁ DE GUADAÍRA (41700932),"C/ Cuesta de Santa María, 14",Alcalá de Guadaíra,Sevilla,41500,955622115
31,41700105,I.E.S. ALBERO (41700105),"Avda. Tren de los Panaderos, 13",Alcalá de Guadaíra,Sevilla,41500,955622292
32,41000284,I.E.S. AL-GUADAIRA (41000284),"Avda. 28 de Febrero, s/n",Alcalá de Guadaíra,Sevilla,41500,955622641
33,41000272,I.E.S. CRISTÓBAL DE MONROY (41000272),"Avda. de la Constitución, s/n",Alcalá de Guadaíra,Sevilla,41500,954100911
34,41701547,I.E.S. DOÑA LEONOR DE GUZMÁN (41701547),"Avda. de las Rosas, s/n",Alcalá de Guadaíra,Sevilla,41500,955623312
35,41021627,I.E.S. HIENIPA (41021627),"Avda. Salud Gutiérrez, s/n",Alcalá de Guadaíra,Sevilla,41500,620901928
36,41011014,I.E.S. PROFESOR TIERNO GALVÁN (41011014),"C/ Reyes Católicos, s/n",Alcalá de Guadaíra,Sevilla,41500,697952944
37,41007497,S.E.P. LA ILUSTRACIÓN (41007497),"Ctra. de las Canteras, s/n",Alcalá de Guadaíra,Sevilla,41500,954100500
38,41000338,C.E.I.P. MAESTRO RAFAEL BRAVO MARTÍN (41000338),"C/ Huertecilla, s/n",Alcalá del Río,Sevilla,41200,955622298
39,41009913,C.E.I.P. SAN GREGORIO OSSET (41009913),"C/ Guadalimar, s/n",Alcalá del Río,Sevilla,41200,955623401
40,41011002,I.E.S. ILIPA MAGNA (41011002),"Avda. de Andalucía, s/n",Alcalá del Río,Sevilla,41200,955623330
41,41500921,S.E.P. LA PAZ (41500921),"C/ Paloma, s/n",Alcalá del Río,Sevilla,41200,955651001
42,41000405,C.E.I.P. MIGUEL DE CERVANTES (41000405),"C/ Virgen del Consuelo, 26",Alcolea del Río,Sevilla,41449,955649736
43,41701808,I.E.S. LAS ACEÑAS (41701808),"C/ Madrid, 26",Alcolea del Río,Sevilla,41449,955649698
44,41500888,S.E.P. ALCOLEA DEL RÍO (41500888),"C/ Madrid, s/n",Alcolea del Río,Sevilla,41449,635699946
45,41000466,C.E.I.P. ANDALUCÍA FRANCISCO SORIA (41000466),"Avda. Las Palmeras, s/n.",Algámitas,Sevilla,41661,955859538
46,41500335,S.E.P. ALGÁMITAS (41500335),C/ El Paseo nº 1,Algámitas,Sevilla,41661,955859593
47,41000478,C.E.I.P. HUERTA DEL PILAR (41000478),"Plaza Huerta del Pilar, 2",Almadén de la Plata,Sevilla,41240,955739700
48,41008908,C.E.I.P. EL OLIVO (41008908),"C/ Antonio Fernández Ramos, 2",Almensilla,Sevilla,41111,955656601
49,41000481,C.E.I.P. JUAN MENDOZA MENDOZA (41000481),"C/ Albacora, s/n",Almensilla,Sevilla,41111,955622895
50,41008611,E.M.M. E.M.M.A. (41008611),"C/ Antonio Fernández Ramos, 2",Almensilla,Sevilla,41111,955767119
51,41017685,I.E.S. ALMENSILLA (41017685),"C/ Avenida de la Solidaridad, s/n",Almensilla,Sevilla,41111,954786288
52,41501170,S.E.P. PALOMARES DEL RÍO-ALMENSILLA (41501170),"C/ Azahar, s/n",Almensilla,Sevilla,41111,955763481
53,41000521,C.E.I.P. EL RUEDO (41000521),"Ctra. de Morón, s/n",Arahal,Sevilla,41600,955967860
54,41009925,C.E.I.P. MAESTRO JOSÉ RODRÍGUEZ ANICETO (41009925),"C/ Zurbarán, 2",Arahal,Sevilla,41600,955967508
55,41000570,C.E.I.P. MANUEL SÁNCHEZ ALONSO (41000570),"Bda. Fco. de Quevedo, s/n",Arahal,Sevilla,41600,955967522
56,41000511,C.E.I.P. SAN ROQUE (41000511),Plaza San Roque s/n y Avd.Lepanto,Arahal,Sevilla,41600,955967600
57,41500347,C.E.PER. EL ARACHE (41500347),"C/ Doctor Gamero, 139",Arahal,Sevilla,41600,955967619
58,41000429,E.M.M.D. CASA DEL AIRE (41000429),C/ Veracruz. 2,Arahal,Sevilla,41600,955842265
59,41000557,I.E.S. AL-ÁNDALUS (41000557),"C/ Dalia, s/n",Arahal,Sevilla,41600,955967943
60,41701559,I.E.S. EUROPA (41701559),"Avda. Santísima Trinidad, s/n",Arahal,Sevilla,41600,955967858
61,41000569,I.E.S. LA CAMPIÑA (41000569),Avda. de la Campiña,Arahal,Sevilla,41600,955967850
62,41000600,C.E.I.P. NUESTRO PADRE JESÚS (41000600),"C/ Rosal, 2",Aznalcázar,Sevilla,41849,955759521
63,41014684,E.M.M. LAS MARISMAS DE DOÑANA (41014684),"C/ Fuente, 8 (Casa Juventud)",Aznalcázar,Sevilla,41849,null
64,41701641,I.E.S. OLONTIGI (41701641),"C/ Santa María del Aljarafe, s/n",Aznalcázar,Sevilla,41849,671534650
65,41500220,S.E.P. CEPA (41500220),"C/ Sevilla, 45",Aznalcázar,Sevilla,41849,955751966
66,41601413,C.E.I.P. CRUZ BLANCA (41601413),"C/ Isaac Peral, s/n. Bda. Cruz Blan",Aznalcóllar,Sevilla,41870,955739900
67,41000612,C.E.I.P. LAS ERILLAS (41000612),"Avda. Andalucía, s/n",Aznalcóllar,Sevilla,41870,955739904
68,41602582,C.E.I.P. ZAWIYA (41602582),"C/ Zarza, 1",Aznalcóllar,Sevilla,41870,955739925
69,41702175,I.E.S. AZNALCÓLLAR (41702175),"C/ La Cruz, 92",Aznalcóllar,Sevilla,41870,955739965
70,41500104,S.E.P. AZNALCÓLLAR (41500104),"C/ Avda de Andalucía, s/n (edificio",Aznalcóllar,Sevilla,41870,680123143
71,41000624,C.E.I.P. SAN PLÁCIDO (41000624),"C/ N.R. San Plácido, s/n",Badolatosa,Sevilla,41570,954822901
72,41701316,I.E.S. VADUS LATUS (41701316),"Bda. San Plácido, s/n",Badolatosa,Sevilla,41570,954822864
73,41501108,S.E.P. BADOLATOSA (41501108),"C/ de Zulueta, s/n",Badolatosa,Sevilla,41570,954822612
74,41000648,C.E.I.P. NTRA. SRA. DE LAS NIEVES (41000648),"Avda. de Andalucía, 12",Benacazón,Sevilla,41805,955622117
75,41011440,C.E.I.P. TALHARA (41011440),"C/ San Sebastián, 14",Benacazón,Sevilla,41805,671534886
76,41701201,I.E.S. VIRGEN DEL ROSARIO (41701201),"Avda. de Sanlúcar la Mayor, s/n",Benacazón,Sevilla,41805,955656911
77,41501194,S.E.P. EL OLIVAR (41501194),"C/ San Pedro, 4. Ayuntamiento",Benacazón,Sevilla,41805,955622633
78,41011452,C.E.I.P. BEATRIZ GALINDO (41011452),"C/ Reyes Católicos, s/n",Bollullos de la Mitación,Sevilla,41110,955624284
79,41000651,C.E.I.P. PÍO XII (41000651),"C/ Lepanto, s/n",Bollullos de la Mitación,Sevilla,41110,671530266
80,41701730,I.E.S. ALMINAR (41701730),"C/ Tequila, 1",Bollullos de la Mitación,Sevilla,41110,955624524
81,41008283,C.E.I.P. CLARA CAMPOAMOR (41008283),"C/ Alcázar, s/n",Bormujos,Sevilla,41930,955623374
82,41008911,C.E.I.P. EL MANANTIAL (41008911),"C/ Estacada de la Iglesia, s/n",Bormujos,Sevilla,41930,955623407
83,41000661,C.E.I.P. PADRE MANJÓN (41000661),"C/ José Luis Caro, 6",Bormujos,Sevilla,41930,955622120
84,41015263,C.E.I.P. SANTO DOMINGO DE SILOS (41015263),"C/ Averroes, s/n",Bormujos,Sevilla,41930,955624299
85,41015743,E.M.M. (41015743),"C/ Clara Campoamor, s/n",Bormujos,Sevilla,41930,955725430
86,41011464,I.E.S. JUAN CIUDAD DUARTE (41011464),"C/ San Pedro, s/n",Bormujos,Sevilla,41930,955624377
87,41701821,I.E.S. LOS ÁLAMOS (41701821),"C/ Clara Campoamor, s/n",Bormujos,Sevilla,41930,955622355
88,41500190,S.E.P. BORMUJOS (41500190),"C/ Anibal González, 2",Bormujos,Sevilla,41930,955656642
89,41008489,C.E.I.P. MANUEL DE FALLA (41008489),"C/ Velázquez, s/n",Brenes,Sevilla,41310,955622712
90,41602508,"C.E.I.P. MIGUEL HERNÁNDEZ ""LA CIGÜEÑA"" (41602508)","Paseo de Córdoba, 26",Brenes,Sevilla,41310,955622669
91,41000673,C.E.I.P. VICENTE ALEIXANDRE (41000673),"C/ Santo Domingo Savio, s/n",Brenes,Sevilla,41310,955622872
92,41700853,I.E.S. JACARANDÁ (41700853),"C/ Diamantino García, s/n",Brenes,Sevilla,41310,955622585
93,41500955,S.E.P. LA CANDELARIA (41500955),"Avda. de Portugal, s/n - Centro Cív",Brenes,Sevilla,41310,955624904
94,41016000,C.E.I.P. ÁGORA (41016000),"Avda. Alfonso X El Sabio, s/n",Burguillos,Sevilla,41220,647753015
95,41000703,C.E.I.P. MANUEL MEDINA (41000703),"C/ Concepción de Osuna, s/n",Burguillos,Sevilla,41220,955739905
96,41700971,I.E.S. BURGUILLOS (41700971),"C/ Albahaca, s/n",Burguillos,Sevilla,41220,955739585
97,41500931,S.E.P. LA MADROÑA (41500931),"C/ Real , 2",Burguillos,Sevilla,41220,955739623
98,41009937,C.E.I.P. ANDALUCÍA (41009937),"C/ Joaquín Romero Murube, s/n",Camas,Sevilla,41900,955622281
99,41010061,C.E.I.P. EL CARAMBOLO (41010061),"C/ Almería, s/n",Camas,Sevilla,41900,955622160
100,41000776,C.E.I.P. JUAN RODRÍGUEZ BERROCAL (41000776),"C/ Curro Romero, 4",Camas,Sevilla,41900,955622171
101,41601668,C.E.I.P. LA COLINA (41601668),"C/ Julio César, s/n. Bda. Balcón de",Camas,Sevilla,41900,955623333
102,41000788,C.E.I.P. MAESTRO ARTURO GINER (41000788),"C/ Virgen de las Angustias, s/n",Camas,Sevilla,41900,955656881
103,41000818,C.E.I.P. RAIMUNDO LULIO (41000818),"C/ Geranio, s/n",Camas,Sevilla,41900,955927982
104,41000764,C.E.I.P. VIRGEN DE GUADALUPE (41000764),"Cmo. De Guía, 6",Camas,Sevilla,41900,955622147
105,41000806,C.E.I.P. VIRGEN DEL ROCÍO (41000806),"C/ San Juan de Aznalfarache, s/n",Camas,Sevilla,41900,955622149
106,41500049,C.E.PER. TARTÉSIDE (41500049),Plaza Plaza Nuestra Señora de los D,Camas,Sevilla,41900,955622286
107,41009573,I.E.S. CAMAS-ANTONIO BRISQUET (41009573),Avda. Alcalde Manuel Cabello s/n,Camas,Sevilla,41900,955622545
108,41000880,I.E.S. TARTESSOS (41000880),"Bda. Hiconsa, s/n",Camas,Sevilla,41900,955623193
109,41000961,C.E.I.P. LA ESPERANZA (41000961),"C/ Pintor López Cabrera, s/n. Bda.",Cantillana,Sevilla,41320,955739911
110,41000922,C.E.I.P. NTRA. SRA. DE LA SOLEDAD (41000922),"Plaza San Juan Bosco, s/n",Cantillana,Sevilla,41320,955739910
111,41701158,I.E.S. CANTILLANA (41701158),"Bda. Pintor López Cabrera, s/n",Cantillana,Sevilla,41320,600141429
112,41500967,S.E.P. CURRO JIMÉNEZ (41500967),"C/ San Francisco, 13",Cantillana,Sevilla,41320,955731281
113,41002529,C.E.I.P. ANDALUCÍA (41002529),"C/ Menéndez Pelayo, s/n",Cañada Rosal,Sevilla,41439,955879537
114,41702141,I.E.S. CAÑADA ROSAL (41702141),"C/ Conde de Aranda, s/n",Cañada Rosal,Sevilla,41439,955879500
115,41000995,C.E.I.P. CERVANTES (41000995),"Ronda León de San Francisco, s/n",Carmona,Sevilla,41410,955622656
116,41010344,C.E.I.P. EL ALMENDRAL (41010344),"Bda. Los Almendrales, s/n",Carmona,Sevilla,41410,955622927
117,41001112,C.E.I.P. PEDRO I (41001112),"C/ Barranquillo, s/n",Carmona,Sevilla,41410,955649551
118,41001021,C.E.I.P. SAN BLAS (41001021),"Ctra. de Brenes, s/n",Carmona,Sevilla,41410,955649513
119,41500268,C.E.PER. LOS ALCORES (41500268),"C/ Pastora Pavón, 24",Carmona,Sevilla,41410,954140514
120,41000983,C.E.PR. BEATO JUAN GRANDE (41000983),"C/ Alfonso X, s/n",Carmona,Sevilla,41410,955622876
121,41010356,E.I. EL REAL (41010356),"C/ Alfonso X, s/n",Carmona,Sevilla,41410,955649500
122,41021998,E.M.M. CIUDAD DE CARMONA (41021998),"Avda. Peña La Giraldilla, 9",Carmona,Sevilla,41410,954142200
123,41009585,I.E.S. ARRABAL (41009585),"C/ Bonifacio IV, s/n",Carmona,Sevilla,41410,955649930
124,41001094,I.E.S. MAESE RODRIGO (41001094),"Ctra. de Alcalá, s/n",Carmona,Sevilla,41410,955622956
125,41702266,I.E.S. MANUEL LOSADA VILLASANTE (41702266),"C/ Guadalete, 33",Carmona,Sevilla,41410,955649691
126,41001148,C.E.I.P. PÍO XII (41001148),"C/ Pío XII, s/n",Carrión de los Céspedes,Sevilla,41820,955759504
127,41702163,E.M.M. SANTA CECILIA (41702163),"C/ Ramón Barranco, s/n",Carrión de los Céspedes,Sevilla,41820,670818627
128,41001151,C.E.I.P. LOPE DE VEGA (41001151),"Avda. Libertad, 78",Casariche,Sevilla,41580,954822904
129,41701501,I.E.S. ATALAYA (41701501),"C/ Haza Guillermo, s/n",Casariche,Sevilla,41580,954822970
130,41501121,S.E.P. CONCEPCIÓN ARENAL (41501121),"Avda. Libertad, s/n",Casariche,Sevilla,41580,954822693
131,41001161,C.E.I.P. MIGUEL DE CERVANTES (41001161),"C/ Pablo Picasso, s/n",Castilblanco de los Arroyos,Sevilla,41230,955739898
132,41701833,I.E.S. CASTILBLANCO DE LOS ARROYOS (41701833),"C/ Pablo Picasso, s/n",Castilblanco de los Arroyos,Sevilla,41230,955739704
133,41500839,S.E.P. SIETE ARROYOS (41500839),"C/ Antonio Machado, s/n",Castilblanco de los Arroyos,Sevilla,41230,696721745
134,41023314,C.E.I.P. MONTELIRIO (41023314),"C/ Ramiro Rivera, s/n",Castilleja de Guzmán,Sevilla,41908,955622140
135,41018057,E.M.M. (41018057),"C/ Doctor Ramiro Rivera, s/n",Castilleja de Guzmán,Sevilla,41908,955721731
136,41023326,I.E.S. NUEVO (41023326),"C/ Miguel de Cervantes, s/n",Castilleja de Guzmán,Sevilla,41908,null
137,41601425,C.E.I.P. GLORIA FUERTES (41601425),"Paseo Gloria Fuertes, s/n. Bda. Nue",Castilleja de la Cuesta,Sevilla,41950,955622571
138,41009160,C.E.I.P. HERNÁN CORTÉS (41009160),"Avda. Derechos Humanos, s/n",Castilleja de la Cuesta,Sevilla,41950,955622794
139,41001185,C.E.I.P. JUAN XXIII (41001185),"C/ Virgen de los Reyes, s/n",Castilleja de la Cuesta,Sevilla,41950,955622888
140,41601437,C.E.I.P. LUIS CERNUDA (41601437),"C/ Maestro Víctor Manzano, s/n",Castilleja de la Cuesta,Sevilla,41950,955622572
141,41011026,I.E.S. ALIXAR (41011026),"Avda. de la Unidad, s/n",Castilleja de la Cuesta,Sevilla,41950,955622566
142,41701328,I.E.S. PABLO NERUDA (41701328),"C/ Manuel Rodríguez Navarro, 4",Castilleja de la Cuesta,Sevilla,41950,955622599
143,41500050,S.E.P. CASTILLEJA DE LA CUESTA (41500050),Avda. Diputación s/n (Centro Servi,Castilleja de la Cuesta,Sevilla,41950,671536357
144,41001203,C.E.I.P. JUAN DE MAIRENA (41001203),"C/ Venerable Mañara, 2",Castilleja del Campo,Sevilla,41810,955759910
145,41001239,C.E.I.P. VIRGEN DEL MONTE (41001239),"Paseo del Moro, 5",Cazalla de la Sierra,Sevilla,41370,955889545
146,41700488,C.E.M. CAZALLA DE LA SIERRA (41700488),"C/ La Plazuela, 2",Cazalla de la Sierra,Sevilla,41370,955889507
147,41700865,I.E.S. EL CARMEN (41700865),"C/ Santa Clara, 3",Cazalla de la Sierra,Sevilla,41370,955889567
148,41500773,S.E.P. MANUEL OLIVERAS (41500773),"C/ Convento Santa Clara, 3 I.E.S.",Cazalla de la Sierra,Sevilla,41370,955889587
149,41001793,C.E.I.P. LA MILAGROSA (41001793),"C/ Virgen Milagrosa, 8",Cerro Perea,Sevilla,41409,954832433
150,41000697,C.E.I.P. VALLE DE LA OSA (41000697),"C/ Arzobispo, s/n",Constantina,Sevilla,41450,955889541
151,41015287,E.O.I. SIERRA NORTE (41015287),"Avda. Cuesta Blanca, 1",Constantina,Sevilla,41450,955889677
152,41702072,I.E.S. SAN FERNANDO (41702072),"Avda. Cuesta Blanca, s/n",Constantina,Sevilla,41450,955889551
153,41500797,S.E.P. CONSTANTINA (41500797),"C/ Hermosa Baja, s/n. Apdo. Correos",Constantina,Sevilla,41450,955881829
154,41010563,C.E.I.P. SAN ISIDRO LABRADOR (41010563),"Ctra. Alameda, s/n",Corcoya,Sevilla,41599,954822952
155,41011488,C.E.I.P. ANDRÉS MARTÍNEZ DE LEÓN (41011488),"C/ Manzanilla, 2",Coria del Río,Sevilla,41100,955622237
156,41001392,C.E.I.P. CERRO DE SAN JUAN (41001392),"Cerro Alto, s/n",Coria del Río,Sevilla,41100,955623238
157,41001409,C.E.I.P. HIPÓLITO LOBATO (41001409),"C/ Doctor Fléming, s/n",Coria del Río,Sevilla,41100,955623242
158,41001379,C.E.I.P. JOSEFA NAVARRO ZAMORA (41001379),"C/ Maestra Josefa Navarro Zamora, 1",Coria del Río,Sevilla,41100,955623894
159,41008933,C.E.I.P. MAESTRO MANUEL GÓMEZ (41008933),"C/ Seguiriya, 35",Coria del Río,Sevilla,41100,955622804
160,41001495,C.E.I.P. VICENTE NERIA SERRANO (41001495),"C/ Tinajerías, 44",Coria del Río,Sevilla,41100,955623235
161,41700786,C.E.M. PEDRO GÁMEZ LASERNA (41700786),"C/ Panaderos, s/n. Polígono La Estr",Coria del Río,Sevilla,41100,955622559
162,41500128,C.E.PER. RIBERA DEL GUADALQUIVIR (41500128),"C/ Cervantes, 8",Coria del Río,Sevilla,41100,954771316
163,41001471,I.E.S. CAURA (41001471),"Cerro De San Juan, s/n",Coria del Río,Sevilla,41100,955623228
164,41001461,I.E.S. RODRIGO CARO (41001461),C/ Instituto nº2,Coria del Río,Sevilla,41100,955622105
165,41701596,I.E.S. SAN JOSÉ (41701596),"Avda. Primero de Mayo, 68",Coria del Río,Sevilla,41100,955622360
166,41001525,C.E.I.P. IRIPPO (41001525),"C/ Concordia, s/n",Coripe,Sevilla,41780,955859508
167,41020490,E.M.M. CORIPE (41020490),"C/ Concordia, 8",Coripe,Sevilla,null,null
168,41500311,S.E.P. NUESTRA SEÑORA DE FÁTIMA (41500311),Avda. Marbella. Hogar Pensionistas,Coripe,Sevilla,41780,671595335
169,41009561,C.E.I.P. ANA MARÍA MATUTE (41009561),"C/ Vasco Núñez de Balboa, esquina C",Dos Hermanas,Sevilla,41089,955623535
170,41009482,C.E.I.P. ARCO NORTE (41009482),"C/ Leopoldo Alas Clarín, 162",Dos Hermanas,Sevilla,41704,671538191
171,41602077,C.E.I.P. CARLOS I (41602077),"C/ Soria, s/n",Dos Hermanas,Sevilla,41700,955622245
172,41001562,C.E.I.P. CERVANTES (41001562),"C/ Doctor Fléming, 33",Dos Hermanas,Sevilla,41700,955623146
173,41010393,C.E.I.P. CONSOLACIÓN (41010393),"C/ Amadeo Vives, 1",Dos Hermanas,Sevilla,41700,955623295
174,41602089,C.E.I.P. EL PALMARILLO (41602089),"C/ Rafael Alberti, s/n",Dos Hermanas,Sevilla,41700,955622313
175,41000636,C.E.I.P. EUROPA (41000636),"C/ Murano, 33",Dos Hermanas,Sevilla,41089,955622411
176,41009172,C.E.I.P. FEDERICO GARCÍA LORCA (41009172),"C/ Gabriel García Márquez, s/n",Dos Hermanas,Sevilla,41700,955623273
177,41001768,C.E.I.P. FERNÁN CABALLERO (41001768),"C/ Cerro Blanco, s/n",Dos Hermanas,Sevilla,41700,955622230
178,41602636,C.E.I.P. GLORIA FUERTES (41602636),"Avda. Montequinto, s/n",Dos Hermanas,Sevilla,41089,955622318
179,41016191,C.E.I.P. HUERTA DE LA PRINCESA (41016191),"C/ Timanfaya, s/n. Huerta de la Pri",Dos Hermanas,Sevilla,41701,955624443
180,41010371,C.E.I.P. IBARBURU (41010371),"C/ Cornicabra, 1",Dos Hermanas,Sevilla,41700,955623293
181,41008945,C.E.I.P. JUAN RAMÓN JIMÉNEZ (41008945),"C/ Las Torres, 1",Dos Hermanas,Sevilla,41700,955839917
182,41010381,C.E.I.P. LA MOTILLA (41010381),"Avda. del Sol, s/n",Dos Hermanas,Sevilla,41700,955622319
183,41009652,C.E.I.P. LAS PORTADAS (41009652),"Avda. del Triunfo, s/n.",Dos Hermanas,Sevilla,41700,955623288
184,41010629,C.E.I.P. LOS MONTECILLOS (41010629),"C/ Las Botijas, 6",Dos Hermanas,Sevilla,41700,955622800
185,41002025,C.E.I.P. LUIS CERNUDA (41002025),"C/ Atenas, s/n",Dos Hermanas,Sevilla,41089,955622112
186,41008957,C.E.I.P. MAESTRA DOLORES VELASCO (41008957),"C/ Virgen Desamparados, s/n",Dos Hermanas,Sevilla,41700,955623270
187,41008969,C.E.I.P. MAESTRO ENRIQUE DÍAZ FERRERAS (41008969),"C/ Las Cruces, 3",Dos Hermanas,Sevilla,41700,955622283
188,41010162,C.E.I.P. MAESTRO JOSÉ VARELA (41010162),"C/ Ruiseñor, 3",Dos Hermanas,Sevilla,41700,955623290
189,41001586,C.E.I.P. NTRA. SRA. DEL AMPARO (41001586),"Plaza de Utrera, s/n",Dos Hermanas,Sevilla,41700,955623257
190,41008313,C.E.I.P. OLIVAR DE QUINTO (41008313),"Avda. Condes de Ybarra, s/n",Dos Hermanas,Sevilla,41089,955839779
191,41602296,C.E.I.P. ORIPPO (41602296),"Avda. de Montelirio, s/n",Dos Hermanas,Sevilla,41700,955622271
192,41602612,C.E.I.P. POETAS ANDALUCES (41602612),"Avda. de los Pinos, s/n. Bda. Mont",Dos Hermanas,Sevilla,41089,955622310
193,41010150,C.E.I.P. RAFAEL ALBERTI (41010150),"C/ Graciano, s/n",Dos Hermanas,Sevilla,41089,955624918
194,41001604,C.E.I.P. SAN FERNANDO (41001604),"C/ del Almirante Bonifaz, 64. Bda.",Dos Hermanas,Sevilla,41700,955839908
195,41001550,C.E.I.P. SAN SEBASTIÁN (41001550),"Plaza Hidalgo Carret, s/n",Dos Hermanas,Sevilla,41700,955623119
196,41001628,C.E.I.P. VALME CORONADA (41001628),"C/ Mirabrás, 2",Dos Hermanas,Sevilla,41700,671538950
197,41001574,C.E.I.P. VICENTE ALEIXANDRE (41001574),"C/ Diego Justiniano Lamadrid, 1",Dos Hermanas,Sevilla,41701,955623149
198,41017651,C.E.I.P. 19 DE ABRIL (41017651),"C/ 19 de abril, esquina con C/ Isaa",Dos Hermanas,Sevilla,41701,955624442
199,41700610,C.E.M. MAESTRO ANDRÉS SEGOVIA (41700610),"Avda. del Triunfo, s/n",Dos Hermanas,Sevilla,41700,955622212
200,41501081,C.E.PER. BUJALMORO (41501081),C/ Martínez Montañés s/n,Dos Hermanas,Sevilla,41701,671567388
201,41501078,C.E.PER. EL PALMARILLO (41501078),"Avda. Cristóbal Colón, 30",Dos Hermanas,Sevilla,41700,955656850
202,41001719,C.P.I.F.P. EL ARENAL (41001719),"Avda. Ramón y Cajal, 5",Dos Hermanas,Sevilla,41700,955622513
203,41016012,E.O.I. DOS HERMANAS (41016012),"C/ Real de Utrera, 16",Dos Hermanas,Sevilla,41701,955624303
204,41702011,I.E.S. ALVAREDA (41702011),"Avda. Ciudad Blanca, s/n",Dos Hermanas,Sevilla,41700,955622218
205,41702023,I.E.S. CANTELY (41702023),"C/ Almendro, s/n",Dos Hermanas,Sevilla,41700,955839984
206,41011491,I.E.S. GALILEO GALILEI (41011491),"C/ Estrasburgo, s/n. Montequinto",Dos Hermanas,Sevilla,41089,955624837
207,41011038,I.E.S. GONZALO NAZARENO (41011038),"C/ Las Botijas, 10",Dos Hermanas,Sevilla,41702,955839911
208,41700181,I.E.S. HERMANOS MACHADO (41700181),"Avda. Vía Flaminia, s/n",Dos Hermanas,Sevilla,41089,955622418
209,41701869,I.E.S. IBN JALDÚN (41701869),"C/ Luis Cernuda, s/n",Dos Hermanas,Sevilla,41700,955623324
210,41701857,I.E.S. JESÚS DEL GRAN PODER (41701857),"C/ Ntra. Sra. del Carmen, 19",Dos Hermanas,Sevilla,41700,955622806
211,41001513,I.E.S. MARÍA GALIANA (41001513),"Avda. Portimao, s/n",Dos Hermanas,Sevilla,41089,955622323
212,41701754,I.E.S. MARIANA DE PINEDA (41701754),"C/ Mesina, s/n",Dos Hermanas,Sevilla,41089,955622787
213,41701811,I.E.S. OLIVAR DE LA MOTILLA (41701811),"Avda. de los Girasoles, s/n",Dos Hermanas,Sevilla,41700,955663938
214,41700361,I.E.S. TORRE DE LOS HERBEROS (41700361),"Avda. de Andalucía, s/n",Dos Hermanas,Sevilla,41700,955839737
215,41001707,I.E.S. VIRGEN DE VALME (41001707),"Avda. Ramón y Cajal, s/n",Dos Hermanas,Sevilla,41700,600141228
216,41700877,I.E.S. VISTAZUL (41700877),"C/ Gabriel García Márquez, s/n. Apd",Dos Hermanas,Sevilla,41700,955839711
217,41001811,C.E.I.P. ASTIGI (41001811),"C/ Compañía, 8",Écija,Sevilla,41400,955879518
218,41009251,C.E.I.P. BLAS INFANTE (41009251),"C/ Ébano, 21",Écija,Sevilla,41400,955879940
219,41001801,C.E.I.P. CIUDAD DEL SOL (41001801),"Plaza de Matadero, s/n",Écija,Sevilla,41400,955879515
220,41001835,C.E.I.P. EL VALLE (41001835),"Avda. del Valle, s/n",Écija,Sevilla,41400,955879906
221,41001847,C.E.I.P. MIGUEL DE CERVANTES (41001847),"C/ Cestería, 5",Écija,Sevilla,41400,955879944
222,41602375,C.E.I.P. PEDRO GARFIAS (41602375),"C/ Merinos, 87",Écija,Sevilla,41400,955879939
223,41001859,C.E.I.P. SAN AGUSTÍN (41001859),"C/ Málaga, 22",Écija,Sevilla,41400,955879521
224,41700634,C.E.M. FRAY JUAN BERMUDO (41700634),"C/ Juan de Angulo, 9",Écija,Sevilla,41400,955879545
225,41500611,C.E.PER. MIGUEL HERNÁNDEZ (41500611),"C/ Hospital, s/n",Écija,Sevilla,41400,955879547
226,41010976,E.O.I. ÉCIJA (41010976),"C/ Emilio Castelar, 45",Écija,Sevilla,41400,955879553
227,41001941,I.E.S. LUIS VÉLEZ DE GUEVARA (41001941),"C/ Tomás Beviá, 1",Écija,Sevilla,41400,955879918
228,41000594,I.E.S. NICOLÁS COPÉRNICO (41000594),"Avda. Ronda de los Molinos, s/n",Écija,Sevilla,41400,955879929
229,41001938,I.E.S. SAN FULGENCIO (41001938),"Avda. de Andalucía, 8",Écija,Sevilla,41400,955879909
230,41001227,C.E.I.P. PEÑA LUENGA (41001227),"C/ Camino de Peña Luenga, s/n",El Castillo de las Guardas,Sevilla,41890,955739702
231,41501248,S.E.P. CLARA CAMPOAMOR RODRÍGUEZ (41501248),"C/ Camino de Peña Luenga, s/n",El Castillo de las Guardas,Sevilla,41890,955739567
232,41001537,C.E.I.P. MARÍA ANA DE LA CALLE (41001537),"C/ Poeta Miguel Benítez Castro, s/n",El Coronil,Sevilla,41760,955839531
233,41701845,I.E.S. EL CORONIL (41701845),"C/ Poeta Miguel Benítez Castro, s/n",El Coronil,Sevilla,41760,955839629
234,41501017,S.E.P. ADULTOS DEL BARRANCO (41501017),"C/ Industria, s/n (Edificio Polival",El Coronil,Sevilla,41760,955830297
235,41601942,C.E.I.P. ANA JOSEFA MATEOS GÓMEZ (41601942),"Avda. Blas Infante, s/n",El Cuervo de Sevilla,Sevilla,41749,955839948
236,41010137,C.E.I.P. ANTONIO GALA (41010137),"C/ Doctor Muriel Suárez, s/n",El Cuervo de Sevilla,Sevilla,41749,955839944
237,41002281,C.E.I.P. EL PINAR (41002281),"Plaza de la Cultura, 1",El Cuervo de Sevilla,Sevilla,41749,955839926
238,41501042,C.E.PER. MIGUEL HERNÁNDEZ (41501042),"Plaza de la Cultura, s/n",El Cuervo de Sevilla,Sevilla,41749,955839750
239,41702059,I.E.S. LAGUNA DE TOLLÓN (41702059),"Avda. Blas Infante, s/n",El Cuervo de Sevilla,Sevilla,41749,955839962
240,41002086,C.E.I.P. NTRA. SRA. DE LA ESTRELLA (41002086),"C/ Calderón de la Barca, s/n",El Garrobo,Sevilla,41888,954130235
241,41002554,C.E.I.P. EL MADROÑO (41002554),"Ctra. del Madroño a Berrocal, S/N",El Madroño,Sevilla,41897,671592142
242,41007734,C.E.I.P. FEDERICO GARCÍA LORCA (41007734),"C/ Dalia, 1",El Palmar de Troya,Sevilla,41719,671565964
243,41701936,I.E.S. TORRE DEL ÁGUILA (41701936),"C/ Gladiolo, s/n",El Palmar de Troya,Sevilla,41719,671538300
244,41003273,C.E.I.P. CERVANTES (41003273),"C/ Lope de Vega, s/n",El Pedroso,Sevilla,41360,955889550
245,41701948,I.E.S. ANÍBAL GONZÁLEZ (41701948),"Bda. San Cristóbal, s/n",El Pedroso,Sevilla,41360,955889558
246,41500785,S.E.P. EL PEDROSO (41500785),"C/ Cervantes, s/n",El Pedroso,Sevilla,41360,954889633
247,41002499,C.E.I.P. SAN ISIDRO (41002499),"C/ Las Grullas, s/n",El Priorato,Sevilla,41440,955808558
248,41003613,C.E.I.P. FEDERICO GARCÍA LORCA (41003613),"Plaza de la Constitución, s/n",El Real de la Jara,Sevilla,41250,955739923
249,41500827,S.E.P. SIERRA NORTE (41500827),"Polígono la Espardilla, s/n. Edific",El Real de la Jara,Sevilla,41250,955718853
250,41003790,C.E.I.P. VIRGEN DE GRACIA (41003790),"C/ Cañadas, s/n",El Ronquillo,Sevilla,41880,955739557
251,41022243,E.M.M. DANIEL CABELLO DIMAS (41022243),"C/ Iglesia, 7",El Ronquillo,Sevilla,41880,null
252,41003820,C.E.I.P. CARMEN BORREGO (41003820),"C/ Cervantes, s/n",El Rubio,Sevilla,41568,954822959
253,41701985,I.E.S. MAESTRO DON JOSÉ JURADO ESPADA (41701985),"C/ Cervantes, s/n",El Rubio,Sevilla,41568,955828904
254,41501133,S.E.P. EL RUBIO (41501133),"C/ Manuel Reina Fernández, s/n",El Rubio,Sevilla,41568,954822724
255,41004022,C.E.I.P. LOS SAUCES (41004022),"Avda. de Osuna, 7",El Saucejo,Sevilla,41650,954822960
256,41701079,I.E.S. FLAVIO IRNITANO (41701079),"C/ Fray Antonio Martín Povea, s/n",El Saucejo,Sevilla,41650,954822972
257,41500748,S.E.P. EL SAUCEJO (41500748),"C/ Fray Antonio M. Povea, 8",El Saucejo,Sevilla,41650,954822616
258,41003212,C.E.I.P. LAS PALMERAS (41003212),"C/ San José, 2A",El Trobal,Sevilla,41727,955839747
259,41000399,C.E.I.P. SAN ISIDRO (41000399),"Avda. Los Colegios, s/n",El Viar,Sevilla,41319,671566131
260,41602387,C.E.I.P. ALBAICÍN (41602387),"Avda. Carlos Cano, 3",El Viso del Alcor,Sevilla,41520,955649613
261,41008091,C.E.I.P. ALCALDE LEÓN RÍOS (41008091),"C/ Jiménez Muñoz, 29",El Viso del Alcor,Sevilla,41520,671536034
262,41008106,C.E.I.P. GIL LÓPEZ (41008106),"C/ San Pedro Nolasco, s/n",El Viso del Alcor,Sevilla,41520,955649607
263,41008131,C.E.I.P. JUAN CARLOS I (41008131),"Avda. Andalucía, 16",El Viso del Alcor,Sevilla,41520,955649592
264,41602247,C.E.I.P. LA ALUNADA (41602247),"C/ Higuera, s/n",El Viso del Alcor,Sevilla,41520,955649502
265,41700555,I.E.S. BLAS INFANTE (41700555),"C/ Huerto Ponce, s/n",El Viso del Alcor,Sevilla,41520,955649954
266,41702138,I.E.S. PROFESOR JUAN BAUTISTA (41702138),"C/ Alfonso Lasso de la Vega, s/n",El Viso del Alcor,Sevilla,41520,955649900
267,41500281,S.E.P. FUENTE DEL SOL (41500281),"C/ Juan Bautista, 13",El Viso del Alcor,Sevilla,41520,955649521
268,41011671,C.E.I.P. CERRO ALTO (41011671),"C/ Duquesa de Alba, 37",Espartinas,Sevilla,41807,955624770
269,41008325,C.E.I.P. MAESTRA NATALIA ALBANÉS (41008325),"Avda. Concejal Jerónimo Leal, s/n",Espartinas,Sevilla,41807,653935525
270,41001951,C.E.PR. ESPARTINAS (41001951),"C/ Maestro Curro Íñigo, 16",Espartinas,Sevilla,41807,955624403
271,41004125,E.I. MARÍA DEL CARMEN GUTIÉRREZ (41004125),"C/ Camino de la Marquesa, s/n",Espartinas,Sevilla,41807,955622649
272,41019244,E.M.M.D. MANUEL GARCÍA ESCAMILLA (41019244),"Plaza de Quebec, s/n",Espartinas,Sevilla,41807,955238948
273,41008398,I.E.S. LAURETUM (41008398),"C/ Miguel Ángel Blanco s/n,",Espartinas,Sevilla,41807,671538360
274,41000375,C.E.I.P. NTRA. SRA. DEL CARMEN (41000375),"C/ Pino Carrasco, s/n",Esquivel,Sevilla,41209,955622243
275,41001963,C.E.I.P. NUESTRA SEÑORA DE LOS REMEDIOS (41001963),"C/ Era Verde, s/n",Estepa,Sevilla,41560,954822848
276,41001987,C.E.I.P. SANTA TERESA (41001987),"C/ Camino de las Vigas, s/n",Estepa,Sevilla,41560,954822911
277,41016309,C.E.M. (41016309),"Plaza de la Coracha, s/n",Estepa,Sevilla,41560,955912312
278,41500669,C.E.PER. MIGUEL HERNÁNDEZ (41500669),"Plaza de la Coracha, 16",Estepa,Sevilla,41560,954822612
279,41702187,E.M.M. DIEGO DE SALAZAR (41702187),"C/ Saladillo, 12",Estepa,Sevilla,41560,955912771
280,41015299,E.O.I. ESTEPA (41015299),"C/ Camino del Cahíz, 36",Estepa,Sevilla,41560,955268003
281,41008970,I.E.S. AGUILAR Y CANO (41008970),"C/ Camino del Cahiz, 36",Estepa,Sevilla,41560,954822926
282,41002013,I.E.S. OSTIPPO (41002013),"Ctra. de Becerrero, 3",Estepa,Sevilla,41560,600142317
283,41002037,C.E.I.P. SANTA TERESA DE JESÚS (41002037),"C/ Explanada de la Estación, s/n",Fuentes de Andalucía,Sevilla,41420,955879524
284,41002049,C.E.I.P. SANTO TOMÁS DE AQUINO (41002049),"Avda. Constitución, 35",Fuentes de Andalucía,Sevilla,41420,955879932
285,41701250,I.E.S. ALARIFES RUIZ FLORINDO (41701250),"Ctra. de Osuna, s/n",Fuentes de Andalucía,Sevilla,41420,955879951
286,41500645,S.E.P. FUENTES DE ANDALUCÍA (41500645),"C/ General Armero, 131. Edificio La",Fuentes de Andalucía,Sevilla,41420,654938450
287,41010204,C.E.I.P. DOÑA ROSA FERNÁNDEZ (41010204),"Urb. El Recreo de la Condesa, s/n",Gelves,Sevilla,41120,955623158
288,41002098,C.E.I.P. DUQUES DE ALBA (41002098),"Bda. De Andalucía, s/n",Gelves,Sevilla,41120,955623245
289,41701870,I.E.S. ANTONIO ÁLVAREZ LÓPEZ (41701870),"C/ Córdoba, 43",Gelves,Sevilla,41120,955623396
290,41500131,S.E.P. GELVES (41500131),"C/ de la Fuente, s/n",Gelves,Sevilla,41120,955656874
291,41002116,C.E.I.P. FERNANDO FELIÚ (41002116),"C/ Alcalde Acuña Carrasco, s/n",Gerena,Sevilla,41860,955622930
292,41000533,E.M.M. MAESTRO MANUEL MARTEL (41000533),"C/ Nueva, s/n",Gerena,Sevilla,41860,955782011
293,41701021,I.E.S. GERENA (41701021),"C/ Maestro José Valdera Gil, s/n",Gerena,Sevilla,41860,955622943
294,41002141,C.E.I.P. MAESTRO JUAN CORRALES (41002141),"C/ Virgen de la Sierra, 2",Gilena,Sevilla,41565,954822543
295,41701602,I.E.S. SILENA (41701602),"C/ Camino Ancho, s/n",Gilena,Sevilla,41565,600143209
296,41500670,S.E.P. GILENA (41500670),"C/ San Isidro, s/n, esquina con C/",Gilena,Sevilla,41565,954822608
297,41002153,C.E.I.P. CARMEN ITURBIDE GURRUCHAGA (41002153),"Plaza Santa Rosalía, 1",Gines,Sevilla,41960,955622898
298,41011683,C.E.I.P. MAESTRO ANTONIO REYES LARA (41011683),"C/ Romero Ressendi, 28",Gines,Sevilla,41960,671539087
299,41010411,C.E.I.P. NTRA. SRA. DE BELÉN (41010411),"Avda. de la Petanca, s/n",Gines,Sevilla,41960,955622550
300,41602569,C.E.PR. ÁNGEL CAMPANO FLORIDO (41602569),"Avda. de la Concordia, s/n",Gines,Sevilla,41960,955623275
301,41010401,E.I. ABGENA (41010401),"C/ Abgena, 1",Gines,Sevilla,41960,955622652
302,41000582,E.M.M.D. GENIS LEVIT (41000582),"Avda. de la Concordia, s/n",Gines,Sevilla,41960,954719049
303,41701286,I.E.S. EL MAJUELO (41701286),"C/ Enrique Granados, 43",Gines,Sevilla,41960,955622592
304,41501169,S.E.P. GINES (41501169),"C/ del Aire, 2",Gines,Sevilla,41960,955656854
305,41001136,C.E.I.P. GUADAJOZ (41001136),"Bda. Guadajoz, s/n",Guadajoz,Sevilla,41339,955649580
306,41500271,S.E.P. LOS LABRADORES(GUADAJOZ) (41500271),"Bda. Guadajoz, s/n",Guadajoz,Sevilla,41339,955624660
307,41002177,C.E.I.P. NTRA. SRA. DE GUADITOCA (41002177),"Paseo de la Cruz, s/n",Guadalcanal,Sevilla,41390,955889904
308,41701584,I.E.S. SIERRA DEL AGUA (41701584),"Avda. de la Constitución, s/n",Guadalcanal,Sevilla,41390,955889905
309,41501200,S.E.P. GUADALCANAL (41501200),"C/ Palacios, s/n",Guadalcanal,Sevilla,41390,659705045
310,41007722,C.E.I.P. NTRA. SRA. DE LAS VEREDAS (41007722),"Plaza de los Quintero, 9",Guadalema de los Quintero,Sevilla,41719,955839520
311,41002220,C.E.I.P. ANDALUCÍA (41002220),"Avda. Molinillo, s/n",Guillena,Sevilla,41210,955739920
312,41017156,C.E.I.P. GULIENA (41017156),"Plaza del Salvador, s/n",Guillena,Sevilla,41210,955739943
313,41000892,E.M.M. FRANCISCO JAVIER GUTIÉRREZ JUAN (41000892),"Avda. de Burguillos, s/n",Guillena,Sevilla,41210,607791037
314,41701262,I.E.S. EL MOLINILLO (41701262),C/ Francisco Giner de los Rios,Guillena,Sevilla,41210,671592072
315,41500013,S.E.P. LA ESTACIÓN (41500013),"Avda. de Andalucía, 42",Guillena,Sevilla,41210,696354011
316,41002256,C.E.I.P. NTRA. SRA. DE LOS DOLORES (41002256),"C/ Juan XXIII, 1",Herrera,Sevilla,41567,954822937
317,41008775,C.E.M. (41008775),"C/ Sol, 16",Herrera,Sevilla,41567,954012868
318,41702217,E.M.M. JOSÉ REYES VERGEL (41702217),"C/ Granada, 1",Herrera,Sevilla,41567,954012868
319,41701031,I.E.S. HERRERA (41701031),"C/ Granada, s/n",Herrera,Sevilla,41567,954822979
320,41500700,S.E.P. ANTONIO MACHADO (41500700),"C/ Puente, 23",Herrera,Sevilla,41567,954822610
321,41002268,C.E.I.P. POSADAS CARVAJAL (41002268),"C/ Virgen de la Asunción, 2",Huévar del Aljarafe,Sevilla,41830,669692092
322,41003595,C.E.I.P. FÉLIX HERNÁNDEZ BARRERA (41003595),"Plaza Victoria, s/n",Isla Mayor,Sevilla,41140,955622769
323,41003583,C.E.I.P. FLORENTINA BOU (41003583),"C/ Cervantes, 34.",Isla Mayor,Sevilla,41140,955622351
324,41003480,C.E.I.P. NTRA. SRA. DEL CARMEN (41003480),"Plaza Nuestra Sra.del Carmen, s/n",Isla Mayor,Sevilla,41150,955623510
325,41701134,I.E.S. LAGO LIGUR (41701134),"C/ Santo Tomás de Aquino, s/n",Isla Mayor,Sevilla,41140,955622752
326,41500153,S.E.P. VILLAFRANCO DEL GUADALQUIVIR (41500153),"Plaza de la Victoria, s/n",Isla Mayor,Sevilla,41140,954777471
327,41602211,C.E.I.P. GENIL (41602211),C/ Isla Redonda s/n,Isla Redonda,Sevilla,41567,955879936
328,41601802,C.E.I.P. FRANCISCO GINER DE LOS RÍOS (41601802),"C/ Clavel, s/n",La Algaba,Sevilla,41980,955622575
329,41000417,C.E.I.P. PURÍSIMA CONCEPCIÓN (41000417),Blvar. Director Carlos Guallart Lia,La Algaba,Sevilla,41980,955623144
330,41000430,C.E.I.P. VICENTE ALEIXANDRE (41000430),"C/ San Bartolomé, s/n",La Algaba,Sevilla,41980,955622893
331,41702311,I.E.S. MATILDE CASANOVA (41702311),"C/ San Bartolomé, s/n",La Algaba,Sevilla,41980,955622531
332,41700968,I.E.S. TORRE DE LOS GUZMANES (41700968),"C/ Sánchez Cotán, s/n",La Algaba,Sevilla,41980,671539108
333,41500025,S.E.P. AZAHAR (41500025),Urb. Las Moreras,La Algaba,Sevilla,41980,955623381
334,41000910,C.E.I.P. BERNARDO BARCO (41000910),"Avda. Fuentes de Andalucía, s/n",La Campana,Sevilla,41429,955649708
335,41018173,E.M.M. (41018173),"C/ Larga, 64",La Campana,Sevilla,41429,954199365
336,41000053,I.E.S. LA CAMPANA (41000053),"Avda. Molino de Viento, s/n",La Campana,Sevilla,41429,955649508
337,41500852,S.E.P. LA CAMPANA (41500852),"Avda. Fuentes de Andalucía, s/n",La Campana,Sevilla,41429,955649615
338,41002530,C.E.I.P. ANTONIO MACHADO (41002530),"C/ Maestra Maribel Hidalgo, 4",La Luisiana,Sevilla,41430,955879530
339,41002517,C.E.I.P. DIRECTOR MANUEL SOMOZA (41002517),"Avda. Los Colegios, 19",La Luisiana,Sevilla,41430,955879527
340,41702114,I.E.S. PABLO DE OLAVIDE (41702114),"C/ Maestra Maribel Hidalgo, 10",La Luisiana,Sevilla,41430,671538720
341,41500633,S.E.P. CARLOS III (41500633),"C/ Huelva, s/n.",La Luisiana,Sevilla,41430,955879549
342,41010216,C.E.I.P. INSPECTORA ISABEL ÁLVAREZ (41010216),"C/ Margarita Nelken, s/n",La Puebla de Cazalla,Sevilla,41540,955967610
343,41003406,C.E.I.P. SAN JOSÉ (41003406),"C/ Tejares, 23",La Puebla de Cazalla,Sevilla,41540,955967815
344,41003418,C.E.I.P. SANTA ANA (41003418),"Plaza Santa Ana, s/n",La Puebla de Cazalla,Sevilla,41540,955967817
345,41700907,I.E.S. CASTILLO DE LUNA (41700907),"C/ San Ignacio, s/n",La Puebla de Cazalla,Sevilla,41540,955967824
346,41701365,I.E.S. FEDERICO GARCÍA LORCA (41701365),"C/ Castelar, s/n",La Puebla de Cazalla,Sevilla,41540,955967951
347,41500736,S.E.P. LA PUEBLA DE CAZALLA (41500736),"Avda. Doctor Espinosa, 37",La Puebla de Cazalla,Sevilla,41540,955967612
348,41003467,C.E.I.P. SAN JOSÉ DE CALASANZ (41003467),"C/ Álvarez Quintero, 30",La Puebla de los Infantes,Sevilla,41479,955808596
349,41701973,I.E.S. CELTI (41701973),"C/ Félix Rodríguez de la Fuente, s/",La Puebla de los Infantes,Sevilla,41479,955808565
350,41500864,S.E.P. LA PUEBLA DE LOS INFANTES (41500864),"C/ Magdalena, 9",La Puebla de los Infantes,Sevilla,41479,954808403
351,41003534,C.E.I.P. ANTONIO CUEVAS (41003534),"C/ Antonio Montero, 4",La Puebla del Río,Sevilla,41130,955622700
352,41602156,C.E.I.P. ANTONIO MACHADO (41602156),"Avda. República Argentina, s/n",La Puebla del Río,Sevilla,41130,955623297
353,41003522,C.E.I.P. SAN SEBASTIÁN (41003522),"Bda. de la Paz, s/n",La Puebla del Río,Sevilla,41130,955622506
354,41700348,I.E.S. ALCARIA (41700348),"Avda. Pozo Concejo, s/n",La Puebla del Río,Sevilla,41130,955622940
355,41500141,S.E.P. MAESTRO JUAN CARLOS BOHÓRQUEZ MÁRQUEZ (41500141),"C/ Santa María, 3",La Puebla del Río,Sevilla,41130,955771381
356,41003637,C.E.I.P. GUADALQUIVIR (41003637),"Avda. 28 de Febrero, 40",La Rinconada,Sevilla,41309,955622703
357,41017171,C.E.I.P. LA UNIÓN (41017171),"Avda. de la Unión, s/n",La Rinconada,Sevilla,41300,697953004
358,41008349,C.E.I.P. LOS AZAHARES (41008349),"C/ Naranjos, s/n",La Rinconada,Sevilla,41309,955622146
359,41701377,I.E.S. ANTONIO DE ULLOA (41701377),"Avda. de la Ermita, s/n",La Rinconada,Sevilla,41309,955622611
360,41003789,C.E.I.P. MANUEL SIUROT (41003789),"C/ Florida, s/n",La Roda de Andalucía,Sevilla,41590,954822546
361,41701389,I.E.S. LA RODA (41701389),"C/ Manuel Siurot, s/n",La Roda de Andalucía,Sevilla,41590,954822549
362,41500694,S.E.P. LA RODA DE ANDALUCÍA (41500694),"Avda. de la Piscina, s/n",La Roda de Andalucía,Sevilla,41590,954828715
363,41002271,C.E.I.P. SAGRADO CORAZÓN DE JESÚS (41002271),"C/ Antonio Vera Díaz, s/n",Lantejuela,Sevilla,41630,954822941
364,41701882,I.E.S. TIERRA DE LAGUNAS (41701882),"C/ Cristóbal Colón, 2",Lantejuela,Sevilla,41630,954822826
365,41501091,S.E.P. CARMEN NÚÑEZ (41501091),"C/ Modesto Mallén, 7",Lantejuela,Sevilla,41630,954822842
366,41008295,C.E.I.P. LA ALGODONERA (41008295),"C/ Doctor Fleming, s/n",Las Cabezas de San Juan,Sevilla,41730,955839651
367,41010332,C.E.I.P. LUIS VALLADARES (41010332),"Avda. Miguel Hernández, 58",Las Cabezas de San Juan,Sevilla,41730,955839625
368,41009551,C.E.I.P. MAESTRO JUAN MARÍN DE VARGAS (41009551),"Avda. Jesús Nazareno, s/n",Las Cabezas de San Juan,Sevilla,41730,955839612
369,41000739,C.E.I.P. SAN JUAN BAUTISTA (41000739),"C/ Asturias, s/n",Las Cabezas de San Juan,Sevilla,41730,955839523
370,41501054,C.E.PER. JOSÉ SANDOVAL (41501054),"C/ Salvador Allende, 1",Las Cabezas de San Juan,Sevilla,41730,671599146
371,41702254,I.E.S. CIUDAD DE LAS CABEZAS (41702254),"Avda. Pablo Iglesias, s/n",Las Cabezas de San Juan,Sevilla,41730,955839642
372,41700889,I.E.S. DELGADO BRACKENBURY (41700889),"Avda. Jesús Nazareno, s/n",Las Cabezas de San Juan,Sevilla,41730,671538212
373,41002980,C.E.I.P. RIBERA DE CIUDADEJA (41002980),"C/ Velarde, 43",Las Navas de la Concepción,Sevilla,41460,955889547
374,41500815,S.E.P. LAS NAVAS (41500815),"C/ Juan Ramón Jimenez, 2",Las Navas de la Concepción,Sevilla,41460,null
375,41002232,C.E.I.P. VIRGEN DEL ROSARIO (41002232),"Avda. Carlos Linneo, 51",Las Pajanosas,Sevilla,41219,955739917
376,41009536,C.E.I.P. BLAS INFANTE (41009536),"Avda. Doctor José Viel, s/n",Lebrija,Sevilla,41740,955839609
377,41002293,C.E.I.P. CRISTO REY (41002293),"Cmo. del Aceituno, 34",Lebrija,Sevilla,41740,955839930
378,41601954,C.E.I.P. EL RECREO (41601954),"C/ Juan Peña el Lebrijano, s/n",Lebrija,Sevilla,41740,955839950
379,41008490,C.E.I.P. ELIO ANTONIO DE NEBRIJA (41008490),"Avda. Andalucía, 36",Lebrija,Sevilla,41740,955839580
380,41002311,C.E.I.P. IGNACIO HALCÓN (41002311),"C/ Huracán, 2",Lebrija,Sevilla,41740,955839935
381,41002323,C.E.I.P. JOSÉ CORTINES PACHECO (41002323),"C/ Islandia, s/n",Lebrija,Sevilla,41740,955839937
382,41601966,C.E.I.P. JOSEFA GAVALA (41601966),"C/ Ortega y Gasset, 1",Lebrija,Sevilla,41740,955839954
383,41002301,C.E.I.P. NEBRIXA (41002301),"C/ Cuesta de Belén, 1. Bda. Barejon",Lebrija,Sevilla,41740,955839932
384,41501030,C.E.PER. MOLINO DE VIENTO (41501030),"C/ Huracán, 35",Lebrija,Sevilla,41740,955839752
385,41000351,E.M.M.D. JUAN LUIS GALÁN OJEDO (41000351),"C/ Tetuán, 15",Lebrija,Sevilla,41740,955974068
386,41700944,E.O.I. LEBRIJA-MAESTRO ALBERTO SERRANO (41700944),"Plaza Huerta de los Frailes, 7, pla",Lebrija,Sevilla,41740,955839537
387,41009822,I.E.S. BAJO GUADALQUIVIR (41009822),"Avda. Doctor José Viel, 3",Lebrija,Sevilla,41740,955839730
388,41702278,I.E.S. EL FONTANAL (41702278),"Avda. Antonio Calvo Ruiz, 17",Lebrija,Sevilla,41740,955839970
389,41002359,I.E.S. VIRGEN DEL CASTILLO (41002359),"Avda. Doctor José Viel, 1",Lebrija,Sevilla,41740,955839977
390,41002372,C.E.I.P. SANTA VICTORIA (41002372),"C/ Lepanto, 1",Lora de Estepa,Sevilla,41564,954822942
391,41002384,C.E.I.P. MIGUEL DE CERVANTES (41002384),"C/ Lepanto, s/n",Lora del Río,Sevilla,41440,955808535
392,41002487,C.E.I.P. REYES DE ESPAÑA (41002487),"Avda. de la Cruz, s/n",Lora del Río,Sevilla,41440,955808554
393,41002402,C.E.I.P. SAN JOSÉ DE CALASANZ (41002402),"Avda. Prim, 69",Lora del Río,Sevilla,41440,955808541
394,41002414,C.E.I.P. VIRGEN DE LOS REYES (41002414),"C/ Virgen de los Reyes, s/n",Lora del Río,Sevilla,41440,955808543
395,41002426,C.E.I.P. VIRGEN DE SETEFILLA (41002426),"C/ Jesús del Gran Poder, s/n",Lora del Río,Sevilla,41440,955808545
396,41500840,C.E.PER. AZAHAR (41500840),"Avda. de la Cruz, s/n",Lora del Río,Sevilla,41440,600158193
397,41702229,E.M.M. RAMÓN Y CAJAL (41702229),"Avda. del Castillo, nº 34",Lora del Río,Sevilla,41440,854749717
398,41701894,I.E.S. AL-LAWRA (41701894),"Bda. de las Viñas, s/n",Lora del Río,Sevilla,41440,955808580
399,41002451,I.E.S. AXATI (41002451),"C/ San Juan Bosco, s/n",Lora del Río,Sevilla,41440,955808978
400,41002441,I.E.S. GUADALQUIVIR (41002441),"Avda. de la Cruz, 31",Lora del Río,Sevilla,41440,955808547
401,41001549,C.E.I.P. SAN JOSÉ DE CALASANZ (41001549),"C/ San José de Calasanz, 2",Los Corrales,Sevilla,41657,954822933
402,41700750,I.E.S. MAESTRO FRANCISCO GALLARDO (41700750),Ctra. Martín de la Jara- Los Corral,Los Corrales,Sevilla,41657,671535621
403,41500751,S.E.P. LOS CORRALES (41500751),"Plaza de Andalucía, s/n (Edificio C",Los Corrales,Sevilla,41657,954822689
404,41002761,C.E.I.P. SAN JUAN DE RIBERA (41002761),"C/ Pago Viejo, s/n",Los Molares,Sevilla,41750,955839667
405,41701912,I.E.S. FRANCISCO RIVERO (41701912),"C/ Miguel Hernández, s/n",Los Molares,Sevilla,41750,600161390
406,41501029,S.E.P. EL MOLAR (41501029),"Plaza de la Mancomunidad, s/n",Los Molares,Sevilla,41750,955839593
407,41003111,C.E.I.P. ANDRÉS BERNÁLDEZ (41003111),"Avda. de la Campiña, s/n.",Los Palacios y Villafranca,Sevilla,41720,955839900
408,41000740,C.E.I.P. FÉLIX RODRÍGUEZ DE LA FUENTE (41000740),"C/ Ortega y Gasset, 25",Los Palacios y Villafranca,Sevilla,41720,955839525
409,41010174,C.E.I.P. JUAN HIDALGO (41010174),"C/ Felipe II, 11",Los Palacios y Villafranca,Sevilla,41720,955839586
410,41003121,C.E.I.P. JUAN JOSÉ BAQUERO (41003121),"C/ Maestra Lucía González, 2",Los Palacios y Villafranca,Sevilla,41720,955839542
411,41003133,C.E.I.P. MARÍA AUXILIADORA (41003133),"C/ Juan José Baquero, 19",Los Palacios y Villafranca,Sevilla,41720,955839507
412,41003170,C.E.I.P. MIGUEL DE CERVANTES (41003170),"C/ Álvarez Quintero, 124",Los Palacios y Villafranca,Sevilla,41720,955839545
413,41009974,C.E.I.P. PABLO RUIZ PICASSO (41009974),"C/ Alonso Sánchez Pinzón, 27",Los Palacios y Villafranca,Sevilla,41720,955839615
414,41000791,C.E.I.P. PALENQUE (41000791),"C/ Nueva, s/n",Los Palacios y Villafranca,Sevilla,41720,955839527
415,41009214,C.E.I.P. PROFESORA MARÍA DOÑA (41009214),"C/ Antonio Gaudí, s/n",Los Palacios y Villafranca,Sevilla,41720,955839583
416,41501066,C.E.PER. ANTONIO SÁNCHEZ GALÁN (41501066),"C/ Laguna de Caro, s/n, Apdo de co",Los Palacios y Villafranca,Sevilla,41720,955839659
417,41702199,E.M.M.D. LA UNIÓN (41702199),"C/ Real de Villafranca, 24",Los Palacios y Villafranca,Sevilla,41720,955812143
418,41003182,I.E.S. AL-MUDEYNE (41003182),"C/ María Auxiliadora, 2",Los Palacios y Villafranca,Sevilla,41720,955839560
419,41003200,I.E.S. JOAQUÍN ROMERO MURUBE (41003200),"C/ Ortega y Gasett, 45. Apto. Corre",Los Palacios y Villafranca,Sevilla,41720,955838917
420,41008994,I.E.S. MAESTRO DIEGO LLORENTE (41008994),"Ctra. del Monte, 1",Los Palacios y Villafranca,Sevilla,41720,955839604
421,41702151,I.E.S. MARISMAS (41702151),"Avda. Príncipe de Asturias, s/n",Los Palacios y Villafranca,Sevilla,41720,955839638
422,41007621,C.E.I.P. MENÉNDEZ PIDAL (41007621),"C/ San Isidro, s/n",Los Rosales,Sevilla,41330,955649622
423,41602326,C.E.I.P. ANTONIO GONZÁLEZ ÁLVAREZ (41602326),"C/ Jaén, s/n",Mairena del Alcor,Sevilla,41510,955649510
424,41601851,C.E.I.P. HUERTA DEL RETIRO (41601851),"C/ Ntra. Sra. de los Ángeles, 5",Mairena del Alcor,Sevilla,41510,955649951
425,41009962,C.E.I.P. ISABEL ESQUIVEL (41009962),"Cmo. De Aguadores, s/n",Mairena del Alcor,Sevilla,41510,955649587
426,41017168,C.E.I.P. ISABEL RODRÍGUEZ NAVARRO (41017168),"C/ Maestra Pepita Martín, 28-30",Mairena del Alcor,Sevilla,41510,600141352
427,41008982,C.E.I.P. JUAN CARABALLO MANFREDI (41008982),"C/ Gerardo Diego, 3",Mairena del Alcor,Sevilla,41510,955649611
428,41602511,C.E.I.P. MANUEL ROMERO ARREGUI (41602511),"C/ Alcalde Retamino, s/n",Mairena del Alcor,Sevilla,41510,955649518
429,41002578,C.E.I.P. SAN BARTOLOMÉ (41002578),"C/ Cervantes, s/n",Mairena del Alcor,Sevilla,41510,955649516
430,41009469,I.E.S. LOS ALCORES (41009469),"Avda. Juan de Mairena, s/n",Mairena del Alcor,Sevilla,41510,955649944
431,41701341,I.E.S. MARÍA INMACULADA (41701341),"C/ Nuestra Señora de los Reyes, s/n",Mairena del Alcor,Sevilla,41510,955649907
432,41500293,S.E.P. MANUEL GAVIRA MATEOS (41500293),"C/ Esquimo, s/n. Villa del Conocimi",Mairena del Alcor,Sevilla,41510,955649514
433,41010198,C.E.I.P. EL OLIVO (41010198),"C/ Verde Albahaca, 1",Mairena del Aljarafe,Sevilla,41927,955622508
434,41008337,C.E.I.P. FRANCISCO GINER DE LOS RÍOS (41008337),"C/ Camino de Gelves, s/n",Mairena del Aljarafe,Sevilla,41927,955622883
435,41009494,C.E.I.P. GUADALQUIVIR (41009494),"Avda. de la Constitución, s/n",Mairena del Aljarafe,Sevilla,41927,955622798
436,41601401,C.E.I.P. LEPANTO (41601401),"C/ Navarra, s/n",Mairena del Aljarafe,Sevilla,41927,955623300
437,41000727,C.E.I.P. LOS ROSALES (41000727),"C/ Gregorio Ordóñez, s/n",Mairena del Aljarafe,Sevilla,41927,955622732
438,41018151,C.E.I.P. MALALA (41018151),"Avda. del Conocimiento, 4",Mairena del Aljarafe,Sevilla,41927,671561842
439,41011786,C.E.I.P. MIGUEL HERNÁNDEZ (41011786),"C/ Hermanas Mirabal, s/n",Mairena del Aljarafe,Sevilla,41927,955624849
440,41002608,C.E.I.P. SANTA TERESA (41002608),"C/ Pedro Muñoz Seca, 7",Mairena del Aljarafe,Sevilla,41927,955622537
441,41700521,C.E.M. AMÉRICA MARTÍNEZ (41700521),"Plaza Rolando Campos, s/n",Mairena del Aljarafe,Sevilla,41927,630009489
442,41500189,C.E.PER. ALMAZARA (41500189),"Avda. de Mairena, s/n.",Mairena del Aljarafe,Sevilla,41927,955624979
443,41015329,E.O.I. AL-XARAF (41015329),"C/ Ítaca, 2",Mairena del Aljarafe,Sevilla,41927,955624175
444,41700351,I.E.S. ATENEA (41700351),"C/ Ítaca, 2",Mairena del Aljarafe,Sevilla,41927,955622578
445,41701626,I.E.S. CAVALERI (41701626),"Ronda de Cavaleri, s/n",Mairena del Aljarafe,Sevilla,41927,955622961
446,41011713,I.E.S. HIPATIA (41011713),"Cmo. del Jardinillo, s/n",Mairena del Aljarafe,Sevilla,41927,955624253
447,41700099,I.E.S. JUAN DE MAIRENA (41700099),"Avda. de las Américas, s/n",Mairena del Aljarafe,Sevilla,41927,955623305
448,41002633,C.E.I.P. JUAN XXIII (41002633),"C/ Alameda, s/n",Marchena,Sevilla,41620,955967603
449,41002700,C.E.I.P. MAESTRA ÁNGELES CUESTA (41002700),"C/ Fuentes de Andalucía, 10",Marchena,Sevilla,41620,955967505
450,41002657,C.E.I.P. NUESTRO PADRE JESÚS NAZARENO (41002657),"Ctra. de Paradas, s/n",Marchena,Sevilla,41620,955967502
451,41002669,C.E.I.P. PADRE MARCHENA (41002669),"Avda. de la Feria, s/n",Marchena,Sevilla,41620,955967800
452,41500360,C.E.PER. FÁTIMA DE MARCHENA (41500360),"C/ Senda Ancha, s/n",Marchena,Sevilla,41620,955967614
453,41006389,E.M.M. MAESTRO MORENO TORROBA (41006389),"Plaza de San Andrés, s/n. Edif. San",Marchena,Sevilla,41620,656970450
454,41002694,I.E.S. ISIDRO DE ARCENEGUI Y CARMONA (41002694),"C/ Cerro la Leva, s/n",Marchena,Sevilla,41620,955967803
455,41008507,I.E.S. LÓPEZ DE ARENAS (41008507),"C/ Sevilla, s/n",Marchena,Sevilla,41620,955967944
456,41003091,C.E.I.P. MARIBÁÑEZ (41003091),"Ronda de las Letras, s/n",Maribañez,Sevilla,41727,671538627
457,41701900,I.E.S. JOSÉ SARAMAGO (41701900),"Avda. La Libertad, s/n",Marinaleda,Sevilla,41569,671565810
458,41501145,S.E.P. MARINALEDA (41501145),"C/ Antonio Machado, s/n",Marinaleda,Sevilla,41569,954822575
459,41009597,C.E.I.P. CERRO GUADAÑA (41009597),"Plaza 9 de Mayo, s/n",Marismillas,Sevilla,41730,955838906
460,41002751,C.E.I.P. FRANCISCO REINA (41002751),"C/ Mariana Pineda, s/n",Martín de la Jara,Sevilla,41658,954822523
461,41500761,S.E.P. MARTÍN DE LA JARA (41500761),"C/ San José de Calasanz, s/n",Martín de la Jara,Sevilla,41658,954822523
462,41002748,C.E.I.P. ENCARNACIÓN RUIZ PORRAS (41002748),"Ctra. Matarredonda, s/n",Matarredonda,Sevilla,41569,954822907
463,41002803,C.E.I.P. SANTA TERESA (41002803),"Ctra. Ronda, 32",Montellano,Sevilla,41770,955839940
464,41601681,C.E.I.P. SEGUNDO CENTENARIO (41601681),"C/ Ruiz Ramos, s/n",Montellano,Sevilla,41770,955839946
465,41004708,E.M.M. MANUEL LEAL (41004708),"Ctra. Ronda, 32",Montellano,Sevilla,41770,954875010
466,41701043,I.E.S. CASTILLO DE COTE (41701043),"C/ Molino Pintao, 2",Montellano,Sevilla,41770,955839719
467,41501005,S.E.P. EL PUNTO (41501005),"C/ Sevilla, 84",Montellano,Sevilla,41770,954875917
468,41009299,C.E.I.P. ANTONIO MACHADO (41009299),"Polígono El Rancho, Fase 4, 8",Morón de la Frontera,Sevilla,41530,955859526
469,41002840,C.E.I.P. EL CASTILLO (41002840),"C/ Bosque, 3",Morón de la Frontera,Sevilla,41530,954851019
470,41002852,C.E.I.P. EL LLANETE (41002852),"C/ Francisco Suárez Trasierra, 22",Morón de la Frontera,Sevilla,41530,955859912
471,41002839,C.E.I.P. FERNANDO VILLALÓN (41002839),"C/ Málaga, s/n",Morón de la Frontera,Sevilla,41530,955859510
472,41002876,C.E.I.P. LOS GRUPOS (41002876),"C/ Fray Diego de Cádiz, 142",Morón de la Frontera,Sevilla,41530,955859915
473,41002888,C.E.I.P. MARÍA AUXILIADORA (41002888),"C/ Salamanca, s/n",Morón de la Frontera,Sevilla,41530,671591359
474,41002864,C.E.I.P. PADRE MANJÓN (41002864),"C/ Molino Laprieta, s/n",Morón de la Frontera,Sevilla,41530,955859514
475,41010630,C.E.I.P. REINA SOFÍA (41010630),"Avda. de Mancera, 12",Morón de la Frontera,Sevilla,41530,955859528
476,41500301,C.E.PER. FEDERICO GARCÍA LORCA (41500301),"C/ Vicente Aleixandre, s/n",Morón de la Frontera,Sevilla,41530,955859591
477,41015846,C.E.PER. LA MEZQUITILLA (41015846),Ctra. Morón de la Fra.-Puebla de Ca,Morón de la Frontera,Sevilla,41530,955859668
478,41710019,E.M.M. (41710019),"Plaza del Polvorón, s/n",Morón de la Frontera,Sevilla,41530,954499880
479,41002955,I.E.S. FRAY BARTOLOMÉ DE LAS CASAS (41002955),"Plaza de la Alameda, s/n",Morón de la Frontera,Sevilla,41530,955859519
480,41701055,I.E.S. FUENTE NUEVA (41701055),"C/ Suárez Trasierra, 18",Morón de la Frontera,Sevilla,41530,955859531
481,41701924,I.E.S. PROFESOR JUAN ANTONIO CARRILLO SALCEDO (41701924),"C/ Cervantes, s/n",Morón de la Frontera,Sevilla,41530,955859922
482,41009664,C.E.I.P. EL PRADO (41009664),"C/ Juan Pablo II, s/n",Olivares,Sevilla,41804,955623248
483,41002992,C.E.I.P. LOS EUCALIPTUS (41002992),"Avda. Concepción Arenal, 2",Olivares,Sevilla,41804,955622344
484,41018781,E.M.M. (41018781),"C/ Tallista Luis Jiménez Espinosa,",Olivares,Sevilla,41804,null
485,41701161,I.E.S. HELICHE (41701161),"C/ Tallista Luis Jiménez Espinosa,",Olivares,Sevilla,41804,955623250
486,41500086,S.E.P. OLIVARES (41500086),"C/ Julio César, 54",Olivares,Sevilla,41804,955719208
487,41010642,C.E.E.E. NTRA. SRA. DE LA MERCED (41010642),"C/ Granada, 118",Osuna,Sevilla,41640,954822607
488,41010423,C.E.I.P. NTRA. SRA. DE FÁTIMA (41010423),"Plaza Reyes Católicos, s/n",Osuna,Sevilla,41640,954822556
489,41003017,C.E.I.P. RODRÍGUEZ MARÍN (41003017),"C/ San José de Calasanz, s/n",Osuna,Sevilla,41640,954822695
490,41700592,C.E.M. ALONSO LOBO DE BORJA (41700592),"C/ Sevilla, 22",Osuna,Sevilla,41640,671533124
491,41500724,C.E.PER. CLARA CAMPOAMOR (41500724),"C/ Compañia, 1",Osuna,Sevilla,41640,954822713
492,41018951,C.P.M. (41018951),"C/ Manuel E. Pataroyo, 22-24. Bda.",Osuna,Sevilla,41640,955820289
493,41004381,E.I. PUERTA DE OSUNA (41004381),"C/ San José de Calasanz, s/n",Osuna,Sevilla,41640,954810359
494,41003066,I.E.S. FRANCISCO RODRÍGUEZ MARÍN (41003066),"Paseo San Arcadio, s/n",Osuna,Sevilla,41640,954822717
495,41009123,I.E.S. SIERRA SUR (41009123),"C/ San José de Calasanz, s/n",Osuna,Sevilla,41640,954822856
496,41018896,C.E.I.P. ÁGORA (41018896),"C/ Manzanilla, s/n",Palomares del Río,Sevilla,41928,677982668
497,41010502,C.E.I.P. LA REGÜELA (41010502),"Avda. del Aljarafe, s/n",Palomares del Río,Sevilla,41928,955622877
498,41003236,C.E.I.P. VICENTE ALEIXANDRE (41003236),"C/ Murillo, s/n",Palomares del Río,Sevilla,41928,955623326
499,41017673,I.E.S. PALOMARES (41017673),"Avda. del Aljarafe, s/n",Palomares del Río,Sevilla,41928,671592146
500,41003251,C.E.I.P. MIGUEL RUEDA (41003251),"C/ Estación, s/n",Paradas,Sevilla,41610,955967810
501,41701560,I.E.S. SAN ALBINO (41701560),"C/ San Albino, s/n",Paradas,Sevilla,41610,955967831
502,41500359,S.E.P. MAESTRO CASTEJÓN (41500359),"Plaza Jardines Gregorio Marañón, 11",Paradas,Sevilla,41610,955967621
503,41010186,C.E.I.P. LAS HUERTAS (41010186),"C/ Tulipán, 4",Pedrera,Sevilla,41566,954822986
504,41003261,C.E.I.P. TARTESSOS (41003261),"C/ Rodríguez Marín, 5",Pedrera,Sevilla,41566,954822925
505,41701729,I.E.S. CARLOS CANO (41701729),"C/ Santi Páez, 24",Pedrera,Sevilla,41566,671536619
506,41500682,S.E.P. NUEVA ILUSIÓN (41500682),"C/ Prolongación del Santo Cristo, s",Pedrera,Sevilla,41566,954819019
507,41003285,C.E.I.P. VEGA DEL GUADALQUIVIR (41003285),"C/ San Fernando, 17",Peñaflor,Sevilla,41470,955808559
508,41701951,I.E.S. VIRGEN DE VILLADIEGO (41701951),"C/ San Fernando, 17. Urb. Los Caños",Peñaflor,Sevilla,41470,955808575
509,41500876,S.E.P. PEÑAFLOR (41500876),"C/ Madre María de la Purísima, 15",Peñaflor,Sevilla,41470,661432301
510,41003352,C.E.I.P. BEATRIZ DE CABRERA (41003352),"C/ Aguas, 9",Pilas,Sevilla,41840,955759507
511,41003315,C.E.I.P. NTRA. SRA. DE BELÉN (41003315),"C/ Bodegas, s/n",Pilas,Sevilla,41840,955759505
512,41010435,C.E.I.P. VIRGEN DEL ROCÍO (41010435),"C/ Ntra. Sra. del Rocío, s/n",Pilas,Sevilla,41840,955759921
513,41701298,I.E.S. TORRE DEL REY (41701298),"Avda. Pío XII, s/n",Pilas,Sevilla,41840,955759529
514,41701651,I.E.S. VIRGEN DE LA SOLEDAD (41701651),"Plaza de la Peña, 1",Pilas,Sevilla,41840,955759513
515,41500219,S.E.P. CERRILLO BLANCO (41500219),"Plaza de Isabel II, s/n",Pilas,Sevilla,41840,955752406
516,41000508,C.P.R. LOS GIRASOLES (41000508),"C/ Los Leales, s/n.",Pinzón,Sevilla,41728,955839539
517,41003391,C.E.I.P. LA INMACULADA (41003391),"Ctra. de Olvera, s/n",Pruna,Sevilla,41670,955859902
518,41701961,I.E.S. MAESTRO JOSÉ ZAMUDIO (41701961),"Avda. de los Emigrantes, 2",Pruna,Sevilla,41670,955859909
519,41501157,S.E.P. PRUNA (41501157),"C/ Eduardo Sánchez, 10",Pruna,Sevilla,41670,955859902
520,41601450,C.E.I.P. MARÍA AUXILIADORA (41601450),"Plaza María Auxiliadora, s/n",Puerto de la Encina,Sevilla,41640,671596053
521,41010794,C.E.I.P. ANTONIO RODRÍGUEZ ALMODÓVAR (41010794),"Avda. del Junquillo, s/n",Salteras,Sevilla,41909,955656604
522,41003832,C.E.I.P. FRANCISCA PÉREZ CERPA (41003832),"Avda. de la Constitución, s/n",Salteras,Sevilla,41909,955622745
523,41701742,I.E.S. PÉSULA (41701742),"C/ Martínez de León, s/n",Salteras,Sevilla,41909,955622638
524,41500074,S.E.P. SALTERAS (41500074),"C/ González Eiris, s/n . Casa de la",Salteras,Sevilla,41909,955707400
525,41000387,C.E.I.P. SAN IGNACIO DEL VIAR (41000387),"C/ Picasso, s/n",San Ignacio del Viar,Sevilla,41209,955622886
526,41011993,C.E.I.P. BLANCA DE LOS RÍOS (41011993),"C/ Alcalá de Guadaíra, s/n",San José de la Rinconada,Sevilla,41300,955624497
527,41003704,C.E.I.P. JÚPITER (41003704),"C/ Cultura, 41",San José de la Rinconada,Sevilla,41300,955656801
528,41003731,C.E.I.P. LA PAZ (41003731),"Plaza Azorín, s/n",San José de la Rinconada,Sevilla,41300,955622137
529,41003698,C.E.I.P. MAESTRO ANTONIO RODRÍGUEZ JIMÉNEZ (41003698),"C/ Galileo Galilei, s/n",San José de la Rinconada,Sevilla,41300,955623140
530,41001501,C.E.I.P. MAESTRO PEPE GONZÁLEZ (41001501),Avda. de Portugal del Núcleo de San,San José de la Rinconada,Sevilla,41300,955622356
531,41009500,C.E.I.P. NTRA. SRA. DEL PATROCINIO (41009500),"C/ Cultura, s/n",San José de la Rinconada,Sevilla,41300,697952021
532,41700609,C.E.M. MIGUEL HERNÁNDEZ GARRIDO (41700609),"C/ Vereda de los Chapatales, 2",San José de la Rinconada,Sevilla,41300,955623354
533,41500918,C.E.PER. CERRO MACARENO (41500918),"C/ Virgen de la Esperanza, 5",San José de la Rinconada,Sevilla,41300,955656896
534,41701766,I.E.S. CARMEN LAFFÓN (41701766),"C/ Alcalde Pepe Iglesias, s/n",San José de la Rinconada,Sevilla,41300,955623388
535,41003741,I.E.S. MIGUEL DE MAÑARA (41003741),"C/ Cultura, s/n. (Aptdo. de correos",San José de la Rinconada,Sevilla,41300,955622336
536,41003765,I.E.S. SAN JOSÉ DE LA RINCONADA (41003765),"C/ Cultura, 43",San José de la Rinconada,Sevilla,41300,955622342
537,41003844,C.E.I.P. DAVID PEÑA DORANTES (41003844),"C/ Esperanza Aponte, 2",San Juan de Aznalfarache,Sevilla,41920,955622661
538,41008234,C.E.I.P. JOSÉ PAYÁN GARRIDO (41008234),"C/ Torremolinos, s/n",San Juan de Aznalfarache,Sevilla,41920,955622710
539,41003871,C.E.I.P. SAN PEDRO CRISÓLOGO (41003871),"C/ Villanubla, 15",San Juan de Aznalfarache,Sevilla,41920,955624754
540,41009512,C.E.I.P. TARTESSOS (41009512),"Plaza del Doncel, s/n. Bda. Guadala",San Juan de Aznalfarache,Sevilla,41920,955623702
541,41009019,I.E.S. MATEO ALEMÁN (41009019),"C/ Juan Ramón Jiménez, s/n",San Juan de Aznalfarache,Sevilla,41920,955622723
542,41700828,I.E.S. SEVERO OCHOA (41700828),"C/ Severo Ochoa, s/n",San Juan de Aznalfarache,Sevilla,41920,955624548
543,41701390,I.E.S. SOTERO HERNÁNDEZ (41701390),"C/ Santo Domingo de Guzmán, s/n",San Juan de Aznalfarache,Sevilla,41920,955622674
544,41500165,S.E.P. SAN JUAN DE AZNALFARACHE (41500165),"C/ Antonio Machado, s/n",San Juan de Aznalfarache,Sevilla,41920,955623715
545,41601863,C.E.I.P. SAN DIEGO (41601863),"Avda. del Huéznar, 44",San Nicolás del Puerto,Sevilla,41388,955889565
546,41501212,S.E.P. SAN NICOLÁS (41501212),"Plaza de España, s/n",San Nicolás del Puerto,Sevilla,41388,954885004
547,41003901,C.E.I.P. LA PAZ (41003901),"C/ Maestro D. Francisco Lindes, s/n",Sanlúcar la Mayor,Sevilla,41800,955622743
548,41601449,C.E.I.P. SAN EUSTAQUIO (41601449),"C/ Castilla, 10",Sanlúcar la Mayor,Sevilla,41800,955622510
549,41500116,C.E.PER. MAESTRA DOÑA CARMELA (41500116),"C/ Juan Antonio Santero, 1 I.E.S.",Sanlúcar la Mayor,Sevilla,41800,955624989
550,41000326,E.M.M. (41000326),"C/ Cádiz, 2",Sanlúcar la Mayor,Sevilla,41800,633716752
551,41701778,I.E.S. LUCUS SOLIS (41701778),"C/ Juan Antonio Santero, 2",Sanlúcar la Mayor,Sevilla,41800,955622968
552,41004010,C.E.I.P. JOSEFA FRÍAS (41004010),"Avda. de Extremadura, s/n",Santiponce,Sevilla,41970,955622707
553,41012043,C.E.I.P. MOSAICO (41012043),"Avda. de Andalucía, s/n",Santiponce,Sevilla,41970,671592138
554,41701419,I.E.S. ITÁLICA (41701419),"C/ TIERNO GALVÁN, S/N",Santiponce,Sevilla,41970,671593868
555,41500037,S.E.P. SANTIPONCE (41500037),"C/ Juan Manuel Carbonell Barrios, 1",Santiponce,Sevilla,41970,671536053
556,41007114,C.C. HÍSPALIS (41007114),"C/ Alcalde Manuel del Valle, s/n",Sevilla,Sevilla,41008,954551832
557,41005270,C.C. VIRGEN DE LA ESPERANZA (41005270),"Plaza de El Begí, s/n",Sevilla,Sevilla,41008,955472693
558,41004113,C.C. VIRGEN DE LOS REYES (41004113),Ctra. Isla Menor-Cortijo Cuarto,Sevilla,Sevilla,41014,954554044
559,41009950,C.E.E.E. DIRECTORA MERCEDES SANROMÁ (41009950),"C/ Camino del Silo, 2",Sevilla,Sevilla,41014,955623411
560,41004940,C.E.E.E. VIRGEN MACARENA (41004940),"C/ Juan de Robles, 9",Sevilla,Sevilla,41009,955623409
561,41004836,C.E.I.P. ADRIANO (41004836),"C/ Maestras, s/n",Sevilla,Sevilla,41008,955623100
562,41007308,C.E.I.P. ADRIANO DEL VALLE (41007308),"C/ Azorín, s/n . Bda. de la Plata",Sevilla,Sevilla,41006,955623566
563,41601701,C.E.I.P. AL-ÁNDALUS (41601701),"C/ Arroyo, 109",Sevilla,Sevilla,41008,955623623
564,41004290,C.E.I.P. ALFARES (41004290),"C/ Juan Díaz de Solís, 1",Sevilla,Sevilla,41010,955623452
565,41004344,C.E.I.P. ALMOTAMID (41004344),C/ Traseras Castillo Alcalá de Gua,Sevilla,Sevilla,41013,955623508
566,41004186,C.E.I.P. ALTOS COLEGIOS MACARENA (41004186),"C/ Feria, 167",Sevilla,Sevilla,41002,955624785
567,41008571,C.E.I.P. ANDALUCÍA (41008571),"C/ Luis Ortiz Muñoz, 8",Sevilla,Sevilla,41013,955623578
568,41601723,C.E.I.P. ÁNGEL GANIVET (41601723),"Avda. de Altamira, s/n",Sevilla,Sevilla,41020,955623429
569,41004538,C.E.I.P. ANÍBAL GONZÁLEZ (41004538),"C/ Tibidabo, 13",Sevilla,Sevilla,41005,955622404
570,41004903,C.E.I.P. ARIAS MONTANO (41004903),"C/ Doctor Jiménez Díaz, s/n",Sevilla,Sevilla,41008,955623545
571,41010599,C.E.I.P. ARRAYANES (41010599),"Avda. Ciudad de Chiva, 32",Sevilla,Sevilla,41019,671565249
572,41602651,C.E.I.P. AZAHARES (41602651),"C/ Autogiro, s/n",Sevilla,Sevilla,41020,955623646
573,41009411,C.E.I.P. BALTASAR DE ALCÁZAR (41009411),"Avda. 28 Febrero, s/n",Sevilla,Sevilla,41007,955623474
574,41009238,C.E.I.P. BLAS INFANTE (41009238),"C/ Fray Serafín Madrid, s/n",Sevilla,Sevilla,41009,955623594
575,41004514,C.E.I.P. BORBOLLA (41004514),"C/ Luis Montoto, 101",Sevilla,Sevilla,41007,955622372
576,41004733,C.E.I.P. CALVO SOTELO (41004733),"C/ Arroyo, 44",Sevilla,Sevilla,41008,955623528
577,41004332,C.E.I.P. CAPITÁN GENERAL JULIO COLOMA GALLEGOS (41004332),"C/ Elche, s/n",Sevilla,Sevilla,41013,955624748
578,41007527,C.E.I.P. CARLOS V (41007527),"C/ Camas, s/n. Bda. Torreblanca",Sevilla,Sevilla,41016,955623570
579,41004526,C.E.I.P. CARMEN BENÍTEZ (41004526),"Plaza Carmen Benítez, 2",Sevilla,Sevilla,41003,955622353
580,41004745,C.E.I.P. CONCEPCIÓN DE ESTEVARENA (41004745),"Avda. Ciudad de Chiva, 10",Sevilla,Sevilla,41019,955622556
581,41004356,C.E.I.P. CRISTÓBAL COLÓN (41004356),"C/ Sierra del Castaño, 1",Sevilla,Sevilla,41013,955622771
582,41010964,C.E.I.P. EL MANANTIAL (41010964),C/ Periodista Eduardo Chinarro Díaz,Sevilla,Sevilla,41019,600141221
583,41007281,C.E.I.P. EMILIO PRADOS (41007281),"C/ Puerto de las Pedrizas, 1",Sevilla,Sevilla,41006,955623560
584,41602399,C.E.I.P. ESCRITOR ALFONSO GROSSO (41602399),"C/ Las Naciones, s/n",Sevilla,Sevilla,41008,955623640
585,41004371,C.E.I.P. ESPAÑA (41004371),"Glor. Covadonga, s/n",Sevilla,Sevilla,41013,955623506
586,41007254,C.E.I.P. FEDERICO GARCÍA LORCA (41007254),"C/ Corvina, 19",Sevilla,Sevilla,41015,955623558
587,41004393,C.E.I.P. FERNÁN CABALLERO (41004393),"C/ Malvaloca, s/n. Bda. Felipe II",Sevilla,Sevilla,41013,955622321
588,41004873,C.E.I.P. FRANCISCA ROMERO (41004873),"C/ El Real de la Jara, s/n. Bda. Vi",Sevilla,Sevilla,41008,955623540
589,41009329,C.E.I.P. FRAY BARTOLOMÉ DE LAS CASAS (41009329),C/ Segunda Ronda de Nuestra Señora,Sevilla,Sevilla,41013,955623597
590,41004848,C.E.I.P. HERMANOS MACHADO (41004848),"Avda. Pino Montano, s/n. Bda. San D",Sevilla,Sevilla,41008,955623500
591,41602004,C.E.I.P. HÍSPALIS (41602004),"C/ Alhami, 10",Sevilla,Sevilla,41020,954623415
592,41012055,C.E.I.P. HUERTA DE SANTA MARINA (41012055),"C/ Bordador Rodríguez Ojeda, 10",Sevilla,Sevilla,41003,955622730
593,41004851,C.E.I.P. HUERTA DEL CARMEN (41004851),"C/ Cereza, 3",Sevilla,Sevilla,41009,955623498
594,41601838,C.E.I.P. IGNACIO SÁNCHEZ MEJÍAS (41601838),"C/ Estrella Polar, 7 A",Sevilla,Sevilla,41008,955623629
595,41602430,C.E.I.P. ISBILYA (41602430),"C/ Gema, 8",Sevilla,Sevilla,41020,955623641
596,41004401,C.E.I.P. JACARANDÁ (41004401),"C/ Doctor Italo Cortella, s/n",Sevilla,Sevilla,41020,955623387
597,41015275,C.E.I.P. JARDINES DEL VALLE (41015275),"C/ Recaredo, 41",Sevilla,Sevilla,41003,955624852
598,41004368,C.E.I.P. JOAQUÍN TURINA (41004368),"C/ Alfonso de Cossío, s/n",Sevilla,Sevilla,41004,955623455
599,41004587,C.E.I.P. JORGE JUAN Y ANTONIO ULLOA (41004587),"C/ Amor, s/n",Sevilla,Sevilla,41006,697951331
600,41004265,C.E.I.P. JOSÉ MARÍA DEL CAMPO (41004265),"C/ Pagés del Corro, 115",Sevilla,Sevilla,41010,955622815
601,41004046,C.E.I.P. JOSÉ SEBASTIÁN Y BANDARÁN (41004046),"C/ Alonso Sánchez de Huelva, s/n",Sevilla,Sevilla,41014,955622692
602,41010149,C.E.I.P. JUAN DE LA CUEVA (41010149),"Avda. Parque Amate, 14",Sevilla,Sevilla,41006,955623609
603,41602028,C.E.I.P. JUAN DE MAIRENA (41602028),"Avda. de la Mujer Trabajadora, s/n",Sevilla,Sevilla,41008,955623637
604,41007311,C.E.I.P. JUAN RAMÓN JIMÉNEZ (41007311),"C/ San José de Calasanz, s/n",Sevilla,Sevilla,41010,955623496
605,41601565,C.E.I.P. JUAN SEBASTIÁN ELCANO (41601565),"C/ Lyon, s/n. Bda. Los Bermejales",Sevilla,Sevilla,41012,955623471
606,41004599,C.E.I.P. JUAN XXIII (41004599),"Avda. Dña. Francisquita, s/n. Bda.",Sevilla,Sevilla,41006,955623523
607,41008751,C.E.I.P. LA CANDELARIA (41008751),"Avda. San Juan de la Cruz, s/n",Sevilla,Sevilla,41006,955623584
608,41009330,C.E.I.P. LA RAZA (41009330),"C/ Barrio Nuevo, 2",Sevilla,Sevilla,41012,955622816
609,41009020,C.E.I.P. LOPE DE RUEDA (41009020),"Avda. Fernando Corral, 4",Sevilla,Sevilla,41019,955623422
610,41004058,C.E.I.P. LORA TAMAYO (41004058),"C/ de la Salud, 14",Sevilla,Sevilla,41014,955622696
611,41008350,C.E.I.P. MAESTRA ISABEL ÁLVAREZ (41008350),"C/ Diego de la Barrera, s/n",Sevilla,Sevilla,41013,955656607
612,41008362,C.E.I.P. MAESTRO JOSÉ FUENTES (41008362),"C/ Flor de Albahaca, 4",Sevilla,Sevilla,41020,955624402
613,41007229,C.E.I.P. MANUEL ALTOLAGUIRRE (41007229),"C/ Estrella de los Mares, s/n. Polí",Sevilla,Sevilla,41013,600164512
614,41004435,C.E.I.P. MANUEL CANELA (41004435),"Bda. Nuestra Señora de la Oliva, s/",Sevilla,Sevilla,41013,955623517
615,41008581,C.E.I.P. MANUEL GIMÉNEZ FERNÁNDEZ (41008581),"Bda. Nuestra Señora de la Oliva, s/",Sevilla,Sevilla,41013,955623581
616,41602429,C.E.I.P. MARÍA ZAMBRANO (41602429),"C/ Estrella Sirio, 6. Pino Montano",Sevilla,Sevilla,41008,955623459
617,41010666,C.E.I.P. MARIANA DE PINEDA (41010666),"Bda. Las Naciones, s/n",Sevilla,Sevilla,41008,955623614
618,41012079,C.E.I.P. MARIE CURIE (41012079),"C/ Chipre, s/n",Sevilla,Sevilla,41012,955624819
619,41007540,C.E.I.P. MENÉNDEZ PIDAL (41007540),"C/ Nogal, 1",Sevilla,Sevilla,41017,955623572
620,41009093,C.E.I.P. MIGUEL HERNÁNDEZ (41009093),"Avda. Éfeso, 3. Polígono San Pablo,",Sevilla,Sevilla,41007,671530030
621,41004447,C.E.I.P. NTRA. SRA. DE LA PAZ (41004447),"C/ General Merry, s/n",Sevilla,Sevilla,41013,955623505
622,41601711,C.E.I.P. NTRA. SRA. DEL ÁGUILA (41601711),"C/ Águila Marina, s/n",Sevilla,Sevilla,41006,955623626
623,41010678,C.E.I.P. ORTIZ DE ZÚÑIGA (41010678),"Avda. Ramón y Cajal, s/n",Sevilla,Sevilla,41005,671537810
624,41601553,C.E.I.P. PABLO RUIZ PICASSO (41601553),"C/ Corral Barquillero, s/n",Sevilla,Sevilla,41015,955623621
625,41004605,C.E.I.P. PABLO VI (41004605),"C/ La Revoltosa, 1. Bda. Juan XXIII",Sevilla,Sevilla,41006,955623526
626,41004617,C.E.I.P. PAULO OROSIO (41004617),"C/ Paulo Orosio, s/n",Sevilla,Sevilla,41006,955622416
627,41601991,C.E.I.P. PAZ Y AMISTAD (41601991),"Avda. de la Paz, 111",Sevilla,Sevilla,41013,955623462
628,41007291,C.E.I.P. PEDRO GARFIAS (41007291),"C/ Rayo de Luna, s/n. Bda. Golondri",Sevilla,Sevilla,41009,955623563
629,41010654,C.E.I.P. PINO FLORES (41010654),"C/ Jara, s/n",Sevilla,Sevilla,41008,955623426
630,41004897,C.E.I.P. PÍO XII (41004897),"C/ Orquídea, 57",Sevilla,Sevilla,41008,955623542
631,41004541,C.E.I.P. PRÁCTICAS (41004541),"C/ Beatriz de Suabia, 117",Sevilla,Sevilla,41005,955622407
632,41009548,C.E.I.P. PRÍNCIPE DE ASTURIAS (41009548),"C/ Príncipe de Asturias, s/n",Sevilla,Sevilla,41016,955623602
633,41009408,C.E.I.P. RICO CEJUDO (41009408),"C/ Coruña, 1. La Dársena",Sevilla,Sevilla,41010,955623475
634,41004769,C.E.I.P. SAN IGNACIO DE LOYOLA (41004769),"C/ Manolete, s/n. Polígono San Pabl",Sevilla,Sevilla,41007,955623503
635,41004231,C.E.I.P. SAN ISIDORO (41004231),"C/ Mesón del Moro, 3",Sevilla,Sevilla,41004,955622698
636,41004289,C.E.I.P. SAN JACINTO (41004289),"C/ Pagés del Corro, 88",Sevilla,Sevilla,41010,955623513
637,41004307,C.E.I.P. SAN JOSÉ DE CALASANZ (41004307),"C/ San José de Calasanz, 6. Bda. Sa",Sevilla,Sevilla,41010,955622132
638,41009688,C.E.I.P. SAN JOSÉ DE PALMETE (41009688),"Bda. San José de Palmete, s/n",Sevilla,Sevilla,41006,955623605
639,41004939,C.E.I.P. SAN JOSÉ OBRERO (41004939),"C/ Verano, s/n. Hermandades del Tra",Sevilla,Sevilla,41009,955623548
640,41004782,C.E.I.P. SAN JUAN DE RIBERA (41004782),"C/ Manuel Luna, 3. Políg. San Pablo",Sevilla,Sevilla,41007,955623533
641,41004794,C.E.I.P. SAN PABLO (41004794),"Plaza de la Toná, s/n",Sevilla,Sevilla,41007,955623536
642,41602259,C.E.I.P. SANTA CLARA (41602259),"C/ Fray Marcos de Niza, s/n",Sevilla,Sevilla,41007,955623457
643,41004198,C.E.I.P. SOR ÁNGELA DE LA CRUZ (41004198),"C/ Maestro Quiroga, s/n",Sevilla,Sevilla,41003,955624977
644,41008374,C.E.I.P. TARTESSOS (41008374),"C/ Telémaco, s/n",Sevilla,Sevilla,41020,955623699
645,41006845,C.E.I.P. TEODOSIO (41006845),"C/ Maestras, s/n",Sevilla,Sevilla,41015,955623552
646,41007539,C.E.I.P. TIERNO GALVÁN (41007539),"C/ Torrellana, s/n",Sevilla,Sevilla,41016,955623494
647,41008866,C.E.I.P. VALDÉS LEAL (41008866),"Ctra. Carmona, 47. San Nicolás",Sevilla,Sevilla,41008,955623588
648,41009391,C.E.I.P. VALERIANO BÉCQUER (41009391),"C/ Bollullos, s/n",Sevilla,Sevilla,41006,955623696
649,41004320,C.E.I.P. VARA DEL REY (41004320),"Avda. Bermúdez de Castro, s/n. Tabl",Sevilla,Sevilla,41011,954450598
650,41007552,C.E.I.P. VÉLEZ DE GUEVARA (41007552),"C/ Torregrosa, s/n",Sevilla,Sevilla,41016,955623577
651,41004563,C.E.I.P. VICTORIA DÍEZ (41004563),"C/ Candelón, 1",Sevilla,Sevilla,41006,955622376
652,41004460,C.E.I.P. ZURBARÁN (41004460),"Ronda Nuestra Señora de la Oliva, s",Sevilla,Sevilla,41013,955623519
653,41700294,C.E.M. LA PALMERA (41700294),"C/ Lyon, s/n",Sevilla,Sevilla,41012,954619094
654,41700282,C.E.M. MACARENA (41700282),"Plaza Doctor Barraquer, s/n",Sevilla,Sevilla,41009,955623348
655,41700270,C.E.M. TRIANA (41700270),"Avda. Blas Infante, 14",Sevilla,Sevilla,41011,955623339
656,41501236,C.E.PER. ALFONSO MURIEL (41501236),Ctra. Torreblanca-Mairena del Alcor,Sevilla,Sevilla,41017,955611111
657,41500554,C.E.PER. AMÉRICA (41500554),"Avda. Ramón y Cajal, s/n. Edificio",Sevilla,Sevilla,41005,955656899
658,41500426,C.E.PER. JOSÉ SÁNCHEZ ROSA (41500426),"Paseo Parque Sierra de Baza, 2",Sevilla,Sevilla,41008,955656879
659,41500396,C.E.PER. MANUEL PRADA RICO(BELLAVISTA) (41500396),"Avda. Bellavista, nº 35",Sevilla,Sevilla,41014,955656646
660,41500402,C.E.PER. POLÍGONO NORTE (41500402),"C/ Fray Serafín Madrid, s/n C.P. Bl",Sevilla,Sevilla,41009,955656648
661,41500384,C.E.PER. POLÍGONO SUR (41500384),C/ Bendición y Esperanza. 2,Sevilla,Sevilla,41013,955656917
662,41500414,C.E.PER. SAN DIEGO-LOS CARTEROS (41500414),"Avda. de Pino Montano, 31 centro ci",Sevilla,Sevilla,41008,955656877
663,41500372,C.E.PER. TRIANA (41500372),"C/ Santa Fé, s/n Centro Cívico Teja",Sevilla,Sevilla,41011,955656875
664,41500451,C.E.PER. VALDÉS LEAL (41500451),"Ctra. de Carmona, s/n",Sevilla,Sevilla,41008,955656650
665,41004915,C.E.PR. BUENAVISTA (41004915),"C/ Río Piedras, s/n. San Jerónimo",Sevilla,Sevilla,41015,955622169
666,41018239,C.E.PR. CRUZ DEL CAMPO (41018239),"Avda. Cruz del Campo, 52",Sevilla,Sevilla,41005,955624855
667,41701249,C.P.D. ANTONIO RUIZ SOLER (41701249),"Paseo de las Delicias, s/n",Sevilla,Sevilla,41012,955623359
668,41700841,C.P.I.F.P. LOS VIVEROS (41700841),"Avda. Blas Infante, s/n",Sevilla,Sevilla,41010,955623862
669,41702230,C.P.M. CRISTÓBAL DE MORALES (41702230),"C/ Jesús del Gran Poder, 49",Sevilla,Sevilla,41002,955623358
670,41700269,C.P.M. FRANCISCO GUERRERO (41700269),"Avda. Ramón y Cajal, s/n",Sevilla,Sevilla,41005,955623364
671,41010125,C.S.M. MANUEL CASTILLO (41010125),"C/ Baños, 48",Sevilla,Sevilla,41002,677903762
672,41007266,E.A.S.D. SEVILLA (41007266),"Avda. de Chile, s/n. Pabellón de Ch",Sevilla,Sevilla,41013,677981732
673,41009366,E.I. ARGOTE DE MOLINA (41009366),Plaza Ermita del Rocío s/n. Bda.Roc,Sevilla,Sevilla,41009,955623477
674,41008881,E.I. FERNANDO VILLALÓN (41008881),"C/ Corvina, 20",Sevilla,Sevilla,41015,955623483
675,41009184,E.I. JULIO CÉSAR (41009184),"C/ Esparteros, s/n. Bda. Pino Monta",Sevilla,Sevilla,41008,955623481
676,41009317,E.I. MARTÍN DE GAINZA (41009317),"C/ Alfonso XI, 47 B",Sevilla,Sevilla,41005,955623479
677,41008878,E.I. SANTA CATALINA (41008878),"Plaza de Luis Cernuda, 20",Sevilla,Sevilla,41008,955623485
678,41009378,E.I. TORIBIO DE VELASCO (41009378),"C/ Diamantino García, 2-4",Sevilla,Sevilla,41006,955623104
679,41008258,E.O.I. SEVILLA-MACARENA (41008258),"Avda. Doctor Fedriani, 21",Sevilla,Sevilla,41009,955656869
680,41700233,E.S.A.D. (41700233),"C/ Pascual de Gayangos, 33",Sevilla,Sevilla,41002,954915974
681,41009858,I.E.S. ALBERT EINSTEIN (41009858),"C/ Salineros, s/n",Sevilla,Sevilla,41008,955623746
682,41009068,I.E.S. ANTONIO DOMÍNGUEZ ORTIZ (41009068),"Avda. Letanias, s/n. Polígono Sur",Sevilla,Sevilla,41013,955623717
683,41009071,I.E.S. ANTONIO MACHADO (41009071),"C/ Arroyo, 80",Sevilla,Sevilla,41008,955622122
684,41700427,I.E.S. AZAHAR (41700427),"Avda. Alcalde Manuel del Valle, 69",Sevilla,Sevilla,41008,955622818
685,41009871,I.E.S. BEATRIZ DE SUABIA (41009871),"C/ Beatriz de Suabia, s/n",Sevilla,Sevilla,41005,955623760
686,41008519,I.E.S. BELLAVISTA (41008519),"Ctra. de la Isla, s/n",Sevilla,Sevilla,41014,955623675
687,41007230,I.E.S. CARLOS HAYA (41007230),"C/ Barberán y Collar, s/n",Sevilla,Sevilla,41011,955624741
688,41014003,I.E.S. CHAVES NOGALES (41014003),"C/ Doctora Navarro Rodríguez, s/n.",Sevilla,Sevilla,41020,955111322
689,41700415,I.E.S. CIUDAD JARDÍN (41700415),"C/ Canal, s/n",Sevilla,Sevilla,41005,955622222
690,41003376,I.E.S. DIAMANTINO GARCÍA ACOSTA (41003376),"C/ José Sarabia, 11",Sevilla,Sevilla,41006,955623657
691,41011041,I.E.S. FEDERICO MAYOR ZARAGOZA (41011041),"C/ Camino del Silo, 4",Sevilla,Sevilla,41012,955623795
692,41701687,I.E.S. FÉLIX RODRÍGUEZ DE LA FUENTE (41701687),"C/ Mar Tirreno, s/n",Sevilla,Sevilla,41015,955623464
693,41006924,I.E.S. FERNANDO DE HERRERA (41006924),"Avda. de la Palmera, 20",Sevilla,Sevilla,41012,955622191
694,41006912,I.E.S. GUSTAVO ADOLFO BÉCQUER (41006912),"C/ López de Gomara, s/n",Sevilla,Sevilla,41010,955622825
695,41009135,I.E.S. HELIÓPOLIS (41009135),"Avda. Guadalbullón, 1",Sevilla,Sevilla,41013,955623735
696,41701420,I.E.S. INMACULADA VIEIRA (41701420),"Avda. Barzola, s/n",Sevilla,Sevilla,41009,955623661
697,41700403,I.E.S. ISBILYA (41700403),"C/ Esperanza de la Trinidad, 7",Sevilla,Sevilla,41003,955623851
698,41701675,I.E.S. JOAQUÍN ROMERO MURUBE (41701675),"C/ Manuel Fal Conde, 7",Sevilla,Sevilla,41013,955623682
699,41010541,I.E.S. JOAQUÍN TURINA (41010541),"Avda. Kansas City, s/n",Sevilla,Sevilla,41007,955623775
700,41700014,I.E.S. JULIO VERNE (41700014),"C/ Estrella Proción, s/n",Sevilla,Sevilla,41015,955623816
701,41702096,I.E.S. LEONARDO DA VINCI (41702096),"Ronda de la Doctora, s/n",Sevilla,Sevilla,41006,955623755
702,41700117,I.E.S. LLANES (41700117),"C/ Escultor Francisco Buiza, s/n",Sevilla,Sevilla,41008,671534960
703,41006951,I.E.S. LUCA DE TENA (41006951),"C/ Pirineos, 17",Sevilla,Sevilla,41005,955622189
704,41700038,I.E.S. MACARENA (41700038),C/ Doctor José Manuel Puelles de lo,Sevilla,Sevilla,41009,955622208
705,41010824,I.E.S. MARGARITA SALAS (41010824),"C/ Flor de Papel, s/n",Sevilla,Sevilla,41020,955656608
706,41702047,I.E.S. MARÍA MOLINER (41702047),"Avda. Ciudad de Chiva, 1",Sevilla,Sevilla,41019,955623725
707,41006948,I.E.S. MARTÍNEZ MONTAÑÉS (41006948),"C/ Fernández de Ribera, s/n",Sevilla,Sevilla,41005,955623877
708,41011117,I.E.S. MIGUEL DE CERVANTES (41011117),"C/ Manzana, s/n",Sevilla,Sevilla,41009,955623806
709,41000089,I.E.S. MIGUEL SERVET (41000089),"Paseo Miguel de Unamuno, 8",Sevilla,Sevilla,41020,955623647
710,41006936,I.E.S. MURILLO (41006936),"C/ José Recuerda Rubio, s/n",Sevilla,Sevilla,41018,955623865
711,41010769,I.E.S. NERVIÓN (41010769),"C/ Profesor Buenaventura Pinillos,",Sevilla,Sevilla,41005,955623788
712,41011129,I.E.S. PABLO PICASSO (41011129),"Avda. Ontur, s/n",Sevilla,Sevilla,41019,955624555
713,41007451,I.E.S. PINO MONTANO (41007451),"Avda. Pino Montano, s/n",Sevilla,Sevilla,41015,955623886
714,41009056,I.E.S. POLÍGONO SUR (41009056),"C/ Esclava del Señor, 2",Sevilla,Sevilla,41013,955622844
715,41006997,I.E.S. POLITÉCNICO (41006997),"C/ Virgen de la Victoria, 48",Sevilla,Sevilla,41011,955623881
716,41700178,I.E.S. PUNTA DEL VERDE (41700178),"C/ Barrionuevo, 4",Sevilla,Sevilla,41012,955623824
717,41009044,I.E.S. RAMÓN CARANDE (41009044),"C/ Alfonso Lasso de la Vega, 4",Sevilla,Sevilla,41013,955623704
718,41701109,I.E.S. RAMÓN DEL VALLE INCLÁN (41701109),"C/ Doctor Palomares García, 2",Sevilla,Sevilla,41020,955622848
719,41015755,I.E.S. SALVADOR TÁVORA (41015755),"C/ Puerto de los Alazores, s/n",Sevilla,Sevilla,41006,955623830
720,41006894,I.E.S. SAN ISIDORO (41006894),"C/ Amor de Dios, 28",Sevilla,Sevilla,41002,955622177
721,41010757,I.E.S. SAN JERÓNIMO (41010757),"C/ Corvina, 17",Sevilla,Sevilla,41015,955623781
722,41008532,I.E.S. SAN PABLO (41008532),"Avda. Éfeso, s/n",Sevilla,Sevilla,41007,955623431
723,41700373,I.E.S. SANTA AURELIA (41700373),"C/ Amor, s/n",Sevilla,Sevilla,41006,955623837
724,41701444,I.E.S. SIGLO XXI (41701444),"C/ Torrelaguna, s/n",Sevilla,Sevilla,41017,955623672
725,41009883,I.E.S. TORREBLANCA (41009883),"C/ Torregrosa, 85",Sevilla,Sevilla,41016,955623767
726,41700041,I.E.S. TRIANA (41700041),"C/ San Jacinto, 79",Sevilla,Sevilla,41010,955622853
727,41700385,I.E.S. V CENTENARIO (41700385),"C/ Doctor Miguel Ríos Sarmiento, s/",Sevilla,Sevilla,41020,955623844
728,41006900,I.E.S. VELÁZQUEZ (41006900),"C/ Francisco Carrión Mejías, 10",Sevilla,Sevilla,41003,955622861
729,41007357,I.E.S. VICENTE ALEIXANDRE (41007357),"C/ San Vicente de Paúl, 5",Sevilla,Sevilla,41010,671534470
730,41702084,I.P.E.P. SEVILLA (41702084),C/ Clara de Jesus Montero s/n,Sevilla,Sevilla,41010,650894397
731,41500499,S.E.P. AZORÍN (41500499),"C/ Pruna, s/n",Sevilla,Sevilla,41006,955656652
732,41501224,S.E.P. CANDILEJAS (41501224),"C/ Candelón, 1. C.P. Victoria Díez",Sevilla,Sevilla,41006,954632950
733,41500542,S.E.P. CERRO-HYTASA (41500542),"C/ Paulo Orosio, s/n",Sevilla,Sevilla,41006,954639816
734,41007503,S.E.P. EL ALAMBIQUE (41007503),Ctra. Torreblanca-Mairena del Alcor,Sevilla,Sevilla,41007,955616666
735,41500530,S.E.P. JUAN XXIII (41500530),"Avda. Doña Francisquita, s/n. Bda.",Sevilla,Sevilla,41006,954925972
736,41500578,S.E.P. MACARENA (41500578),"C/ Don Fadrique, 57-59. Centro Cívi",Sevilla,Sevilla,41009,955622729
737,41500463,S.E.P. MANOLO COLLADO (41500463),"Plaza Luceros, nº 9-A",Sevilla,Sevilla,41019,955656609
738,41500505,S.E.P. MANOLO REYES (41500505),"C/ Águila Imperial, s/n",Sevilla,Sevilla,41006,4922927
739,41500566,S.E.P. MARÍA INMACULADA (41500566),"C/ Manzana, s/n I.E.S. Miguel Cerva",Sevilla,Sevilla,41009,955624910
740,41500487,S.E.P. PALMETE (41500487),"C/ Honestidad, s/n.",Sevilla,Sevilla,41006,671596283
741,41500475,S.E.P. POLÍGONO DE SAN PABLO (41500475),"C/ Gallega a la ventana, 3",Sevilla,Sevilla,41007,955656887
742,41500581,S.E.P. SAN BERNARDO (41500581),"C/ Doña Clarines, s/n c.p. Fernan C",Sevilla,Sevilla,41013,954238804
743,41500438,S.E.P. SAN JERÓNIMO (41500438),"C/ Corvina, 17 (Edificio IES San Je",Sevilla,Sevilla,41015,955656883
744,41500529,S.E.P. TORREBLANCA (41500529),"C/ Torregrosa, s/n",Sevilla,Sevilla,41016,955656644
745,41500441,S.E.P. VALDEZORRAS (41500441),"C/ Vereda del Poco Aceite, 79",Sevilla,Sevilla,41007,661140237
746,41007655,C.E.I.P. JUAN DE MESA (41007655),"C/ Virgen del Rosario, 11",Tocina,Sevilla,41340,671539088
747,41700919,I.E.S. RAMÓN Y CAJAL (41700919),"Ctra. Tocina- Rosales, s/n",Tocina,Sevilla,41340,955649630
748,41500906,S.E.P. MANUEL MACHADO (41500906),"C/ Santa Cruz, s/n",Tocina,Sevilla,41340,677516682
749,41008830,C.E.I.P. JUAN RAMÓN JIMÉNEZ (41008830),"C/ Margarita, s/n",Tomares,Sevilla,41940,955622715
750,41007679,C.E.I.P. TOMÁS DE YBARRA (41007679),"C/ Estacada del Rosario, 53",Tomares,Sevilla,41940,955623611
751,41012316,C.E.PR. S.A.R. INFANTA LEONOR (41012316),"C/ Ramón y Cajal, s/n",Tomares,Sevilla,41940,955624295
752,41602235,E.I. EL CARMEN (41602235),"C/ Gabriel Miró, s/n",Tomares,Sevilla,41940,955624540
753,41012225,I.E.S. ÍTACA (41012225),"Avda. Cristina Hoyos, s/n",Tomares,Sevilla,41940,600141272
754,41701183,I.E.S. NÉSTOR ALMENDROS (41701183),"C/ Néstor Almendros, s/n",Tomares,Sevilla,41940,955622151
755,41500177,S.E.P. TOMARES (41500177),"C/ Navarro Caro, s/n",Tomares,Sevilla,41940,954156759
756,41002244,C.E.I.P. NTRA. SRA. DEL CARMEN (41002244),"C/ Sol, s/n",Torre de la Reina,Sevilla,41209,955739502
757,41017193,C.E.I.P. ARCU (41017193),"C/ Balenciaga, s/n",Umbrete,Sevilla,41806,671599922
758,41007680,C.E.I.P. INSPECTOR RUPERTO ESCOBAR (41007680),"C/ Río Quema, s/n",Umbrete,Sevilla,41806,955656664
759,41012341,C.E.I.P. PRÍNCIPE FELIPE (41012341),"C/ Francisco Pacheco, 4",Umbrete,Sevilla,41806,955624786
760,41701663,I.E.S. PINO RUEDA (41701663),"Avda. de la Democracia, s/n",Umbrete,Sevilla,41806,955623340
761,41500098,S.E.P. SAN BARTOLOMÉ(UMBRETE-BOLLULLOS DE LA MITACIÓN) (41500098),"Plaza Presidente Rafael Escudero, s",Umbrete,Sevilla,41806,637530752
762,41007783,C.E.I.P. AL-ÁNDALUS (41007783),"C/ Seguiriya, 1",Utrera,Sevilla,41710,955839548
763,41008741,C.E.I.P. ALFONSO DE ORLEANS (41008741),"C/ Armilla, 1. Bda. Ciudad del Aire",Utrera,Sevilla,41710,671539671
764,41007761,C.E.I.P. COCA DE LA PIÑERA (41007761),"Plaza Bailén, s/n",Utrera,Sevilla,41710,955839744
765,41601747,C.E.I.P. LA FONTANILLA (41601747),"C/ Río Verde, 25",Utrera,Sevilla,41710,955839696
766,41007771,C.E.I.P. MAESTRO JUAN ANTONIO VELASCO (41007771),"Avda. Virgen del Águila, s/n",Utrera,Sevilla,41710,955839570
767,41010265,C.E.I.P. NTRA. SRA. DE LAS MARISMAS (41010265),"Plaza Escuelas, s/n. Poblado Trajan",Utrera,Sevilla,41729,955839592
768,41601981,C.E.I.P. PROFESOR TIERNO GALVÁN (41601981),"C/ San Lucas, s/n",Utrera,Sevilla,41710,955839618
769,41007795,C.E.I.P. RODRIGO CARO (41007795),"C/ Ramón y Cajal, 16",Utrera,Sevilla,41710,671565468
770,41007746,C.E.I.P. SERAFÍN Y JOAQUÍN ÁLVAREZ QUINTERO (41007746),"Avda. de los Naranjos, s/n",Utrera,Sevilla,41710,955839904
771,41700622,C.E.M. ANA VALLER (41700622),"Avda. Curro Guillén, 1",Utrera,Sevilla,41710,955839693
772,41500979,C.E.PER. HERMANOS MACHADO (41500979),"C/ La Palma, 3, local 1",Utrera,Sevilla,41710,955839754
773,41602491,E.I. MARÍA MONTESSORI (41602491),"Avda. del Ejército, s/n",Utrera,Sevilla,41710,955839620
774,41701997,I.E.S. JOSÉ MARÍA INFANTES (41701997),"C/ Jilguero, s/n",Utrera,Sevilla,41710,955839513
775,41700154,I.E.S. PONCE DE LEÓN (41700154),"C/ Constelación Pavo Real, s/n",Utrera,Sevilla,41710,955838924
776,41007898,I.E.S. RUIZ GIJÓN (41007898),"Paseo de Consolación, 1",Utrera,Sevilla,41710,955839573
777,41007904,I.E.S. VIRGEN DE CONSOLACIÓN (41007904),"Paseo de Consolación, s/n",Utrera,Sevilla,41710,955839595
778,41010460,C.E.I.P. EL ALGARROBILLO (41010460),"C/ Sevilla, 1",Valencina de la Concepción,Sevilla,41907,955622552
779,41701614,I.E.S. LAS ENCINAS (41701614),"C/ García Lorca, 16",Valencina de la Concepción,Sevilla,41907,955622618
780,41500062,S.E.P. VALENCINA DE LA CONCEPCIÓN (41500062),"C/ Cervantes, 2",Valencina de la Concepción,Sevilla,41907,671536152
781,41007953,C.E.I.P. SAN PEDRO DE ZÚÑIGA (41007953),"C/ Pascual Márquez, 40",Villamanrique de la Condesa,Sevilla,41850,955759511
782,41000545,E.M.M. TARTESSOS (41000545),"C/ Francisco Bedoya, 29",Villamanrique de la Condesa,Sevilla,41850,955755292
783,41701456,I.E.S. NUESTRA SEÑORA DEL ROCÍO (41701456),"C/ Francisco Bedoya, 29",Villamanrique de la Condesa,Sevilla,41850,955759926
784,41500207,S.E.P. MURES (41500207),"C/ Francisco Bedoya, s/n",Villamanrique de la Condesa,Sevilla,41850,955759528
785,41008076,C.E.I.P. NTRA. SRA. DEL ROSARIO (41008076),"C/ Puerta Osuna, s/n",Villanueva de San Juan,Sevilla,41660,954822963
786,41500323,S.E.P. VILLANUEVA DE SAN JUAN (41500323),"Ctra. de Morón, 1",Villanueva de San Juan,Sevilla,41660,954822730
787,41007989,C.E.I.P. MANUEL CASTRO ORELLANA (41007989),"C/ Manuel Castaño Silva, s/n",Villanueva del Ariscal,Sevilla,41808,955622923
788,41000909,E.M.M. HERMANOS REBOLLO ORDEN (41000909),"C/ Manuel Castaño Silva, s/n",Villanueva del Ariscal,Sevilla,41808,954113035
789,41701638,I.E.S. AL-ISCAR (41701638),"C/ Lagar, s/n",Villanueva del Ariscal,Sevilla,41808,671599985
790,41501182,S.E.P. VILLANUEVA DEL ARISCAL (41501182),"C/ Manuel Castaño Silva, s/n",Villanueva del Ariscal,Sevilla,41808,955624902
791,41602338,C.E.I.P. NUESTRA SEÑORA DEL ROSARIO (41602338),"C/ Egido, s/n",Villanueva del Río,Sevilla,41359,955649748
792,41008039,C.E.I.P. VIRGILIO FERNÁNDEZ PÉREZ (41008039),"C/ Balbo, 1",Villanueva del Río y Minas,Sevilla,41350,955649556
793,41702001,I.E.S. MUNIGUA (41702001),"C/ Trasera M. Champagnat, s/n",Villanueva del Río y Minas,Sevilla,41350,955649645
794,41500891,S.E.P. LAS MINAS (41500891),"C/ Balbo, s/n. Apdo. correos 22",Villanueva del Río y Minas,Sevilla,41350,955649525
795,41012365,C.E.I.P. ALPESA (41012365),"C/ Santa Teresa, 10",Villaverde del Río,Sevilla,41318,600141725
796,41008088,C.E.I.P. NTRA. SRA. DE AGUAS SANTAS (41008088),"C/ Cruz, 25",Villaverde del Río,Sevilla,41318,955739955
797,41700920,I.E.S. PEPE RUIZ VELA (41700920),"Avda. Aguas Santas, 114",Villaverde del Río,Sevilla,41318,955739930
798,41500943,S.E.P. MESA REDONDA (41500943),"C/ Mesa Redonda, 33",Villaverde del Río,Sevilla,41318,647758473
1,11000010,C.E.I.P. JUAN ARMARIO (11000010),"Avda. San Antonio, s/n",Alcalá de los Gazules,Cádiz,11180,956418500
2,11700305,I.E.S. PEDRO SÁINZ DE ANDINO (11700305),"Paseo de la Playa, 19",Alcalá de los Gazules,Cádiz,11180,956418502
3,11500501,S.E.P. MAESTRA INMACULADA ALMAGRO (11500501),"C/ Lepanto, 7",Alcalá de los Gazules,Cádiz,11180,956420202
4,11000071,C.E.I.P. MAESTRO JOSÉ ARENAS PULIDO (11000071),"Avda. de la Libertad, s/n",Alcalá del Valle,Cádiz,11693,956128636
5,11007971,C.E.I.P. MANUEL PORTALES GARRIDO (11007971),"C/ Lepanto, s/n",Alcalá del Valle,Cádiz,11693,671533623
6,11700470,I.E.S. FUENTE GRANDE (11700470),"Avda. Blas Infante, s/n",Alcalá del Valle,Cádiz,11693,856588007
7,11500031,S.E.P. LA NORIA (11500031),"C/ Granada, s/n",Alcalá del Valle,Cádiz,11693,956128645
8,11000095,C.E.I.P. SIERRA DE CÁDIZ (11000095),"Avda. Diputación, s/n",Algar,Cádiz,11639,956709621
9,11500146,S.E.P. TAJO DEL ÁGUILA (11500146),"C/ Nueva, 1",Algar,Cádiz,11639,956710202
10,11000204,C.E.E.E. VIRGEN DE LA ESPERANZA (11000204),"Avda. Europa, s/n. Urb. Bernabé",Algeciras,Cádiz,11204,956670625
11,11000502,C.E.I.P. ADALIDES (11000502),"C/ Adalides, s/n",Algeciras,Cádiz,11204,956670100
12,11000113,C.E.I.P. ALFONSO XI (11000113),"Paseo Adaja, s/n. Bda. Piñera y Gua",Algeciras,Cádiz,11206,956670700
13,11006863,C.E.I.P. ANDALUCÍA (11006863),"C/ Guadalquivir, s/n",Algeciras,Cádiz,11206,956670846
14,11006516,C.E.I.P. BLANCA DE LOS RÍOS (11006516),"Avda. Europa, s/n",Algeciras,Cádiz,11204,956670312
15,11603282,C.E.I.P. CAETARIA (11603282),"Avda. 28 Febrero, 4 A",Algeciras,Cádiz,11207,956670789
16,11603099,C.E.I.P. CAMPO DE GIBRALTAR (11603099),"Avda. de la Caña, 24 y 26",Algeciras,Cádiz,11203,956670833
17,11000150,C.E.I.P. GENERAL CASTAÑOS (11000150),"Avda. Virgen de Europa, 2",Algeciras,Cádiz,11201,956670709
18,11602630,C.E.I.P. LOS ARCOS (11602630),"Cañ. Los Tomates, 1. Bda. El Cobre",Algeciras,Cádiz,11206,956670821
19,11602964,C.E.I.P. MEDITERRÁNEO DON LUIS UNCITI ESPARZA (11602964),Ctra. El Rinconcillo s/n,Algeciras,Cádiz,11205,670943321
20,11000393,C.E.I.P. NTRA. SRA. DE EUROPA (11000393),"C/ Maestro Luis Cano Toba, s/n. Los",Algeciras,Cádiz,11206,956670769
21,11006243,C.E.I.P. PARQUE DEL ESTRECHO (11006243),"C/ Minerva, s/n",Algeciras,Cádiz,11207,956102599
22,11000435,C.E.I.P. PUERTA DEL MAR (11000435),Ctra. Málaga. Urb. Parque Bolonia,Algeciras,Cádiz,11204,956670585
23,11006887,C.E.I.P. SAN BERNARDO (11006887),"C/ Millán Picazo, 81",Algeciras,Cádiz,11204,956670201
24,11603464,C.E.I.P. SAN GARCÍA (11603464),"C/ Batel, s/n",Algeciras,Cádiz,11207,956670803
25,11000162,C.E.I.P. SANTA TERESA DE JESÚS (11000162),"Avda. Príncipes de España, s/n. Bda",Algeciras,Cádiz,11202,956670711
26,11006802,C.E.I.P. TARTESSOS (11006802),"C/ Federico García Lorca, s/n",Algeciras,Cádiz,11207,956670850
27,11000198,C.E.I.P. VIRGEN DEL MAR (11000198),"C/ Manuel de Falla, s/n",Algeciras,Cádiz,11204,956670119
28,11000332,C.E.I.P. VIRGEN DEL PILAR (11000332),"C/ Segre, s/n. Bda. La Piñera",Algeciras,Cádiz,11206,956670759
29,11500811,C.E.PER. AL-YAZIRAT (11500811),"Avda. Príncipes de España, Centro C",Algeciras,Cádiz,11202,956670283
30,11500535,C.E.PER. JUAN RAMÓN JIMÉNEZ (11500535),"Plaza Omeya, s/n",Algeciras,Cádiz,11203,956670285
31,11500456,C.E.PER. RÍO DE LA MIEL (11500456),"Ctra. El Cobre, Km. 4,5",Algeciras,Cádiz,11206,956582652
32,11000137,C.E.PR. JUAN SEBASTIÁN ELCANO (11000137),"C/ General Marina, s/n",Algeciras,Cádiz,11207,956670703
33,11012474,C.E.PR. LOS ALCORNOCALES (11012474),"C/ Sierra de Guadarrama, 3",Algeciras,Cádiz,11202,671531758
34,11700251,C.P.M. PACO DE LUCÍA (11700251),"Ctra. Cádiz-Málaga, s/n",Algeciras,Cádiz,11204,956670110
35,11000447,E.A. ALGECIRAS (11000447),"C/ Fray Tomás del Valle, 2",Algeciras,Cádiz,11202,956670112
36,11012486,E.I. EL FARO (11012486),"Avda. Ramón Puyol, 1",Algeciras,Cádiz,11202,956670756
37,11006826,E.I. GLORIA FUERTES (11006826),"C/ José de Espronceda, s/n",Algeciras,Cádiz,11207,956670848
38,11006851,E.I. MANUEL TINOCO SÁNCHEZ (11006851),"C/ Hotel Garrido, s/n",Algeciras,Cádiz,11202,956670627
39,11010398,E.M.M.D. (11010398),"C/ Teniente Miranda, 118",Algeciras,Cádiz,11201,956630302
40,11005366,E.O.I. ALGECIRAS (11005366),"Avda. Blas Infante, s/n",Algeciras,Cádiz,11201,956670289
41,11701085,I.E.S. BAELO CLAUDIA (11701085),"Urb. Parque Bolonia, s/n",Algeciras,Cádiz,11204,956652910
42,11000231,I.E.S. BAHÍA DE ALGECIRAS (11000231),"Avda. Holanda, s/n",Algeciras,Cádiz,11205,956670752
43,11001208,I.E.S. CIUDAD DE ALGECIRAS (11001208),"C/ Juan Ramón Jiménez, s/n",Algeciras,Cádiz,11207,956670777
44,11700342,I.E.S. EL GETARES (11700342),"Ctra. Getares, s/n. Urb. Villa Rosa",Algeciras,Cádiz,11207,956670823
45,11701103,I.E.S. FEDERICO GARCÍA LORCA (11701103),"C/ Fernando de Herrera, s/n",Algeciras,Cádiz,11207,956670806
46,11000368,I.E.S. ISLA VERDE (11000368),"Ctra. de Cádiz-Málaga, s/n",Algeciras,Cádiz,11203,956660970
47,11000371,I.E.S. KURSAAL (11000371),"Avda. Virgen de Europa, 4",Algeciras,Cádiz,11201,956670767
48,11700913,I.E.S. LAS PALOMAS (11700913),"C/ Adalides, s/n",Algeciras,Cádiz,11204,956670611
49,11700135,I.E.S. LEVANTE (11700135),"C/ Acebuchal Bajo, s/n",Algeciras,Cádiz,11205,956665115
50,11008446,I.E.S. SALADILLO (11008446),"C/ Duque de Rivas, s/n",Algeciras,Cádiz,11207,956670813
51,11008495,I.E.S. TORRE ALMIRANTE (11008495),"Polígono del Rosario, s/n",Algeciras,Cádiz,11205,956655262
52,11000381,I.E.S. VENTURA MORÓN (11000381),"Plaza Joaquín Ibáñez, 3",Algeciras,Cádiz,11203,956663200
53,11701206,S.I.P.E.P. ENTRE DOS AGUAS (11701206),"C/ Fray Junípero Serra, s/n",Algeciras,Cádiz,11207,671535003
54,11000551,C.E.PR. MIGUEL DE CERVANTES (11000551),"C/ Arco, 27",Algodonales,Cádiz,11680,956128658
55,11603142,C.P.R. C.R.I.P.E.R (11603142),"Otros Madrigueras, 9 (Lugar)",Algodonales,Cádiz,11680,697952099
56,11006701,E.I. PRÍNCIPE DE ASTURIAS (11006701),"C/ Biblioteca, 28",Algodonales,Cádiz,11680,956128664
57,11002481,E.M.M. LUIS ORTIZ TORIBIO (11002481),"Avda. de Andalucía, 61",Algodonales,Cádiz,11680,956137011
58,11006668,I.E.S. FUENTE ALTA (11006668),"Avda. de Andalucía, 67",Algodonales,Cádiz,11680,956128813
59,11500055,S.E.P. SIERRA DE LÍJAR (11500055),"Plaza de Cádiz,12",Algodonales,Cádiz,11680,956137810
60,11000642,C.E.I.P. ALFONSO X EL SABIO (11000642),"Avda. Alfonso X El Sabio, 10",Arcos de la Frontera,Cádiz,11630,671531125
61,11602782,C.E.I.P. CAMPOAMENO (11602782),"Plaza Modesto Gómez, 8",Arcos de la Frontera,Cádiz,11630,956709815
62,11001361,C.E.I.P. EL SANTISCAL (11001361),Avda. del Corregidor s/n. Urb. San,Arcos de la Frontera,Cádiz,11630,956709959
63,11007995,C.E.I.P. MAESTRO JUAN APRESA (11007995),"Avda. Constitución, 1",Arcos de la Frontera,Cádiz,11630,956709810
64,11000721,C.E.I.P. NTRA. SRA. DE LAS NIEVES (11000721),"C/ Boticas, 8",Arcos de la Frontera,Cádiz,11630,956709947
65,11008318,C.E.I.P. RIOFRÍO (11008318),"C/ Infante D. Juan Manuel, s/n",Arcos de la Frontera,Cádiz,11630,956709813
66,11000691,C.E.I.P. SAN FRANCISCO (11000691),"C/ Torre Alhaquime, 8",Arcos de la Frontera,Cádiz,11630,956709937
67,11000629,C.E.I.P. SAN MIGUEL (11000629),"Avda. Duque de Arcos, 27",Arcos de la Frontera,Cádiz,11630,956709635
68,11006401,C.E.I.P. VICENTA TARÍN (11006401),"Avda. de la Paz, 2. Bda. de la Paz",Arcos de la Frontera,Cádiz,11630,956709964
69,11700366,C.E.M. VICENTE GÓMEZ ZARZUELA (11700366),"C/ Francia, s/n",Arcos de la Frontera,Cádiz,11630,956709585
70,11500134,C.E.PER. BLAS INFANTE (11500134),"C/ Granadillo, s/n",Arcos de la Frontera,Cádiz,11630,956709697
71,11000711,I.E.S. ALMINARES (11000711),"Avda. de la Constitución, s/n",Arcos de la Frontera,Cádiz,11630,956709910
72,11700937,I.E.S. GUADALPEÑA (11700937),"C/ Francia, s/n",Arcos de la Frontera,Cádiz,11630,956709993
73,11009293,I.E.S. LOS CABEZUELOS (11009293),"C/ Los Cabezuelos, s/n",Arcos de la Frontera,Cádiz,11630,956709538
74,11000812,C.E.I.P. BAESSIPO (11000812),"Avda. de la Mar, 84",Barbate,Cádiz,11160,956459925
75,11000770,C.E.I.P. BAHÍA DE BARBATE (11000770),"C/ Madrid, 2",Barbate,Cádiz,11160,956459517
76,11000794,C.E.I.P. ESTRELLA DEL MAR (11000794),"Plaza de la Inmaculada, 4",Barbate,Cádiz,11160,956459524
77,11602800,C.E.I.P. FRANCISCO GINER DE LOS RÍOS (11602800),"Avda. Juan XXIII, s/n",Barbate,Cádiz,11160,956459590
78,11000769,C.E.I.P. JUAN XXIII (11000769),"C/ Tierno Galván, 10",Barbate,Cádiz,11160,956459923
79,11000782,C.E.I.P. MAESTRA ÁUREA LÓPEZ (11000782),"C/ Antonio Pedrosa, 34",Barbate,Cádiz,11160,956459607
80,11500493,C.E.PER. GUADIBECA (11500493),"C/ Cádiz, 34",Barbate,Cádiz,11160,956459622
81,11000605,I.E.S. TORRE DEL TAJO (11000605),"Bda. Jarillo, s/n",Barbate,Cádiz,11160,956459509
82,11000824,I.E.S. TRAFALGAR (11000824),"C/ Madrid, 4",Barbate,Cádiz,11160,956459579
83,11700949,I.E.S. VICENTE ALEIXANDRE (11700949),"Bda. El Pinar, s/n",Barbate,Cádiz,11160,956459605
84,11603491,C.P.R. CAMPOS DE CONIL (11603491),"Carril del Pato, 5",Barrio Nuevo,Cádiz,11149,956459728
85,11003953,C.E.I.P. PADRE MURIEL (11003953),"C/ Nueva, 58",Benalup-Casas Viejas,Cádiz,11190,956418552
86,11008331,C.E.I.P. TAJO DE LAS FIGURAS (11008331),"C/ Álamos Blancos, s/n",Benalup-Casas Viejas,Cádiz,11190,956418555
87,11700421,I.E.S. CASAS VIEJAS (11700421),"Ctra. Vejer-Benalup, s/n",Benalup-Casas Viejas,Cádiz,11190,956418931
88,11500602,S.E.P. PILAR SÁNCHEZ BANCALERO (11500602),"C/ Corea, s/n",Benalup-Casas Viejas,Cádiz,11190,956418611
89,11000976,C.E.I.P. ABARDELA (11000976),"C/ Peñón Chico, s/n",Benaocaz,Cádiz,11612,956128936
90,11500171,S.E.P. BENAOCAZ (11500171),"C/ Fray Domingo de Benaocaz, s/n",Benaocaz,Cádiz,11612,956128699
91,11000991,C.E.I.P. SAN FERNANDO (11000991),Plaza Maestro Don José de la Vega d,Bornos,Cádiz,11640,956709954
92,11000988,C.E.I.P. SAN JUAN DE RIBERA (11000988),"C/ Blas Infante, s/n",Bornos,Cádiz,11640,956709951
93,11700755,I.E.S. EL CONVENTO (11700755),"Plaza de las Monjas, 5",Bornos,Cádiz,11640,956709827
94,11500109,S.E.P. ALMARDA(BORNOS-COTO DE BORNOS) (11500109),"C/ Granada, 11",Bornos,Cádiz,11640,619070843
95,11001749,C.C. INSTITUCIÓN PROVINCIAL FERNANDO QUIÑONES (11001749),C/ Recinto Interior Zona Franca. Ed,Cádiz,Cádiz,11011,956224101
96,11001713,C.E.I.P. ADOLFO DE CASTRO (11001713),"C/ Guadalmesi, s/n",Cádiz,Cádiz,11012,956243322
97,11001178,C.E.I.P. CAMPO DEL SUR (11001178),"C/ Concepción Arenal, s/n",Cádiz,Cádiz,11006,956243285
98,11602988,C.E.I.P. CARLOS III (11602988),"Paseo Carlos III, s/n",Cádiz,Cádiz,11003,956243264
99,11001166,C.E.I.P. CAROLA RIBED (11001166),"Avda. de la Constitución de 1812, s",Cádiz,Cádiz,11008,956243223
100,11602526,C.E.I.P. FERMÍN SALVOCHEA (11602526),"C/ Infante de Orleáns, s/n. Bda.del",Cádiz,Cádiz,11011,956243334
101,11007481,C.E.I.P. GADIR (11007481),"Avda. de la Bahía, 27",Cádiz,Cádiz,11012,956243249
102,11001610,C.E.I.P. JOSÉ CELESTINO MUTIS (11001610),"C/ República El Salvador, s/n",Cádiz,Cádiz,11004,956243328
103,11001129,C.E.I.P. JOSEFINA PASCUAL (11001129),"C/ Felipe Abarzuza, s/n",Cádiz,Cádiz,11002,956243221
104,11001154,C.E.I.P. LA INMACULADA (11001154),"Otros Fuerte Cortadura, s/n",Cádiz,Cádiz,11011,956243423
105,11007363,C.E.I.P. PROFESOR JUAN CARLOS ARAGÓN (11007363),"C/ Barbate, s/n. Bda. La Paz",Cádiz,Cádiz,11012,956243247
106,11603105,C.E.I.P. PROFESOR TIERNO GALVÁN (11603105),"C/ Conil de la Frontera, 1",Cádiz,Cádiz,11011,956243303
107,11001099,C.E.I.P. REYES CATÓLICOS (11001099),"Avda. Ana de Viya, 36",Cádiz,Cádiz,11009,956243143
108,11602824,C.E.I.P. SAN FELIPE (11602824),"C/ Sacramento, s/n",Cádiz,Cádiz,11003,956243260
109,11001646,C.E.I.P. SAN RAFAEL (11001646),"C/ San Rafael, s/n",Cádiz,Cádiz,11002,956243229
110,11602836,C.E.I.P. SANTA TERESA (11602836),C/ Duque de Nájera 1,Cádiz,Cádiz,11002,956243336
111,11500389,C.E.PER. PINTOR ZULOAGA (11500389),"C/ Pintor Zuloaga, 6-Duplicado/Bajo",Cádiz,Cádiz,11010,956243245
112,11500377,C.E.PER. VIENTO DE LEVANTE (11500377),"C/ Federico Joly, s/n",Cádiz,Cádiz,11012,956243243
113,11701176,C.P.D. MARIBEL GALLARDO (11701176),"Avda. de las Cortes, nº 3",Cádiz,Cádiz,11012,956243341
114,11007788,C.P.M. REAL CONSERVATORIO PROFESIONAL DE MÚSICA MANUEL DE FALLA (11007788),"Avda. de las Cortes, nº 3",Cádiz,Cádiz,11012,956243106
115,11001932,E.A.S.D. (11001932),"Avda. de las Cortes, nº 3",Cádiz,Cádiz,11012,956243100
116,11700457,E.O.I. CÁDIZ (11700457),"C/ Pintor Sorolla, 15",Cádiz,Cádiz,11010,956243326
117,11001762,I.E.S. COLUMELA (11001762),"C/ Barcelona, 2",Cádiz,Cádiz,11006,956243233
118,11004556,I.E.S. CORNELIO BALBO (11004556),"C/ Nuevo Mundo, s/n",Cádiz,Cádiz,11004,956243216
119,11700299,I.E.S. DRAGO (11700299),"C/ Marianista Cubillo, 15",Cádiz,Cádiz,11008,956243686
120,11008501,I.E.S. FERNANDO AGUILAR QUIGNON (11008501),"C/ Conil de la Frontera, 3",Cádiz,Cádiz,11010,956243308
121,11006486,I.E.S. FUERTE DE CORTADURA (11006486),"C/ Vía Augusta Julia, s/n",Cádiz,Cádiz,11011,956243411
122,11700287,I.E.S. LA CALETA (11700287),"C/ Sagasta, 107",Cádiz,Cádiz,11002,956243135
123,11001828,I.E.S. RAFAEL ALBERTI (11001828),"C/ Amiel, s/n",Cádiz,Cádiz,11012,956243317
124,11700688,I.E.S. SAN SEVERIANO (11700688),"Avda. San Severiano, 8",Cádiz,Cádiz,11007,956243270
125,11700317,I.P.E.P. CÁDIZ (11700317),"C/ Batalla del Salado, s/n",Cádiz,Cádiz,11011,956243330
126,11005640,C.E.I.P. SANTA RITA (11005640),"C/ Isabel Pérez Morales, s/n",Campamento,Cádiz,11314,956670190
127,11006723,C.E.I.P. TIERNO GALVÁN (11006723),"Avda. Cádiz, s/n",Castellar de la Frontera,Cádiz,11350,956670591
128,11700950,I.E.S. ALMORAIMA (11700950),"Avda. de las Adelfas, s/n",Castellar de la Frontera,Cádiz,11350,956670199
129,11500560,S.E.P. ALEGRÍA (11500560),"Avda. Las Adelfas, s/n",Castellar de la Frontera,Cádiz,11350,956647019
130,11002109,C.E.I.P. ALAMEDA (11002109),"C/ Fierro, 21",Chiclana de la Frontera,Cádiz,11130,956243523
131,11006747,C.E.I.P. AL-ÁNDALUS (11006747),"C/ La Vid, 7",Chiclana de la Frontera,Cádiz,11130,956243366
132,11007843,C.E.I.P. EL CASTILLO (11007843),C/ El Castillo s/n.,Chiclana de la Frontera,Cádiz,11130,956243762
133,11603312,C.E.I.P. EL MAYORAZGO (11603312),"Avda. Mayorazgo, s/n",Chiclana de la Frontera,Cádiz,11130,956243632
134,11002146,C.E.I.P. EL TROVADOR (11002146),"C/ Cantabria, 1",Chiclana de la Frontera,Cádiz,11130,956243901
135,11008321,C.E.I.P. FEDERICO GARCÍA LORCA (11008321),"Callejón Huerta Rosario, s/n",Chiclana de la Frontera,Cádiz,11130,956243968
136,11603427,C.E.I.P. GINER DE LOS RÍOS (11603427),"Callejón Huerta del Rosario, 2",Chiclana de la Frontera,Cádiz,11130,956243980
137,11002201,C.E.I.P. ISABEL LA CATÓLICA (11002201),"C/ Jardines, s/n",Chiclana de la Frontera,Cádiz,11130,956243526
138,11002158,C.E.I.P. JOSÉ DE LA VEGA BARRIOS (11002158),"Plaza de Panzacola, s/n",Chiclana de la Frontera,Cádiz,11130,956243927
139,11006917,C.E.I.P. LA ATLÁNTIDA (11006917),"C/ Solfeo, s/n. Ctra. Fuente Amarga",Chiclana de la Frontera,Cádiz,11130,956243942
140,11006528,C.E.I.P. LA BARROSA (11006528),"Cmo. del Sotillo, s/n. Aldea del Co",Chiclana de la Frontera,Cádiz,11130,956243446
141,11603476,C.E.I.P. LAS ALBINAS (11603476),"C/ Caraza, s/n",Chiclana de la Frontera,Cádiz,11130,956243207
142,11006759,C.E.I.P. MAESTRA CARMEN SEDOFEITO (11006759),"Bda. Panzacola, s/n",Chiclana de la Frontera,Cádiz,11130,956243939
143,11002134,C.E.I.P. NTRA. SRA. DE LOS REMEDIOS (11002134),"C/ Carabela Santa María, s/n",Chiclana de la Frontera,Cádiz,11130,956243667
144,11602851,C.E.I.P. PROFESOR TIERNO GALVÁN (11602851),"Callejón de la Pedrera Blanca, s/n",Chiclana de la Frontera,Cádiz,11130,956243615
145,11000186,C.E.I.P. SANCTI PETRI (11000186),"C/ Mistral, s/n",Chiclana de la Frontera,Cádiz,11130,956243293
146,11002225,C.E.I.P. SERAFINA ANDRADES (11002225),"Callejón de Palmaretes, 17",Chiclana de la Frontera,Cádiz,11130,956243530
147,11700241,C.E.M. SANTA CECILIA (11700241),"C/ Santa Ana, 9",Chiclana de la Frontera,Cádiz,11130,956243110
148,11500468,C.E.PER. DIONISIO MONTERO (11500468),"C/ Caraza, s/n",Chiclana de la Frontera,Cádiz,11130,956243278
149,11700408,E.O.I. CHICLANA (11700408),"Ctra. de la Barrosa, 40",Chiclana de la Frontera,Cádiz,11130,956243112
150,11700354,I.E.S. CIUDAD DE HÉRCULES (11700354),"C/ Cuba, 2",Chiclana de la Frontera,Cádiz,11130,956243754
151,11700962,I.E.S. FERNANDO QUIÑONES (11700962),"C/ Pablo de Olavide, 2",Chiclana de la Frontera,Cádiz,11130,956243910
152,11700123,I.E.S. HUERTA DEL ROSARIO (11700123),"Callejón de los Frailes, s/n",Chiclana de la Frontera,Cádiz,11130,956243986
153,11700883,I.E.S. LA PEDRERA BLANCA (11700883),"Callejón de la Pedrera, s/n",Chiclana de la Frontera,Cádiz,11130,626377806
154,11007582,I.E.S. PABLO RUIZ PICASSO (11007582),"Avda. de la Diputación, s/n",Chiclana de la Frontera,Cádiz,11130,956243747
155,11002213,I.E.S. POETA GARCÍA GUTIÉRREZ (11002213),"C/ Santa Ana, s/n",Chiclana de la Frontera,Cádiz,11130,956243670
156,11002286,C.E.I.P. CRISTO DE LAS MISERICORDIAS (11002286),"C/ Antonio Machado, 7-17",Chipiona,Cádiz,11550,956386912
157,11002274,C.E.I.P. LAPACHAR (11002274),"Avda. Hispanidad, s/n",Chipiona,Cádiz,11550,956372889
158,11002298,C.E.I.P. LOS ARGONAUTAS (11002298),"Avda. Cristo de la Sentencia, 40",Chipiona,Cádiz,11550,956386559
159,11006929,C.E.I.P. MAESTRO MANUEL APARCERO (11006929),"Avda. Granada, 3",Chipiona,Cádiz,11550,956386917
160,11603178,C.E.I.P. PRÍNCIPE FELIPE (11603178),"C/ Grazalema, 2",Chipiona,Cádiz,11550,956386900
161,11003345,E.M.M. (11003345),"C/ Grazalema, s/n",Chipiona,Cádiz,11550,956377013
162,11004131,I.E.S. CAEPIONIS (11004131),Avda. Doctor Félix Rodríguez de la,Chipiona,Cádiz,11550,956386545
163,11008471,I.E.S. SALMEDINA (11008471),"C/ Arboleda, 20",Chipiona,Cádiz,11550,956386950
164,11500250,S.E.P. MIGUEL ESPINOSA PAU (11500250),"C/ Larga, s/n. Apartado 89",Chipiona,Cádiz,11550,956386581
165,11603300,C.E.I.P. FRANCISCO FERNÁNDEZ PÓZAR (11603300),"C/ Trafalgar, s/n",Conil de la Frontera,Cádiz,11140,956459680
166,11006905,C.E.I.P. LOS BATELES (11006905),"Avda. de la Playa, s/n",Conil de la Frontera,Cádiz,11140,956459900
167,11500471,C.E.PER. ALMADRABA (11500471),"C/ Lepanto, s/n",Conil de la Frontera,Cádiz,11140,956459637
168,11001324,C.E.PR. TOMÁS IGLESIAS PÉREZ (11001324),"C/ Prado del Rey, s/n",Conil de la Frontera,Cádiz,11140,956459697
169,11002018,E.I. MENÉNDEZ PIDAL (11002018),"C/ Laguna, s/n",Conil de la Frontera,Cádiz,11140,956459634
170,11008461,I.E.S. LA ATALAYA (11008461),"C/ Atalaya, s/n",Conil de la Frontera,Cádiz,11140,956459670
171,11001661,I.E.S. LOS MOLINOS (11001661),"C/ Puerto Real, 1",Conil de la Frontera,Cádiz,11140,956459613
172,11000939,C.E.I.P. LOS CORTIJILLOS (11000939),"C/ Tarifa, s/n",Cortijillos,Cádiz,11379,956670910
173,11001026,C.E.I.P. SAN ISIDRO LABRADOR (11001026),"Plaza San Juan de Ribera, s/n",Coto de Bornos,Cádiz,11649,956709957
174,11001038,C.E.I.P. ALBARRACÍN (11001038),"C/ Huerta del Duque, s/n",El Bosque,Cádiz,11670,956709541
175,11500201,S.E.P. EL BOSQUE (11500201),"Avda. Juan XXIII, s/n",El Bosque,Cádiz,11670,956709719
176,11002353,C.E.I.P. NTRA. SRA. DEL ROSARIO (11002353),"C/ Ramón y Cajal, 5",El Gastor,Cádiz,11687,956128660
177,11500067,S.E.P. ALGARÍN (11500067),"C/ Alta, 1",El Gastor,Cádiz,11687,956128689
178,11603294,C.P.R. POETA JULIO MARISCAL (11603294),"Otros Junta de los Ríos, 18",El Guijo,Cádiz,11620,956709543
179,11000496,C.E.I.P. PELAYO (11000496),"C/ Cabeza de Manzaneda, 2",El Pelayo,Cádiz,11390,956670134
180,11003473,C.E.I.P. VIRGEN DEL MAR (11003473),Bda. El Portal,El Portal,Cádiz,11596,856811533
181,11004568,C.E.I.P. CASTILLO DE DOÑA BLANCA (11004568),"Plaza Artesanía, s/n",El Puerto de Santa María,Cádiz,11500,956243955
182,11006531,C.E.I.P. COSTA OESTE (11006531),"C/ Mar de Groenlandia, s/n",El Puerto de Santa María,Cádiz,11500,956243457
183,11004209,C.E.I.P. CRISTÓBAL COLÓN (11004209),"Avda. Fuentebravía, 4",El Puerto de Santa María,Cádiz,11500,956243531
184,11007442,C.E.I.P. EL JUNCAL (11007442),"Cmo. Rompeserones, s/n",El Puerto de Santa María,Cádiz,11500,956243125
185,11004453,C.E.I.P. JOSÉ LUIS POULLET (11004453),"Avda. Menesteo, 49",El Puerto de Santa María,Cádiz,11500,956243952
186,11006541,C.E.I.P. LA FLORIDA (11006541),"C/ Sagitario, s/n",El Puerto de Santa María,Cádiz,11500,671531263
187,11603521,C.E.I.P. LAS NIEVES (11603521),"C/ Barquisimeto, 2",El Puerto de Santa María,Cádiz,11500,956243983
188,11009311,C.E.I.P. MARQUÉS DE SANTA CRUZ (11009311),"Otros Base Naval de Rota, Zona 11,",El Puerto de Santa María,Cádiz,11500,956243414
189,11603245,C.E.I.P. MENESTEO (11603245),"C/ Guacamayo, s/n",El Puerto de Santa María,Cádiz,11500,956243906
190,11007399,C.E.I.P. PINAR HONDO (11007399),"Avda. de la Libertad, 17",El Puerto de Santa María,Cádiz,11500,956243587
191,11004246,C.E.I.P. SAGRADO CORAZÓN DE JESÚS (11004246),"C/ Aurora, 69",El Puerto de Santa María,Cádiz,11500,956243931
192,11004234,C.E.I.P. SERICÍCOLA (11004234),"Avda. de las Américas, 3",El Puerto de Santa María,Cádiz,11500,956243929
193,11603026,C.E.I.P. VALDELAGRANA (11603026),"Avda. Catalina Santos ""La Guachi"",",El Puerto de Santa María,Cádiz,11500,956243977
194,11700378,C.E.M. RAFAEL TABOADA MANTILLA (11700378),"C/ Misericordia, 31",El Puerto de Santa María,Cádiz,11500,956243121
195,11009530,C.E.PER. CABALLO DE TROYA (11009530),"Ctra. Jerez-Rota, Km. 6.",El Puerto de Santa María,Cádiz,11500,956476800
196,11500390,C.E.PER. LA ARBOLEDA PERDIDA (11500390),Avda. Instituto Laboral s/n,El Puerto de Santa María,Cádiz,11500,637422463
197,11500420,C.E.PER. LA MURALLA (11500420),"Ctra. Jerez-Rota, Km 5",El Puerto de Santa María,Cádiz,11500,956549211
198,11500432,C.E.PER. LAS LAGUNAS (11500432),"Ctra. Jerez-Rota, Km 5",El Puerto de Santa María,Cádiz,11500,956243331
199,11602897,C.E.PR. LA GAVIOTA (11602897),"C/ Rafael Alberti, s/n",El Puerto de Santa María,Cádiz,11500,956243622
200,11004192,E.I. EL VAPORCITO (11004192),"C/ Durango, 44",El Puerto de Santa María,Cádiz,11500,956243764
201,11603622,E.I. LAS DUNAS (11603622),"C/ Aitana, s/n",El Puerto de Santa María,Cádiz,11500,956243635
202,11007697,E.O.I. EL PUERTO DE SANTA MARÍA (11007697),"Ctra. de Sanlúcar, km. 2,5. Aptdo.",El Puerto de Santa María,Cádiz,11500,600141710
203,11700822,I.E.S. ANTONIO DE LA TORRE (11700822),"C/ de la Guitarra, 4",El Puerto de Santa María,Cádiz,11500,956243713
204,11002079,I.E.S. FRANCISCO JAVIER DE URIARTE (11002079),"C/ Almirante Suanzes, s/n. Poblado",El Puerto de Santa María,Cádiz,11500,956243434
205,11700445,I.E.S. JOSÉ LUIS TEJADA PELUFFO (11700445),"Avda. Guardia Civil, 1",El Puerto de Santa María,Cádiz,11500,956243707
206,11700810,I.E.S. LA ARBOLEDA (11700810),"Avda. Padre Ellacuría, 13",El Puerto de Santa María,Cádiz,11500,956243516
207,11700834,I.E.S. LAS BANDERAS (11700834),"Ctra. Sanlúcar, Km. 2,5",El Puerto de Santa María,Cádiz,11500,956243719
208,11004428,I.E.S. MAR DE CÁDIZ (11004428),"Avda. Rafael Alberti, s/n",El Puerto de Santa María,Cádiz,11500,956243128
209,11004416,I.E.S. PEDRO MUÑOZ SECA (11004416),"Avda. de la Estación, s/n",El Puerto de Santa María,Cádiz,11500,956243945
210,11700603,I.E.S. PINTOR JUAN LARA (11700603),"Cmo. del Águila, 6",El Puerto de Santa María,Cádiz,11500,956243502
211,11008525,I.E.S. SANTO DOMINGO (11008525),"C/ Santo Domingo, 29",El Puerto de Santa María,Cádiz,11500,956243970
212,11001919,I.E.S. VALDELAGRANA (11001919),"C/ del Litoral, s/n",El Puerto de Santa María,Cádiz,11500,956243921
213,11003588,C.E.I.P. GUADALETE (11003588),"C/ Pozo, s/n",El Torno,Cádiz,11594,856811949
214,11500328,S.E.P. EL TORNO (11500328),"C/ La Iglesia, s/n. Bda. Los Colon",El Torno,Cádiz,11594,671566349
215,11002328,C.E.I.P. ANTONIO MACHADO (11002328),"C/ Madroños, 11",Espera,Cádiz,11648,956709590
216,11700986,I.E.S. CASTILLO DE FATETAR (11700986),"Avda. Príncipe de Asturias, s/n",Espera,Cádiz,11648,956709749
217,11500158,S.E.P. ANGOSTURA (11500158),"C/ Corredera, 6",Espera,Cádiz,11648,956709717
218,11005664,C.E.I.P. SAN BERNARDO (11005664),"C/ Sevilla, s/n",Estación Férrea,Cádiz,11368,956670269
219,11002471,C.E.I.P. PABLO PICASSO (11002471),C/ Maestra Pilar Chamorro,Estella del Marqués,Cádiz,11593,856811960
220,11500304,S.E.P. ESTELLA DEL MARQUÉS (11500304),"Plaza de San Miguel, s/n. Centro Cu",Estella del Marqués,Cádiz,11593,null
221,11005895,C.E.I.P. DIVINA PASTORA (11005895),Ctra. de Vico,Facinas,Cádiz,11391,956459730
222,11007867,C.E.I.P. GIBALBÍN (11007867),"C/ Gibalbín, 174",Gibalbín,Cádiz,11592,671531567
223,11500341,S.E.P. GIBALBÍN (11500341),"Bda. Gibalbín, s/n",Gibalbín,Cádiz,11592,956161076
224,11002407,C.E.I.P. ANTONIO MACHADO (11002407),"C/ Emigrantes Grazalemeños, s/n",Grazalema,Cádiz,11610,956128591
225,11700998,I.E.S. SIERRA DE GRAZALEMA (11700998),"C/ Santa Clara, s/n",Grazalema,Cádiz,11610,956132396
226,11500195,S.E.P. GRAZALEMA (11500195),"C/ Arriba, s/n",Grazalema,Cádiz,11610,956128695
227,11006553,C.E.I.P. GUADALUZ (11006553),"C/ Dámaso Alonso, s/n",Guadalcacín,Cádiz,11591,856811650
228,11002493,C.E.I.P. TOMASA PINILLA (11002493),"Plaza Artesanía, s/n",Guadalcacín,Cádiz,11591,856811962
229,11701000,I.E.S. LA CAMPIÑA (11701000),"C/ Feria, s/n",Guadalcacín,Cádiz,11591,856811864
230,11500353,S.E.P. GUADALCACÍN (11500353),"Plaza Feria, s/n (IES La Campiña)",Guadalcacín,Cádiz,11591,null
231,11005688,C.E.I.P. GLORIA FUERTES (11005688),"Avda. Ciro Gil, s/n",Guadiaro,Cádiz,11311,956670901
232,11701012,I.E.S. SIERRA ALMENARA (11701012),"C/ Almenara, 6. P.N. de Guadiaro",Guadiaro,Cádiz,11311,956670277
233,11000757,C.E.I.P. JUAN XXIII (11000757),"C/ Juan XXIII, s/n",Jédula,Cádiz,11620,956709949
234,11008291,C.E.E.E. NTRA. SRA. DE LA MERCED (11008291),"C/ Afanas, s/n",Jerez de la Frontera,Cádiz,11405,856811507
235,11008240,C.E.E.E. SORDOS (11008240),Autovía A-4 Km.642 (Antigua Ctra. M,Jerez de la Frontera,Cádiz,11403,856811602
236,11002523,C.E.I.P. AL ÁNDALUS (11002523),"Plaza Cristo de la Expiración, s/n",Jerez de la Frontera,Cádiz,11401,856811965
237,11002997,C.E.I.P. ALFONSO X EL SABIO (11002997),"Bda. Sagrada Familia, s/n",Jerez de la Frontera,Cádiz,11404,856811521
238,11003059,C.E.I.P. ANDRÉS DE RIBERA (11003059),"C/ California, s/n",Jerez de la Frontera,Cádiz,11407,856811900
239,11007016,C.E.I.P. ANTONIO MACHADO (11007016),"Avda. San Joaquín, s/n",Jerez de la Frontera,Cádiz,11407,856811520
240,11008094,C.E.I.P. ARANA BEATO (11008094),"C/ Segura, s/n. Bda. La Pita",Jerez de la Frontera,Cádiz,11406,856811804
241,11008100,C.E.I.P. BLAS INFANTE (11008100),"C/ Parque Doñana, 1",Jerez de la Frontera,Cádiz,11406,856811845
242,11008252,C.E.I.P. CIUDAD DE JEREZ (11008252),"C/ Mandarina, s/n. Bda.Pago San Jos",Jerez de la Frontera,Cádiz,11406,856811808
243,11603002,C.E.I.P. CUARTILLO (11603002),"Ctra. Cortés Km.11,3. Bda. Cuartill",Jerez de la Frontera,Cádiz,11593,856811841
244,11006565,C.E.I.P. EL MEMBRILLAR (11006565),"C/ Juan Rodríguez Jiménez, s/n",Jerez de la Frontera,Cádiz,11405,856811652
245,11003084,C.E.I.P. EL RETIRO (11003084),"Paseo de las Delicias, s/n",Jerez de la Frontera,Cádiz,11406,856811504
246,11006425,C.E.I.P. ELIO ANTONIO DE NEBRIJA (11006425),"Polígono de la Granja, s/n",Jerez de la Frontera,Cádiz,11405,856811979
247,11003321,C.E.I.P. FEDERICO GARCÍA LORCA (11003321),"C/ San Telmo, s/n",Jerez de la Frontera,Cádiz,11408,856811945
248,11002560,C.E.I.P. FEDERICO MAYO (11002560),"C/ Pedro Sepúlveda, s/n",Jerez de la Frontera,Cádiz,11408,856811970
249,11002663,C.E.I.P. GLORIA FUERTES (11002663),"Plaza Francisco Germá Alsina, s/n",Jerez de la Frontera,Cádiz,11405,856811911
250,11002547,C.E.I.P. ISABEL LA CATÓLICA (11002547),"Plaza Constitución, s/n",Jerez de la Frontera,Cádiz,11404,856811967
251,11003254,C.E.I.P. JUVENTUD (11003254),"C/ Liberación, s/n",Jerez de la Frontera,Cádiz,11408,856811940
252,11008288,C.E.I.P. LA ALCAZABA (11008288),"C/ Almería, s/n. Bda. La Granja",Jerez de la Frontera,Cádiz,11405,856811586
253,11006607,C.E.I.P. LA MARQUESA (11006607),"C/ Castillo de Medina, s/n",Jerez de la Frontera,Cádiz,11406,856811698
254,11007557,C.E.I.P. LA UNIÓN (11007557),"C/ Antonio Machado, s/n. Bda. La Un",Jerez de la Frontera,Cádiz,11407,856811800
255,11006930,C.E.I.P. LAS GRANJAS (11006930),"C/ Málaga, s/n. Bda. La Granja",Jerez de la Frontera,Cádiz,11405,856811982
256,11008136,C.E.I.P. LOMOPARDO (11008136),"C/ Alta, s/n. Bda. Lomopardo",Jerez de la Frontera,Cádiz,11406,856811806
257,11003278,C.E.I.P. LUIS VIVES (11003278),"C/ Muro, s/n. Bda. Picadueña Alta",Jerez de la Frontera,Cádiz,11404,856811942
258,11007028,C.E.I.P. MANUEL DE FALLA (11007028),"C/ Ntra. Sra. de Montserrat, s/n. B",Jerez de la Frontera,Cádiz,11406,856811587
259,11002602,C.E.I.P. MIGUEL DE CERVANTES (11002602),"Plaza Monti,1",Jerez de la Frontera,Cádiz,11403,856811974
260,11602991,C.E.I.P. MONTEALEGRE (11602991),"C/ Mallorca, s/n",Jerez de la Frontera,Cádiz,11406,856811555
261,11002675,C.E.I.P. NTRA. SRA. DE LA PAZ (11002675),"C/ Paz, 1. Bda. Asunción",Jerez de la Frontera,Cádiz,11406,856811531
262,11006772,C.E.I.P. PÍO XII (11006772),"C/ Diego Gómez Salido, s/n",Jerez de la Frontera,Cádiz,11401,856811537
263,11008276,C.E.I.P. POETA CARLOS ÁLVAREZ (11008276),"Bda. Cerrofruto, s/n",Jerez de la Frontera,Cádiz,11408,856811553
264,11002951,C.E.I.P. SAGRADA FAMILIA (11002951),"Avda. de la Soleá, 26",Jerez de la Frontera,Cádiz,11404,856811919
265,11002626,C.E.I.P. SAN JOSÉ OBRERO (11002626),"C/ Camino de Espera, s/n",Jerez de la Frontera,Cádiz,11405,856811977
266,11003281,C.E.I.P. SAN JUAN DE DIOS (11003281),"Bda. San Valentín, s/n",Jerez de la Frontera,Cádiz,11408,856811654
267,11002572,C.E.I.P. SAN VICENTE DE PAÚL (11002572),"C/ González de Mendoza, 2",Jerez de la Frontera,Cádiz,11408,856811972
268,11006966,C.E.I.P. TARTESSOS (11006966),"Pago Valdetoro, s/n",Jerez de la Frontera,Cádiz,11406,856811910
269,11006981,C.E.I.P. TORRESOTO (11006981),"Bda. Torresoto, s/n",Jerez de la Frontera,Cádiz,11401,856811985
270,11003187,C.E.I.P. VALLESEQUILLO (11003187),"Bda. Vallesequillo, s/n",Jerez de la Frontera,Cádiz,11401,856811924
271,11500262,C.E.PER. ALJIBE (11500262),"C/ Vicario, 12 Bajo",Jerez de la Frontera,Cádiz,11401,856811559
272,11500225,C.E.PER. TRECE ROSAS (11500225),"Avda. de Nazaret, 8",Jerez de la Frontera,Cádiz,11406,856811596
273,11500274,C.E.PER. VICTORIA ALBA (11500274),"C/ Sarmiento, s/n",Jerez de la Frontera,Cádiz,11407,856811561
274,11007946,C.P.M. JOAQUÍN VILLATORO (11007946),"C/ Rosario, s/n",Jerez de la Frontera,Cádiz,11402,856811581
275,11003382,E.A.S.D. JEREZ (11003382),"C/ Porvera, 54",Jerez de la Frontera,Cádiz,11403,856811523
276,11700627,E.O.I. JEREZ DE LA FRONTERA (11700627),"C/ Ponce, 10",Jerez de la Frontera,Cádiz,11404,856811583
277,11700160,I.E.S. ALMUNIA (11700160),"C/ Málaga, s/n. Bda. San Enrique",Jerez de la Frontera,Cádiz,11405,956709924
278,11003217,I.E.S. ALVAR NÚÑEZ (11003217),"C/ Sancho Dávila, s/n",Jerez de la Frontera,Cádiz,11407,856811926
279,11008513,I.E.S. ANDRÉS BENÍTEZ (11008513),"C/ Doctor Fléming, s/n. Polígono de",Jerez de la Frontera,Cádiz,11407,856811510
280,11007387,I.E.S. ASTA REGIA (11007387),"Avda. Moreno Mendoza, 4",Jerez de la Frontera,Cádiz,11408,671537147
281,11701127,I.E.S. DRA. JOSEFA DE LOS REYES (11701127),"Bda. San Valentín, s/n",Jerez de la Frontera,Cádiz,11408,856811609
282,11012267,I.E.S. ELENA GARCÍA ARMADA (11012267),"C/ Santa Josefina, 5",Jerez de la Frontera,Cádiz,11405,956245286
283,11001890,I.E.S. FERNANDO SAVATER (11001890),"C/ Parque Torcal de Antequera, s/n.",Jerez de la Frontera,Cádiz,11406,856811951
284,11007922,I.E.S. FRANCISCO ROMERO VARGAS (11007922),"Avda. Moreno Mendoza, s/n",Jerez de la Frontera,Cádiz,11408,956709917
285,11008483,I.E.S. JOSÉ M. CABALLERO BONALD (11008483),"C/ Ntra. Sra. del Traspaso, s/n",Jerez de la Frontera,Cádiz,11406,856811817
286,11003230,I.E.S. LA GRANJA (11003230),"Avda. de Europa, s/n",Jerez de la Frontera,Cádiz,11405,856811933
287,11701139,I.E.S. LOLA FLORES (11701139),"C/ Caulina, s/n",Jerez de la Frontera,Cádiz,11405,856811626
288,11003205,I.E.S. PADRE LUIS COLOMA (11003205),"Avda. Alvaro Domecq, 10",Jerez de la Frontera,Cádiz,11405,856811550
289,11701115,I.E.S. SAN TELMO (11701115),"Bda. San Telmo, s/n",Jerez de la Frontera,Cádiz,11408,856811871
290,11700172,I.E.S. SANTA ISABEL DE HUNGRÍA (11700172),"C/ La Merced, 40",Jerez de la Frontera,Cádiz,11404,856811856
291,11700767,I.E.S. SERITIUM (11700767),"Avda. Amsterdam, s/n",Jerez de la Frontera,Cádiz,11406,856811846
292,11701140,I.E.S. SOFÍA (11701140),"C/ Doctor Marañón, 13",Jerez de la Frontera,Cádiz,11407,856811890
293,11500444,S.E.P. EL ALBERO (11500444),"Avda. Tío Pepe, 51",Jerez de la Frontera,Cádiz,11407,956806180
294,11500316,S.E.P. LA PAZ (CUARTILLOS) (11500316),"C/ Cortés, Km.11,3 Bda. Cuartillo",Jerez de la Frontera,Cádiz,11593,856811841
295,11603439,C.E.I.P. ALJIBE (11603439),"Cmo. de la Viña, 4",Jimena de la Frontera,Cádiz,11339,956670783
296,11003621,C.E.I.P. NTRA. SRA. REINA DE LOS ÁNGELES (11003621),"Avda. de los Deportes, 1",Jimena de la Frontera,Cádiz,11330,956670914
297,11500559,C.E.PER. XÉMINA (11500559),"C/ Sevilla, 77",Jimena de la Frontera,Cádiz,11330,956670203
298,11700184,I.E.S. HOZGARGANTA (11700184),"Avda. de los Deportes, 32",Jimena de la Frontera,Cádiz,11330,956670517
299,11005342,C.E.I.P. MAESTRA CARIDAD RUIZ (11005342),"Plaza Central, s/n",La Algaida,Cádiz,11549,956386920
300,11002444,C.E.I.P. BARCA DE LA FLORIDA (11002444),"C/ Ancha, s/n",La Barca de la Florida,Cádiz,11570,856811899
301,11700482,I.E.S. VEGA DE GUADALETE (11700482),"Avda. del bosque, 2",La Barca de la Florida,Cádiz,11570,956709840
302,11500286,S.E.P. BUCHARAQUE(LA BARCA DE LA FLORIDA) (11500286),"C/ Ancha, 4. Centro Cultural la Bar",La Barca de la Florida,Cádiz,11570,856811563
303,11603014,C.E.I.P. LA INA (11603014),"Bda. La Ina, s/n",La Ina,Cádiz,11595,956156635
304,11603063,C.E.I.P. LA JARA (11603063),"Ctra. de la Jara, s/n",La Jara,Cádiz,11540,956386562
305,11003734,C.E.E.E. VIRGEN DEL AMPARO (11003734),"C/ Vía Parque, s/n",La Línea de la Concepción,Cádiz,11300,956670801
306,11603579,C.E.I.P. BUENOS AIRES (11603579),"C/ Buenos Aires, 8",La Línea de la Concepción,Cádiz,11300,956670785
307,11003758,C.E.I.P. CARLOS V (11003758),"Avda. España, 112",La Línea de la Concepción,Cádiz,11300,956670928
308,11007429,C.E.I.P. GIBRALTAR (11007429),"C/ Gibraltar, 108",La Línea de la Concepción,Cádiz,11300,956670605
309,11003837,C.E.I.P. HUERTA FAVA (11003837),"C/ Pinzones, 20",La Línea de la Concepción,Cádiz,11300,956670244
310,11003761,C.E.I.P. INMACULADA CONCEPCIÓN (11003761),"Avda. España, 11",La Línea de la Concepción,Cádiz,11300,671534135
311,11003692,C.E.I.P. ISABEL LA CATÓLICA (11003692),"C/ Gabriel Miró, 42",La Línea de la Concepción,Cádiz,11300,956670921
312,11003795,C.E.I.P. LA ATUNARA (11003795),"C/ Canarias, 87. Bda. La Atunara",La Línea de la Concepción,Cádiz,11300,956670938
313,11003709,C.E.I.P. NTRA. SRA. DE LAS MERCEDES (11003709),"C/ Málaga, 55",La Línea de la Concepción,Cádiz,11300,956670691
314,11603351,C.E.I.P. PABLO PICASSO (11603351),"C/ Guadiaro, 37",La Línea de la Concepción,Cádiz,11300,956670608
315,11003783,C.E.I.P. PEDRO SIMÓN ABRIL (11003783),"C/ Xauen, 20",La Línea de la Concepción,Cádiz,11300,956670934
316,11007041,C.E.I.P. SAN FELIPE (11007041),"Bda. San Felipe, s/n",La Línea de la Concepción,Cádiz,11300,956670188
317,11003825,C.E.I.P. SANTA ANA (11003825),"C/ Pedreras, 174",La Línea de la Concepción,Cádiz,11300,956670940
318,11007417,C.E.I.P. SANTIAGO (11007417),"C/ Jardines, 43",La Línea de la Concepción,Cádiz,11300,956670989
319,11003710,C.E.I.P. VELADA (11003710),"Paseo de la Velada, s/n",La Línea de la Concepción,Cádiz,11300,671533096
320,11500547,C.E.PER. ALMADRABA (11500547),"C/ Virgen de la Palma, s/n. Aptdo.",La Línea de la Concepción,Cádiz,11300,956670287
321,11007065,C.E.PR. ANDALUCÍA (11007065),"C/ Sevilla, 1. Bda. El Junquillo",La Línea de la Concepción,Cádiz,11300,956670588
322,11700071,C.P.M. MUÑOZ MOLLEDA (11700071),"C/ General Ballesteros,4. Complejo",La Línea de la Concepción,Cádiz,11300,956670103
323,11007077,E.I. EL ROCÍO (11007077),"C/ Rocío, s/n. Bda. El Junquillo",La Línea de la Concepción,Cádiz,11300,956670836
324,11701152,I.E.S. ANTONIO MACHADO (11701152),"C/ Blanca de los Ríos, 87",La Línea de la Concepción,Cádiz,11300,956670738
325,11003916,I.E.S. MAR DE PONIENTE (11003916),"Avda. del Mar, s/n",La Línea de la Concepción,Cádiz,11300,956670970
326,11003874,I.E.S. MEDITERRÁNEO (11003874),"Avda. María Auxiliadora, 16",La Línea de la Concepción,Cádiz,11300,956670957
327,11003862,I.E.S. TOLOSA (11003862),"Avda. de la Banqueta, 12",La Línea de la Concepción,Cádiz,11300,956176724
328,11003886,I.E.S. VIRGEN DE LA ESPERANZA (11003886),"Avda. La Banqueta, 10-12",La Línea de la Concepción,Cádiz,11300,956670246
329,11603385,C.P.R. SALADO-BREÑA (11603385),"Urb. La Muela, s/n",La Muela,Cádiz,11150,956459507
330,11006139,E.I. LAS LOMAS (11006139),"Finca las Lomas, s/n",Las Lomas,Cádiz,11150,671599203
331,11602976,C.E.I.P. DON LUIS LAMADRID (11602976),"Bda. El Lazareto, s/n",Los Barrios,Cádiz,11370,956670780
332,11007636,C.E.I.P. MAESTRO DON JUAN GONZÁLEZ (11007636),Avda. Doña Rosa García López-Ceper,Los Barrios,Cádiz,11370,956670994
333,11000885,C.E.I.P. SAN ISIDRO LABRADOR (11000885),"Avda. Don Juan Rodríguez, 4",Los Barrios,Cádiz,11370,956670908
334,11007624,C.E.I.P. SAN RAMÓN NONATO (11007624),Avda. Doña Rosa García López-Ceper,Los Barrios,Cádiz,11370,956670991
335,11000289,I.E.S. CARLOS CANO (11000289),"Avda. Carlos Cano, s/n",Los Barrios,Cádiz,11370,956670558
336,11700561,I.E.S. SIERRA LUNA (11700561),"Avda. de Doña Rosa García, 8",Los Barrios,Cádiz,11370,956670745
337,11500584,S.E.P. VILLA DE LOS BARRIOS (11500584),"C/ Vega Maldonado, 19",Los Barrios,Cádiz,11370,956670271
338,11603361,C.E.I.P. ÁNGEL RUIZ ENCISO (11603361),"C/ Alcalde Ruiz Enciso, s/n",Medina-Sidonia,Cádiz,11170,956418922
339,11603567,C.E.I.P. ANTONIO MACHADO (11603567),"C/ San José de Malcocinado, s/n",Medina-Sidonia,Cádiz,11179,956418535
340,11004040,C.E.I.P. DOCTOR THEBUSSEM (11004040),"Plaza Ramón y Cajal, 7",Medina-Sidonia,Cádiz,11170,956418546
341,11004015,C.E.I.P. SANTIAGO EL MAYOR (11004015),"C/ Doctor Fléming, s/n",Medina-Sidonia,Cádiz,11170,956418900
342,11007910,I.E.S. SAN JUAN DE DIOS (11007910),"Plaza San Juan de Dios, s/n",Medina-Sidonia,Cádiz,11170,956418924
343,11004039,I.E.S. SIDÓN (11004039),"Avda. Azocarrem, s/n",Medina-Sidonia,Cádiz,11170,956418902
344,11500511,S.E.P. EL CAMINILLO (11500511),"Paseo Parque El Caminillo, edif El",Medina-Sidonia,Cádiz,11170,956418569
345,11003412,C.E.I.P. MESAS DE ASTA (11003412),"C/ Padre Fidel, s/n. Bda. Mesas de",Mesas de Asta,Cádiz,11590,856811529
346,11003461,C.E.I.P. NUEVA JARILLA (11003461),"Cmo. de la Parra, s/n",Nueva Jarilla,Cádiz,11592,856811947
347,11500365,S.E.P. NUEVA JARILLA (11500365),"C/ Ronda del Troval, s/n (Centro So",Nueva Jarilla,Cádiz,11592,null
348,11004064,C.E.I.P. MIGUEL DE CERVANTES (11004064),"C/ Caño Santo, 2",Olvera,Cádiz,11690,671530597
349,11500018,C.E.PER. PUEBLOS BLANCOS (11500018),Plaza de la Concordia,Olvera,Cádiz,11690,956128640
350,11004076,C.E.PR. SAN JOSÉ DE CALASANZ (11004076),"Plaza de la Emigración, 1",Olvera,Cádiz,11690,956128560
351,11000083,E.I. GLORIA FUERTES (11000083),"C/ Juan Acevedo, s/n",Olvera,Cádiz,11690,956128655
352,11000630,I.E.S. SIERRA DE LÍJAR (11000630),"Avda. Manuel de Falla, s/n",Olvera,Cádiz,11690,956128934
353,11006671,I.E.S. ZAFRAMAGÓN (11006671),"Avda. Manuel de Falla, s/n",Olvera,Cádiz,11690,956128820
354,11000952,C.E.I.P. NTRA. SRA. DE GUADALUPE (11000952),"Avda. Andalucía, s/n",Palmones,Cádiz,11379,956670912
355,11602861,C.E.PR. PERAFÁN DE RIVERA (11602861),"C/ Luis Cernuda, s/n",Paterna de Rivera,Cádiz,11178,956418550
356,11004106,E.I. EL LLANO (11004106),"C/ Estrella, s/n",Paterna de Rivera,Cádiz,11178,956418941
357,11700780,I.E.S. PATERNA (11700780),"Avda. Blas Infante, 29",Paterna de Rivera,Cádiz,11178,956418912
358,11500523,S.E.P. ARCO IRIS (11500523),"C/ Alcalde Ramón Dávila, 1",Paterna de Rivera,Cádiz,11178,600161562
359,11004118,C.E.PR. PABLO DE OLAVIDE (11004118),"C/ Gutiérrez Piñeres, s/n",Prado del Rey,Cádiz,11660,956709940
360,11602873,C.E.PR. SAN JOSÉ (11602873),"Avda. Dos de Mayo, s/n",Prado del Rey,Cádiz,11660,956709638
361,11000149,E.I. AZAHAR (11000149),"C/ Escuela, s/n",Prado del Rey,Cádiz,11660,956709622
362,11003394,E.M.M. JOSÉ TORO DOBLAS (11003394),"C/ San Antonio, 51",Prado del Rey,Cádiz,11660,956724022
363,11700500,I.E.S. CARLOS III (11700500),"C/ Casimiro de Angulo, 19",Prado del Rey,Cádiz,11660,956709855
364,11500122,S.E.P. PRADO DEL REY (11500122),"C/ Bellavista, s/n",Prado del Rey,Cádiz,11660,956724229
365,11005691,C.E.I.P. SAGRADO CORAZÓN (11005691),"C/ Martinetes, s/n",Puente Mayorga,Cádiz,11313,956670792
366,11007511,C.E.I.P. EL TROCADERO (11007511),"C/ La Caña, 9",Puerto Real,Cádiz,11510,956243590
367,11004684,C.E.I.P. JUAN XXIII (11004684),"Urb. las Canteras, s/n",Puerto Real,Cádiz,11510,956243736
368,11004659,C.E.I.P. REGGIO (11004659),"C/ Virgen del Carmen, s/n",Puerto Real,Cádiz,11510,956243149
369,11004660,C.E.I.P. REYES CATÓLICOS (11004660),"Otros Huerta la Mediana, s/n",Puerto Real,Cádiz,11510,956243734
370,11500407,C.E.PER. INSPECTOR FRANCISCO POVEDA DÍAZ (11500407),"Plaza de la Jarcia, s/n",Puerto Real,Cádiz,11510,956835409
371,11008011,C.E.PR. ARQUITECTO LEOZ (11008011),"C/ Algodonales, s/n",Puerto Real,Cádiz,11510,956243603
372,11012863,E.I. ELVIRA LINDO (11012863),"C/ Vejer, s/n",Puerto Real,Cádiz,11510,671566587
373,11008173,E.I. TIERRA Y LIBERTAD (11008173),"C/ Tierra y Libertad, 10",Puerto Real,Cádiz,11510,956243376
374,11700718,I.E.S. LA JARCIA (11700718),"C/ Ribera del Muelle, s/n",Puerto Real,Cádiz,11510,956243509
375,11004672,I.E.S. MANUEL DE FALLA (11004672),"Avda. Palestina, s/n",Puerto Real,Cádiz,11510,671531227
376,11700433,I.E.S. PROFESOR ANTONIO MURO (11700433),"C/ Séneca, s/n",Puerto Real,Cádiz,11510,956243998
377,11004696,I.E.S. VIRGEN DEL CARMEN (11004696),"Paseo María Auxiliadora, s/n",Puerto Real,Cádiz,11510,956243741
378,11004738,C.E.I.P. BLAS INFANTE (11004738),"Avda. de las Escuelas, s/n",Puerto Serrano,Cádiz,11659,956128549
379,11007089,C.E.I.P. ESCUELAS VERDES (11007089),"Avda. de las Escuelas, s/n",Puerto Serrano,Cádiz,11659,956128925
380,11700640,I.E.S. VÍA VERDE (11700640),"C/ Instituto, 2",Puerto Serrano,Cádiz,11659,956128553
381,11500092,S.E.P. LA TOLETA (11500092),"C/ de las Escuelas, s/n",Puerto Serrano,Cádiz,11659,665676457
382,11602885,C.E.PR. RÍO SAN PEDRO (11602885),"Avda. de Argentina, s/n",Río San Pedro,Cádiz,11519,956243618
383,11011688,E.I. VIENTO DEL SUR (11011688),"C/ Botavara, s/n. Bda. Río San Pedr",Río San Pedro,Cádiz,11519,956478151
384,11701231,I.E.S. LA ALGAIDA (11701231),"C/ Jamaica, 2",Río San Pedro,Cádiz,11519,956243658
385,11602848,C.E.I.P. EL COLORADO (11602848),"Pago El Colorado, s/n",Roche,Cádiz,11149,956459749
386,11701036,I.E.S. ROCHE (11701036),"Pago El Colorado, s/n",Roche,Cádiz,11149,956459624
387,11004805,C.E.I.P. AZORÍN (11004805),"C/ Crucero Baleares, 2",Rota,Cádiz,11520,956243547
388,11004854,C.E.I.P. LUIS PONCE DE LEÓN (11004854),"C/ Juan Sebastián Elcano, 2",Rota,Cádiz,11520,956243549
389,11007090,C.E.I.P. MAESTRO EDUARDO LOBILLO (11007090),"C/ Neptuno, 4",Rota,Cádiz,11520,956243702
390,11004775,C.E.I.P. PEDRO ANTONIO DE ALARCÓN (11004775),"C/ San Antonio, 4",Rota,Cádiz,11520,956243545
391,11004829,C.E.I.P. SAN JOSÉ DE CALASANZ (11004829),"C/ Inmaculada Concepción, 6",Rota,Cádiz,11520,956243905
392,11007533,I.E.S. ARROYO HONDO (11007533),"C/ Maestro Manuel J. Casal Egea, 2",Rota,Cádiz,11520,956243253
393,11701164,I.E.S. ASTAROTH (11701164),"C/ Santo Domingo de Guzmán, 2",Rota,Cádiz,11520,956243768
394,11004866,I.E.S. CASTILLO DE LUNA (11004866),"C/ Navalcán, s/n",Rota,Cádiz,11520,956243552
395,11500249,S.E.P. BAIFORA (11500249),"C/ Lora del Río, s/n",Rota,Cádiz,11520,956243269
396,11007651,C.E.I.P. BARBÉSULA (11007651),"C/ Durazno, s/n",San Enrique,Cádiz,11312,956670706
397,11005135,C.E.I.P. ALMIRANTE LAULHE (11005135),"C/ General García de la Herranz, 24",San Fernando,Cádiz,11100,956243566
398,11007260,C.E.I.P. ARQUITECTO LEOZ (11007260),"C/ Duque de Arcos, s/n. Bda. Blas I",San Fernando,Cádiz,11100,956243280
399,11006619,C.E.I.P. CAMPOSOTO (11006619),"C/ González de la Torre, s/n",San Fernando,Cádiz,11100,956243442
400,11004911,C.E.I.P. CASERÍA DE OSSIO (11004911),"C/ Magallanes, 21",San Fernando,Cádiz,11100,956243561
401,11004982,C.E.I.P. CECILIO PUJAZÓN (11004982),"C/ Felipe II, s/n. Bda. Carlos III",San Fernando,Cádiz,11100,956243797
402,11603373,C.E.I.P. ERYTHEIA (11603373),"C/ Pintor Hernández Homedes, s/n",San Fernando,Cádiz,11100,956243683
403,11005317,C.E.I.P. JUAN DÍAZ DE SOLÍS (11005317),"Avda. de la Armada, s/n. Población",San Fernando,Cádiz,11100,956243402
404,11004210,C.E.I.P. JUAN SEBASTIÁN ELCANO (11004210),"C/ Rías Bajas, s/n",San Fernando,Cádiz,11100,956243147
405,11005263,C.E.I.P. LA ARDILA (11005263),"Avda. Pery Junquera, s/n",San Fernando,Cádiz,11100,956243117
406,11602629,C.E.I.P. LA CONSTITUCIÓN (11602629),"Avda. La Constitución de 1978, s/n",San Fernando,Cádiz,11100,956243612
407,11007740,C.E.I.P. LAS CORTES (11007740),"C/ Santa Bárbara, 1",San Fernando,Cádiz,11100,956243600
408,11603038,C.E.I.P. LOS ESTEROS (11603038),"C/ Nautilus, s/n. Bda. Bazán",San Fernando,Cádiz,11100,671565219
409,11004908,C.E.I.P. MANUEL DE FALLA (11004908),"C/ Malaspina, s/n",San Fernando,Cádiz,11100,956243559
410,11007272,C.E.I.P. PADRE JOSÉ CASAL CARRILLO (11007272),"C/ General Pujales, s/n",San Fernando,Cádiz,11100,956243585
411,11603051,C.E.I.P. PUENTE ZUAZO (11603051),"C/ Gonzalo de Córdoba, 4",San Fernando,Cádiz,11100,956243627
412,11005160,C.E.I.P. QUINTANILLA (11005160),"C/ Florencio Montojo, 1",San Fernando,Cádiz,11100,956243569
413,11603270,C.E.I.P. RAIMUNDO RIVERO (11603270),"C/ Candray, s/n",San Fernando,Cádiz,11100,956243630
414,11004970,C.E.I.P. REINA DE LA PAZ (11004970),"C/ Candray, s/n",San Fernando,Cádiz,11100,956243565
415,11007223,C.E.I.P. SAN IGNACIO (11007223),"C/ Jesús de los Afligidos, 18",San Fernando,Cádiz,11100,956243581
416,11006383,C.E.I.P. SERVANDO CAMÚÑEZ (11006383),"C/ La Rábida, s/n. Bda. Cayetano Ro",San Fernando,Cádiz,11100,956243933
417,11005329,C.E.I.P. VICENTE TOFIÑO (11005329),"Ctra. de la Carraca, s/n",San Fernando,Cádiz,11100,956243405
418,11700469,C.E.M. CHELISTA RUIZ CASAUX (11700469),"C/ Muñoz Torrero, s/n",San Fernando,Cádiz,11100,956243123
419,11500419,C.E.PER. MARÍA ZAMBRANO (11500419),Plaza San José s/n,San Fernando,Cádiz,11100,956944279
420,11009487,C.P.I.F.P. MARÍTIMO ZAPORITO (11009487),"Paseo de La Magdalena, s/n",San Fernando,Cádiz,11100,956243449
421,11001105,E.M.D. (11001105),"C/ General García de la Herranz, 24",San Fernando,Cádiz,11100,956894167
422,11700639,E.O.I. SAN FERNANDO (11700639),"Avda. Duque de Arcos, 11",San Fernando,Cádiz,11100,956243282
423,11700721,I.E.S. BLAS INFANTE (11700721),"Bda. Blas Infante, s/n",San Fernando,Cádiz,11100,956243644
424,11002651,I.E.S. BOTÁNICO (11002651),"C/ Drago, s/n. Bda. Cayetano Roldán",San Fernando,Cádiz,11100,600141697
425,11005241,I.E.S. ISLA DE LEÓN (11005241),"Ctra. Carraca, s/n",San Fernando,Cádiz,11100,671530761
426,11700512,I.E.S. JORGE JUAN (11700512),"Avda. Duque de Arcos, 11",San Fernando,Cádiz,11100,956243374
427,11700147,I.E.S. LA BAHÍA (11700147),"Avda. Constitución, s/n",San Fernando,Cádiz,11100,956243676
428,11005275,I.E.S. LAS SALINAS (11005275),"Avda. Al-Andalus, s/n",San Fernando,Cádiz,11100,956243380
429,11008239,I.E.S. SANCTI PETRI (11008239),"Polígono La Magdalena, s/n",San Fernando,Cádiz,11100,956243610
430,11005287,I.E.S. WENCESLAO BENÍTEZ (11005287),"Avda. de la Armada, s/n. Apto. corr",San Fernando,Cádiz,11100,671533395
431,11003503,C.E.I.P. LA ARBOLEDA (11003503),"C/ Norte, s/n",San Isidro del Guadalete,Cádiz,11594,856811535
432,11003515,C.E.I.P. ERNESTO OLIVARES (11003515),"C/ Merced, 7",San José del Valle,Cádiz,11580,856811500
433,11701048,I.E.S. CASTILLO DE TEMPUL (11701048),"C/ Pino, s/n",San José del Valle,Cádiz,11580,856811860
434,11500298,S.E.P. EL MIMBRAL (11500298),"C/ Merced, 7",San José del Valle,Cádiz,11580,856811708
435,11003655,C.E.I.P. JOSÉ LUIS SÁNCHEZ (11003655),"C/ Túnel, 23",San Martín del Tesorillo,Cádiz,11340,956670918
436,11700779,I.E.S. AZAHAR (11700779),"C/ Córdoba, s/n",San Martín del Tesorillo,Cádiz,11340,956670255
437,11003667,C.E.I.P. CRISTO REY (11003667),"Cmo. Cerejana, s/n",San Pablo de Buceite,Cádiz,11320,956670138
438,11602903,C.E.I.P. CARTEIA (11602903),"C/ La Ermita, s/n",San Roque,Cádiz,11360,956670778
439,11603555,C.E.I.P. MAESTRO APOLINAR (11603555),"C/ Cayo Antonio Prieto, s/n",San Roque,Cádiz,11360,956670166
440,11007181,C.E.I.P. MAESTRO GABRIEL ARENAS (11007181),"Avda. Castiella, 10",San Roque,Cádiz,11360,956670830
441,11005718,C.E.I.P. SANTA MARÍA CORONADA (11005718),"Avda. Velázquez, s/n",San Roque,Cádiz,11360,956670973
442,11500596,C.E.PER. ALBALATE (11500596),"C/ Almoraima, 15",San Roque,Cádiz,11360,956670276
443,11700081,E.O.I. SAN ROQUE (11700081),"Plaza de las Constituciones, s/n, P",San Roque,Cádiz,11360,956670108
444,11007791,I.E.S. CARLOS CASTILLA DEL PINO (11007791),"Avda. Castiella, 5",San Roque,Cádiz,11360,956670838
445,11005743,I.E.S. ESCUELA DE HOSTELERÍA SAN ROQUE (11005743),Ctra. CA - 34. Km. 0. Cruce el Tori,San Roque,Cádiz,11360,956780158
446,11005755,I.E.S. JOSÉ CADALSO (11005755),"Avda. Castiella, s/n",San Roque,Cádiz,11360,671530634
447,11005500,C.E.I.P. ALBAICÍN (11005500),"C/ Gitanos, s/n",Sanlúcar de Barrameda,Cádiz,11540,956386925
448,11006796,C.E.I.P. BLAS INFANTE (11006796),"Avda. de la Constitución, s/n",Sanlúcar de Barrameda,Cádiz,11540,956386915
449,11007259,C.E.I.P. EL PICACHO (11007259),"Avda. Constitución, s/n",Sanlúcar de Barrameda,Cádiz,11540,956386500
450,11007326,C.E.I.P. EL PINO (11007326),"Avda. Huelva, s/n",Sanlúcar de Barrameda,Cádiz,11540,956386947
451,11005536,C.E.I.P. GUADALQUIVIR (11005536),"Avda. de las Piletas, 87",Sanlúcar de Barrameda,Cádiz,11540,956386928
452,11603634,C.E.I.P. LA DEHESILLA (11603634),"C/ Lentisco, s/n",Sanlúcar de Barrameda,Cádiz,11540,956386970
453,11005603,C.E.I.P. MAESTRA RAFAELA ZÁRATE (11005603),"Bda. Félix Rodríguez de la Fuente,",Sanlúcar de Barrameda,Cádiz,11540,956386934
454,11007171,C.E.I.P. MAESTRO JOSÉ SABIO (11007171),"Pago de San Jerónimo, s/n",Sanlúcar de Barrameda,Cádiz,11540,956386944
455,11005548,C.E.I.P. PRINCESA SOFÍA (11005548),"C/ Pío XII, 1",Sanlúcar de Barrameda,Cádiz,11540,956386931
456,11005411,C.E.I.P. QUINTA DE LA PAZ (11005411),"C/ Camino del Instituto, s/n",Sanlúcar de Barrameda,Cádiz,11540,956386923
457,11005421,C.E.I.P. VIRGEN DE LA CARIDAD (11005421),"C/ Manuel Barbadillo, s/n",Sanlúcar de Barrameda,Cádiz,11540,956386700
458,11603609,C.E.I.P. VISTA ALEGRE (11603609),"C/ Capitán, s/n",Sanlúcar de Barrameda,Cádiz,11540,956386967
459,11700238,C.E.M. JOAQUÍN TURINA (11700238),"C/ Almonte, 6",Sanlúcar de Barrameda,Cádiz,11540,956386560
460,11500213,C.E.PER. MARDELEVA (11500213),"C/ Camino del Instituto, s/n.",Sanlúcar de Barrameda,Cádiz,11540,956386986
461,11700871,I.E.S. BOTÁNICO (11700871),"Avda. Pozo de las Vacas, s/n. Finca",Sanlúcar de Barrameda,Cádiz,11540,956386993
462,11700196,I.E.S. CRISTÓBAL COLÓN (11700196),"Avda. de la Rondeña, s/n",Sanlúcar de Barrameda,Cádiz,11540,956386972
463,11005639,I.E.S. DOÑANA (11005639),"Avda. de Huelva, s/n",Sanlúcar de Barrameda,Cádiz,11540,956361514
464,11007685,I.E.S. EL PICACHO (11007685),"Avda. Constitución, s/n",Sanlúcar de Barrameda,Cádiz,11540,956386601
465,11005551,I.E.S. FRANCISCO PACHECO (11005551),"Avda. de Huelva, s/n",Sanlúcar de Barrameda,Cádiz,11540,956386902
466,11700615,I.E.S. JUAN SEBASTIÁN ELCANO (11700615),"Plaza Escritor Eduardo Mendicuti, s",Sanlúcar de Barrameda,Cádiz,11540,671531710
467,11701188,I.E.S. SAN LUCAS (11701188),"Avda. Bajo de Guía, 2",Sanlúcar de Barrameda,Cádiz,11540,956386552
468,11005780,C.E.I.P. VIRGEN DEL CARMEN (11005780),"Urb. El Almendral, s/n",Setenil de las Bodegas,Cádiz,11692,956128808
469,11701051,I.E.S. VILLA DE SETENIL (11701051),"C/ María Zambrano, 2",Setenil de las Bodegas,Cádiz,11692,956128840
470,11500043,S.E.P. LA VILLA (11500043),"C/ Plaza de la Villa, 12",Setenil de las Bodegas,Cádiz,11692,956128666
471,11603154,C.P.R. CAMPIÑA DE TARIFA (11603154),"C/ Real, s/n",Tahivilla,Cádiz,11392,667406344
472,11005779,C.E.I.P. TARAGUILLA (11005779),"Plaza de las Flores, s/n",Taraguilla,Cádiz,11369,956670985
473,11701061,I.E.S. MAR DEL SUR (11701061),C/ Polígono Industrial de Taraguill,Taraguilla,Cádiz,11369,956670724
474,11005962,C.E.I.P. GUZMÁN EL BUENO (11005962),"C/ Regimiento de Infantería ""Álava",Tarifa,Cádiz,11380,956459610
475,11007120,C.E.I.P. NTRA. SRA. DE LA LUZ (11007120),"Plaza Playa de los Lances, s/n",Tarifa,Cádiz,11380,956670143
476,11007107,C.E.I.P. VIRGEN DEL SOL (11007107),"C/ Algeciras, s/n",Tarifa,Cádiz,11380,956459902
477,11700585,I.E.S. ALMADRABA (11700585),"C/ Diego Piñero Moreno, 1",Tarifa,Cádiz,11380,956670260
478,11700731,I.E.S. BAELO CLAUDIA (11700731),"C/ Los Lances, s/n",Tarifa,Cádiz,11380,956670180
479,11500572,S.E.P. TARIFA (11500572),"Plaza De Santa María, 2 (Edificio E",Tarifa,Cádiz,11380,647496828
480,11603506,C.P.R. LAGUNA DE MEDINA (11603506),"C/ Fórmula, s/n",Torre Melgajero,Cádiz,11592,856811665
481,11006012,C.E.I.P. SAGRADO CORAZÓN DE JESÚS (11006012),"C/ El Tejar, s/n",Torre-Alháquime,Cádiz,11691,956128809
482,11500021,S.E.P. AIHAQUEM (11500021),"C/ Cerro de la Cruz, 6",Torre-Alháquime,Cádiz,11691,956128642
483,11003591,C.E.I.P. TORRECERA (11003591),"C/ Artesanía y Toriles, s/n",Torrecera,Cádiz,11595,856811605
484,11500331,S.E.P. TORRECERA (11500331),"C/ Artesanía y Toriles, s/n",Torrecera,Cádiz,11595,671592017
485,11007132,C.E.I.P. ANTONIO BRIANTE CARO (11007132),"C/ García Caparrós, 12",Trebujena,Cádiz,11560,856811991
486,11006024,C.E.I.P. BLAS INFANTE (11006024),"Plaza Antonio Cañada, 2",Trebujena,Cádiz,11560,600148922
487,11001233,E.M.M. (11001233),"Plaza Antonio Cañadas, 2",Trebujena,Cádiz,11560,956395028
488,11700159,I.E.S. ALVENTUS (11700159),"Ronda de Palomares, 17",Trebujena,Cádiz,11560,856811850
489,11500237,S.E.P. ALMIJAR (11500237),"C/ 28 de Febrero, 7",Trebujena,Cádiz,11560,856811557
490,11006061,C.E.I.P. BENAFELIX (11006061),"Avda. Juan de la Rosa, s/n",Ubrique,Cádiz,11600,956128940
491,11008033,C.E.I.P. FERNANDO GAVILÁN (11008033),"Avda. Herrera Oria, s/n",Ubrique,Cádiz,11600,956128801
492,11603075,C.E.I.P. RAMÓN CROSSA (11603075),"Bda. El Rincón, s/n",Ubrique,Cádiz,11600,956128900
493,11006085,C.E.I.P. REINA SOFÍA (11006085),"Plaza Virgen de la Estrella, s/n",Ubrique,Cádiz,11600,956128943
494,11006048,C.E.I.P. VÍCTOR DE LA SERNA Y ESPINA (11006048),"C/ Doctor Herrero Arenas, 10",Ubrique,Cádiz,11600,956128938
495,11500161,C.E.PER. SIETE VILLAS (11500161),"C/ Ingeniero Romero Carrasco, 36",Ubrique,Cádiz,11600,956128693
496,11710013,E.M.M. MAESTRO JUAN CHACÓN (11710013),"C/ Menéndez Pidal, s/n",Ubrique,Cádiz,11600,956463806
497,11006693,I.E.S. LAS CUMBRES (11006693),"C/ Las Cumbres, s/n. Apdo. 38",Ubrique,Cádiz,11600,697951066
498,11700858,I.E.S. MAESTRO FRANCISCO FATOU (11700858),"C/ Menéndez Pidal, 1",Ubrique,Cádiz,11600,956128917
499,11006681,I.E.S. NTRA. SRA. DE LOS REMEDIOS (11006681),"Avda. Herrera Oria, s/n",Ubrique,Cádiz,11600,956128903
500,11006474,C.E.I.P. LOS MOLINOS (11006474),"Avda. de Andalucía, s/n. La Ereta",Vejer de la Frontera,Cádiz,11150,956459587
501,11006449,C.E.I.P. NTRA. SRA. DE LA OLIVA (11006449),"Avda. San Miguel, 33",Vejer de la Frontera,Cádiz,11150,956459583
502,11700597,I.E.S. LA JANDA (11700597),"C/ Zafra, s/n",Vejer de la Frontera,Cádiz,11150,956459595
503,11500481,S.E.P. HAZAS DE SUERTE (11500481),"C/ Molinero, s/n",Vejer de la Frontera,Cádiz,11150,956459620
504,11006255,C.E.I.P. PROFESOR GÁLVEZ (11006255),"C/ Obispo Pérez González, 3",Villaluenga del Rosario,Cádiz,11611,956128662
505,11500183,S.E.P. VILLALUENGA DEL ROSARIO (11500183),C/ Real N.º 21,Villaluenga del Rosario,Cádiz,11611,956128697
506,11008306,C.E.E.E. PUEBLOS BLANCOS (11008306),"Ctra. Jerez-Antequera, s/n",Villamartín,Cádiz,11650,956709624
507,11006279,C.E.I.P. ELIO ANTONIO DE NEBRIJA (11006279),"Plaza de Andalucía, s/n",Villamartín,Cádiz,11650,956709945
508,11006280,C.E.I.P. NTRA. SRA. DE LAS MONTAÑAS (11006280),"C/ Virgen de las Montañas, 19",Villamartín,Cádiz,11650,956709900
509,11007764,C.E.I.P. TORREVIEJA (11007764),"Bda. Torrevieja, 17",Villamartín,Cádiz,11650,956709807
510,11007545,I.E.S. CASTILLO DE MATRERA (11007545),"C/ Sevilla, 16",Villamartín,Cádiz,11650,671533701
511,11700743,I.E.S. LA LOMA (11700743),"C/ Consolación, 67",Villamartín,Cádiz,11650,956709824
512,11500080,S.E.P. VILLAMARTÍN (11500080),"C/ Encrucijada, 26",Villamartín,Cádiz,11650,956709691
513,11006358,C.E.I.P. MAESTRO JUAN MARÍA MARÍN (11006358),"C/ Las Películas, s/n",Zahara,Cádiz,11688,956128812
514,11500079,S.E.P. CASTILLO DE ZAHARA (11500079),"C/ Lagunetas, nº23",Zahara,Cádiz,11688,956139004
515,11000851,C.E.I.P. MIGUEL DE CERVANTES (11000851),"C/ Cervantes, 12",Zahara de los Atunes,Cádiz,11393,956459674
516,11004601,C.P.R. ALMENARA (11004601),"C/ Zahora, s/n",Zahora,Cádiz,11159,956459811